ISO-10303-21;
HEADER;
FILE_DESCRIPTION(('Open CASCADE Model'),'2;1');
FILE_NAME('Open CASCADE Shape Model','2026-09-06T12:25:11',('Author'),(
    'Open CASCADE'),'Open CASCADE STEP processor 7.7','Open CASCADE 7.7'
  ,'Unknown');
FILE_SCHEMA(('AUTOMOTIVE_DESIGN { 1 0 10303 214 1 1 1 1 }'));
ENDSEC;
DATA;
#1 = APPLICATION_PROTOCOL_DEFINITION('international standard',
  'automotive_design',2000,#2);
#2 = APPLICATION_CONTEXT(
  'core data for automotive mechanical design processes');
#3 = SHAPE_DEFINITION_REPRESENTATION(#4,#10);
#4 = PRODUCT_DEFINITION_SHAPE('','',#5);
#5 = PRODUCT_DEFINITION('design','',#6,#9);
#6 = PRODUCT_DEFINITION_FORMATION('','',#7);
#7 = PRODUCT('Open CASCADE STEP translator 7.7 2',
  'Open CASCADE STEP translator 7.7 2','',(#8));
#8 = PRODUCT_CONTEXT('',#2,'mechanical');
#9 = PRODUCT_DEFINITION_CONTEXT('part definition',#2,'design');
#10 = ADVANCED_BREP_SHAPE_REPRESENTATION('',(#11,#15),#12251);
#11 = AXIS2_PLACEMENT_3D('',#12,#13,#14);
#12 = CARTESIAN_POINT('',(0.,0.,0.));
#13 = DIRECTION('',(0.,0.,1.));
#14 = DIRECTION('',(1.,0.,-0.));
#15 = MANIFOLD_SOLID_BREP('',#16);
#16 = CLOSED_SHELL('',(#17,#469,#626,#1337,#1485,#1626,#1821,#2541,#2623
    ,#2784,#2860,#3028,#3279,#3413,#3488,#3542,#3912,#4017,#4066,#4120,
    #4241,#4317,#4399,#4475,#4713,#5172,#5349,#5396,#5516,#5665,#5746,
    #5878,#5959,#6091,#6172,#6299,#6353,#6426,#6480,#6553,#6607,#6680,
    #6734,#6807,#6885,#7014,#7131,#7158,#7186,#7268,#7315,#7322,#7329,
    #7588,#7637,#7665,#7714,#7797,#7844,#7871,#7878,#7904,#7930,#8007,
    #8054,#8131,#8186,#8193,#8220,#8247,#8254,#8260,#8337,#8384,#8462,
    #8490,#8498,#8525,#8552,#8559,#8565,#8687,#8861,#8961,#9056,#9156,
    #9205,#9312,#9407,#9461,#9518,#9546,#9573,#9600,#9607,#9656,#9762,
    #9801,#9907,#9946,#9997,#10030,#10089,#10122,#10149,#10176,#10208,
    #10267,#10299,#10358,#10381,#10416,#10452,#10488,#10523,#10573,
    #10623,#10722,#10772,#10822,#10829,#10929,#10978,#11005,#11032,
    #11164,#11191,#11218,#11272,#11321,#11375,#11424,#11478,#11527,
    #11581,#11630,#11657,#11791,#11913,#11961,#12018,#12059,#12066,
    #12093,#12228,#12238));
#17 = ADVANCED_FACE('',(#18),#33,.T.);
#18 = FACE_BOUND('',#19,.T.);
#19 = EDGE_LOOP('',(#20,#82,#110,#165,#193,#221,#249,#277,#305,#360,#388
    ,#443));
#20 = ORIENTED_EDGE('',*,*,#21,.T.);
#21 = EDGE_CURVE('',#22,#24,#26,.T.);
#22 = VERTEX_POINT('',#23);
#23 = CARTESIAN_POINT('',(-1.7,31.684585274359,-0.45));
#24 = VERTEX_POINT('',#25);
#25 = CARTESIAN_POINT('',(-1.55,32.629307455744,-0.6));
#26 = SURFACE_CURVE('',#27,(#32,#48),.PCURVE_S1.);
#27 = ELLIPSE('',#28,4.313351365238,3.05);
#28 = AXIS2_PLACEMENT_3D('',#29,#30,#31);
#29 = CARTESIAN_POINT('',(-4.6,32.629307455744,2.45));
#30 = DIRECTION('',(0.707106781187,6.204264193956E-17,0.707106781187));
#31 = DIRECTION('',(0.707106781187,-1.166308434985E-16,-0.707106781187)
  );
#32 = PCURVE('',#33,#38);
#33 = PLANE('',#34);
#34 = AXIS2_PLACEMENT_3D('',#35,#36,#37);
#35 = CARTESIAN_POINT('',(-0.9,13.49,-1.25));
#36 = DIRECTION('',(-0.707106781187,-6.204264193956E-17,-0.707106781187)
  );
#37 = DIRECTION('',(-0.707106781187,0.,0.707106781187));
#38 = DEFINITIONAL_REPRESENTATION('',(#39),#47);
#39 = ( BOUNDED_CURVE() B_SPLINE_CURVE(2,(#40,#41,#42,#43,#44,#45,#46),
.UNSPECIFIED.,.T.,.F.) B_SPLINE_CURVE_WITH_KNOTS((1,2,2,2,2,1),(
    -2.094395102393,0.,2.094395102393,4.188790204786,6.28318530718,
8.377580409573),.UNSPECIFIED.) CURVE() GEOMETRIC_REPRESENTATION_ITEM() 
RATIONAL_B_SPLINE_CURVE((1.,0.5,1.,0.5,1.,0.5,1.)) REPRESENTATION_ITEM(
  '') );
#40 = CARTESIAN_POINT('',(0.919238815543,19.139307455744));
#41 = CARTESIAN_POINT('',(0.919238815543,24.422062418829));
#42 = CARTESIAN_POINT('',(7.389265863399,21.780684937286));
#43 = CARTESIAN_POINT('',(13.859292911256,19.139307455744));
#44 = CARTESIAN_POINT('',(7.389265863399,16.497929974201));
#45 = CARTESIAN_POINT('',(0.919238815543,13.856552492659));
#46 = CARTESIAN_POINT('',(0.919238815543,19.139307455744));
#47 = ( GEOMETRIC_REPRESENTATION_CONTEXT(2) 
PARAMETRIC_REPRESENTATION_CONTEXT() REPRESENTATION_CONTEXT('2D SPACE',''
  ) );
#48 = PCURVE('',#49,#54);
#49 = CYLINDRICAL_SURFACE('',#50,3.05);
#50 = AXIS2_PLACEMENT_3D('',#51,#52,#53);
#51 = CARTESIAN_POINT('',(-1.899998853207,32.629307455744,2.45));
#52 = DIRECTION('',(1.,1.873501354055E-15,2.775557561563E-17));
#53 = DIRECTION('',(1.873667365532E-15,-0.999772884717,
    -2.131147540984E-02));
#54 = DEFINITIONAL_REPRESENTATION('',(#55),#81);
#55 = B_SPLINE_CURVE_WITH_KNOTS('',3,(#56,#57,#58,#59,#60,#61,#62,#63,
    #64,#65,#66,#67,#68,#69,#70,#71,#72,#73,#74,#75,#76,#77,#78,#79,#80)
  ,.UNSPECIFIED.,.F.,.F.,(4,1,1,1,1,1,1,1,1,1,1,1,1,1,1,1,1,1,1,1,1,1,4)
  ,(5.968260499776,5.982575263749,5.996890027722,6.011204791695,
    6.025519555668,6.039834319641,6.054149083614,6.068463847586,
    6.082778611559,6.097093375532,6.111408139505,6.125722903478,
    6.140037667451,6.154352431424,6.168667195397,6.182981959369,
    6.197296723342,6.211611487315,6.225926251288,6.240241015261,
    6.254555779234,6.268870543207,6.28318530718),.QUASI_UNIFORM_KNOTS.);
#56 = CARTESIAN_POINT('',(1.234558430448,0.199998853207));
#57 = CARTESIAN_POINT('',(1.239330018439,0.204506688424));
#58 = CARTESIAN_POINT('',(1.248873194421,0.21332423808));
#59 = CARTESIAN_POINT('',(1.263187958394,0.225953624475));
#60 = CARTESIAN_POINT('',(1.277502722367,0.237983448884));
#61 = CARTESIAN_POINT('',(1.291817486339,0.249411255939));
#62 = CARTESIAN_POINT('',(1.306132250312,0.260234701394));
#63 = CARTESIAN_POINT('',(1.320447014285,0.270451568121));
#64 = CARTESIAN_POINT('',(1.334761778258,0.280059762408));
#65 = CARTESIAN_POINT('',(1.349076542231,0.289057315498));
#66 = CARTESIAN_POINT('',(1.363391306204,0.297442383698));
#67 = CARTESIAN_POINT('',(1.377706070177,0.305213248837));
#68 = CARTESIAN_POINT('',(1.39202083415,0.312368318594));
#69 = CARTESIAN_POINT('',(1.406335598122,0.318906126832));
#70 = CARTESIAN_POINT('',(1.420650362095,0.324825333893));
#71 = CARTESIAN_POINT('',(1.434965126068,0.330124726881));
#72 = CARTESIAN_POINT('',(1.449279890041,0.334803219899));
#73 = CARTESIAN_POINT('',(1.463594654014,0.338859854295));
#74 = CARTESIAN_POINT('',(1.477909417987,0.342293798778));
#75 = CARTESIAN_POINT('',(1.49222418196,0.345104349894));
#76 = CARTESIAN_POINT('',(1.506538945933,0.347290931012));
#77 = CARTESIAN_POINT('',(1.520853709905,0.348853096786));
#78 = CARTESIAN_POINT('',(1.535168473878,0.349790517022));
#79 = CARTESIAN_POINT('',(1.54471164986,0.349998863877));
#80 = CARTESIAN_POINT('',(1.549483237851,0.349998853207));
#81 = ( GEOMETRIC_REPRESENTATION_CONTEXT(2) 
PARAMETRIC_REPRESENTATION_CONTEXT() REPRESENTATION_CONTEXT('2D SPACE',''
  ) );
#82 = ORIENTED_EDGE('',*,*,#83,.T.);
#83 = EDGE_CURVE('',#24,#84,#86,.T.);
#84 = VERTEX_POINT('',#85);
#85 = CARTESIAN_POINT('',(-1.55,39.72999985218,-0.6));
#86 = SURFACE_CURVE('',#87,(#91,#98),.PCURVE_S1.);
#87 = LINE('',#88,#89);
#88 = CARTESIAN_POINT('',(-1.55,23.059653727872,-0.6));
#89 = VECTOR('',#90,1.);
#90 = DIRECTION('',(1.901066822988E-17,1.,-1.067522139063E-16));
#91 = PCURVE('',#33,#92);
#92 = DEFINITIONAL_REPRESENTATION('',(#93),#97);
#93 = LINE('',#94,#95);
#94 = CARTESIAN_POINT('',(0.919238815543,9.569653727872));
#95 = VECTOR('',#96,1.);
#96 = DIRECTION('',(-8.892778678003E-17,1.));
#97 = ( GEOMETRIC_REPRESENTATION_CONTEXT(2) 
PARAMETRIC_REPRESENTATION_CONTEXT() REPRESENTATION_CONTEXT('2D SPACE',''
  ) );
#98 = PCURVE('',#99,#104);
#99 = PLANE('',#100);
#100 = AXIS2_PLACEMENT_3D('',#101,#102,#103);
#101 = CARTESIAN_POINT('',(-1.699998853207,37.480000157356,-0.6));
#102 = DIRECTION('',(2.775557561563E-17,1.102216608582E-16,-1.));
#103 = DIRECTION('',(1.762479051592E-15,-1.,-1.102216608582E-16));
#104 = DEFINITIONAL_REPRESENTATION('',(#105),#109);
#105 = LINE('',#106,#107);
#106 = CARTESIAN_POINT('',(14.420346429484,-0.149998853207));
#107 = VECTOR('',#108,1.);
#108 = DIRECTION('',(-1.,-1.781489719822E-15));
#109 = ( GEOMETRIC_REPRESENTATION_CONTEXT(2) 
PARAMETRIC_REPRESENTATION_CONTEXT() REPRESENTATION_CONTEXT('2D SPACE',''
  ) );
#110 = ORIENTED_EDGE('',*,*,#111,.T.);
#111 = EDGE_CURVE('',#84,#112,#114,.T.);
#112 = VERTEX_POINT('',#113);
#113 = CARTESIAN_POINT('',(-1.7,40.674722033565,-0.45));
#114 = SURFACE_CURVE('',#115,(#120,#131),.PCURVE_S1.);
#115 = ELLIPSE('',#116,4.313351365238,3.05);
#116 = AXIS2_PLACEMENT_3D('',#117,#118,#119);
#117 = CARTESIAN_POINT('',(-4.6,39.72999985218,2.45));
#118 = DIRECTION('',(0.707106781187,6.204264193956E-17,0.707106781187));
#119 = DIRECTION('',(0.707106781187,6.43480515854E-17,-0.707106781187));
#120 = PCURVE('',#33,#121);
#121 = DEFINITIONAL_REPRESENTATION('',(#122),#130);
#122 = ( BOUNDED_CURVE() B_SPLINE_CURVE(2,(#123,#124,#125,#126,#127,#128
,#129),.UNSPECIFIED.,.T.,.F.) B_SPLINE_CURVE_WITH_KNOTS((1,2,2,2,2,1),(
    -2.094395102393,0.,2.094395102393,4.188790204786,6.28318530718,
8.377580409573),.UNSPECIFIED.) CURVE() GEOMETRIC_REPRESENTATION_ITEM() 
RATIONAL_B_SPLINE_CURVE((1.,0.5,1.,0.5,1.,0.5,1.)) REPRESENTATION_ITEM(
  '') );
#123 = CARTESIAN_POINT('',(0.919238815543,26.23999985218));
#124 = CARTESIAN_POINT('',(0.919238815543,31.522754815266));
#125 = CARTESIAN_POINT('',(7.389265863399,28.881377333723));
#126 = CARTESIAN_POINT('',(13.859292911256,26.23999985218));
#127 = CARTESIAN_POINT('',(7.389265863399,23.598622370638));
#128 = CARTESIAN_POINT('',(0.919238815543,20.957244889095));
#129 = CARTESIAN_POINT('',(0.919238815543,26.23999985218));
#130 = ( GEOMETRIC_REPRESENTATION_CONTEXT(2) 
PARAMETRIC_REPRESENTATION_CONTEXT() REPRESENTATION_CONTEXT('2D SPACE',''
  ) );
#131 = PCURVE('',#132,#137);
#132 = CYLINDRICAL_SURFACE('',#133,3.05);
#133 = AXIS2_PLACEMENT_3D('',#134,#135,#136);
#134 = CARTESIAN_POINT('',(-1.7,39.72999985218,2.45));
#135 = DIRECTION('',(1.,-1.44444745829E-34,4.111945707834E-50));
#136 = DIRECTION('',(1.021378592825E-34,0.707106781187,0.707106781187));
#137 = DEFINITIONAL_REPRESENTATION('',(#138),#164);
#138 = B_SPLINE_CURVE_WITH_KNOTS('',3,(#139,#140,#141,#142,#143,#144,
    #145,#146,#147,#148,#149,#150,#151,#152,#153,#154,#155,#156,#157,
    #158,#159,#160,#161,#162,#163),.UNSPECIFIED.,.F.,.F.,(4,1,1,1,1,1,1,
    1,1,1,1,1,1,1,1,1,1,1,1,1,1,1,4),(0.,1.431476397288E-02,
    2.862952794575E-02,4.294429191863E-02,5.72590558915E-02,
    7.157381986438E-02,8.588858383726E-02,0.10020334781,0.114518111783,
    0.128832875756,0.143147639729,0.157462403702,0.171777167675,
    0.186091931647,0.20040669562,0.214721459593,0.229036223566,
    0.243350987539,0.257665751512,0.271980515485,0.286295279458,
    0.30061004343,0.314924807403),.QUASI_UNIFORM_KNOTS.);
#139 = CARTESIAN_POINT('',(3.926990816987,0.15));
#140 = CARTESIAN_POINT('',(3.931762404978,0.15000001067));
#141 = CARTESIAN_POINT('',(3.94130558096,0.149791663815));
#142 = CARTESIAN_POINT('',(3.955620344933,0.14885424358));
#143 = CARTESIAN_POINT('',(3.969935108906,0.147292077805));
#144 = CARTESIAN_POINT('',(3.984249872879,0.145105496687));
#145 = CARTESIAN_POINT('',(3.998564636852,0.142294945571));
#146 = CARTESIAN_POINT('',(4.012879400824,0.138861001089));
#147 = CARTESIAN_POINT('',(4.027194164797,0.134804366692));
#148 = CARTESIAN_POINT('',(4.04150892877,0.130125873675));
#149 = CARTESIAN_POINT('',(4.055823692743,0.124826480687));
#150 = CARTESIAN_POINT('',(4.070138456716,0.118907273625));
#151 = CARTESIAN_POINT('',(4.084453220689,0.112369465388));
#152 = CARTESIAN_POINT('',(4.098767984662,0.105214395631));
#153 = CARTESIAN_POINT('',(4.113082748635,9.744353049149E-02));
#154 = CARTESIAN_POINT('',(4.127397512608,8.905846229089E-02));
#155 = CARTESIAN_POINT('',(4.14171227658,8.006090920108E-02));
#156 = CARTESIAN_POINT('',(4.156027040553,7.045271491473E-02));
#157 = CARTESIAN_POINT('',(4.170341804526,6.023584818725E-02));
#158 = CARTESIAN_POINT('',(4.184656568499,4.941240273198E-02));
#159 = CARTESIAN_POINT('',(4.198971332472,3.798459567691E-02));
#160 = CARTESIAN_POINT('',(4.213286096445,2.595477126865E-02));
#161 = CARTESIAN_POINT('',(4.227600860418,1.332538487336E-02));
#162 = CARTESIAN_POINT('',(4.2371440364,4.507835217893E-03));
#163 = CARTESIAN_POINT('',(4.241915624391,-1.176836406103E-14));
#164 = ( GEOMETRIC_REPRESENTATION_CONTEXT(2) 
PARAMETRIC_REPRESENTATION_CONTEXT() REPRESENTATION_CONTEXT('2D SPACE',''
  ) );
#165 = ORIENTED_EDGE('',*,*,#166,.T.);
#166 = EDGE_CURVE('',#112,#167,#169,.T.);
#167 = VERTEX_POINT('',#168);
#168 = CARTESIAN_POINT('',(-1.7,42.06,-0.45));
#169 = SURFACE_CURVE('',#170,(#174,#181),.PCURVE_S1.);
#170 = LINE('',#171,#172);
#171 = CARTESIAN_POINT('',(-1.7,13.49,-0.45));
#172 = VECTOR('',#173,1.);
#173 = DIRECTION('',(-8.774154567638E-17,1.,0.));
#174 = PCURVE('',#33,#175);
#175 = DEFINITIONAL_REPRESENTATION('',(#176),#180);
#176 = LINE('',#177,#178);
#177 = CARTESIAN_POINT('',(1.131370849898,0.));
#178 = VECTOR('',#179,1.);
#179 = DIRECTION('',(6.204264193956E-17,1.));
#180 = ( GEOMETRIC_REPRESENTATION_CONTEXT(2) 
PARAMETRIC_REPRESENTATION_CONTEXT() REPRESENTATION_CONTEXT('2D SPACE',''
  ) );
#181 = PCURVE('',#182,#187);
#182 = PLANE('',#183);
#183 = AXIS2_PLACEMENT_3D('',#184,#185,#186);
#184 = CARTESIAN_POINT('',(-1.7,4.,-2.05));
#185 = DIRECTION('',(-1.,-8.774154567638E-17,0.));
#186 = DIRECTION('',(-8.774154567638E-17,1.,0.));
#187 = DEFINITIONAL_REPRESENTATION('',(#188),#192);
#188 = LINE('',#189,#190);
#189 = CARTESIAN_POINT('',(9.49,-1.6));
#190 = VECTOR('',#191,1.);
#191 = DIRECTION('',(1.,0.));
#192 = ( GEOMETRIC_REPRESENTATION_CONTEXT(2) 
PARAMETRIC_REPRESENTATION_CONTEXT() REPRESENTATION_CONTEXT('2D SPACE',''
  ) );
#193 = ORIENTED_EDGE('',*,*,#194,.F.);
#194 = EDGE_CURVE('',#195,#167,#197,.T.);
#195 = VERTEX_POINT('',#196);
#196 = CARTESIAN_POINT('',(-0.1,42.06,-2.05));
#197 = SURFACE_CURVE('',#198,(#202,#209),.PCURVE_S1.);
#198 = LINE('',#199,#200);
#199 = CARTESIAN_POINT('',(-0.1,42.06,-2.05));
#200 = VECTOR('',#201,1.);
#201 = DIRECTION('',(-0.707106781187,0.,0.707106781187));
#202 = PCURVE('',#33,#203);
#203 = DEFINITIONAL_REPRESENTATION('',(#204),#208);
#204 = LINE('',#205,#206);
#205 = CARTESIAN_POINT('',(-1.131370849898,28.57));
#206 = VECTOR('',#207,1.);
#207 = DIRECTION('',(1.,0.));
#208 = ( GEOMETRIC_REPRESENTATION_CONTEXT(2) 
PARAMETRIC_REPRESENTATION_CONTEXT() REPRESENTATION_CONTEXT('2D SPACE',''
  ) );
#209 = PCURVE('',#210,#215);
#210 = CONICAL_SURFACE('',#211,4.8,0.785398163397);
#211 = AXIS2_PLACEMENT_3D('',#212,#213,#214);
#212 = CARTESIAN_POINT('',(3.9,42.06,-1.25));
#213 = DIRECTION('',(0.,0.,1.));
#214 = DIRECTION('',(-0.707106781187,0.707106781187,0.));
#215 = DEFINITIONAL_REPRESENTATION('',(#216),#220);
#216 = LINE('',#217,#218);
#217 = CARTESIAN_POINT('',(0.785398163397,-0.8));
#218 = VECTOR('',#219,1.);
#219 = DIRECTION('',(0.,1.));
#220 = ( GEOMETRIC_REPRESENTATION_CONTEXT(2) 
PARAMETRIC_REPRESENTATION_CONTEXT() REPRESENTATION_CONTEXT('2D SPACE',''
  ) );
#221 = ORIENTED_EDGE('',*,*,#222,.T.);
#222 = EDGE_CURVE('',#195,#223,#225,.T.);
#223 = VERTEX_POINT('',#224);
#224 = CARTESIAN_POINT('',(-0.1,3.9,-2.05));
#225 = SURFACE_CURVE('',#226,(#230,#237),.PCURVE_S1.);
#226 = LINE('',#227,#228);
#227 = CARTESIAN_POINT('',(-0.1,13.49,-2.05));
#228 = VECTOR('',#229,1.);
#229 = DIRECTION('',(8.774154567638E-17,-1.,0.));
#230 = PCURVE('',#33,#231);
#231 = DEFINITIONAL_REPRESENTATION('',(#232),#236);
#232 = LINE('',#233,#234);
#233 = CARTESIAN_POINT('',(-1.131370849898,1.232595164408E-32));
#234 = VECTOR('',#235,1.);
#235 = DIRECTION('',(-6.204264193956E-17,-1.));
#236 = ( GEOMETRIC_REPRESENTATION_CONTEXT(2) 
PARAMETRIC_REPRESENTATION_CONTEXT() REPRESENTATION_CONTEXT('2D SPACE',''
  ) );
#237 = PCURVE('',#238,#243);
#238 = PLANE('',#239);
#239 = AXIS2_PLACEMENT_3D('',#240,#241,#242);
#240 = CARTESIAN_POINT('',(16.9,22.98,-2.05));
#241 = DIRECTION('',(0.,0.,1.));
#242 = DIRECTION('',(-1.,0.,0.));
#243 = DEFINITIONAL_REPRESENTATION('',(#244),#248);
#244 = LINE('',#245,#246);
#245 = CARTESIAN_POINT('',(17.,9.49));
#246 = VECTOR('',#247,1.);
#247 = DIRECTION('',(-8.774154567638E-17,1.));
#248 = ( GEOMETRIC_REPRESENTATION_CONTEXT(2) 
PARAMETRIC_REPRESENTATION_CONTEXT() REPRESENTATION_CONTEXT('2D SPACE',''
  ) );
#249 = ORIENTED_EDGE('',*,*,#250,.T.);
#250 = EDGE_CURVE('',#223,#251,#253,.T.);
#251 = VERTEX_POINT('',#252);
#252 = CARTESIAN_POINT('',(-1.7,3.9,-0.45));
#253 = SURFACE_CURVE('',#254,(#258,#265),.PCURVE_S1.);
#254 = LINE('',#255,#256);
#255 = CARTESIAN_POINT('',(-0.1,3.9,-2.05));
#256 = VECTOR('',#257,1.);
#257 = DIRECTION('',(-0.707106781187,-2.453269466693E-16,0.707106781187)
  );
#258 = PCURVE('',#33,#259);
#259 = DEFINITIONAL_REPRESENTATION('',(#260),#264);
#260 = LINE('',#261,#262);
#261 = CARTESIAN_POINT('',(-1.131370849898,-9.59));
#262 = VECTOR('',#263,1.);
#263 = DIRECTION('',(1.,-2.453269466693E-16));
#264 = ( GEOMETRIC_REPRESENTATION_CONTEXT(2) 
PARAMETRIC_REPRESENTATION_CONTEXT() REPRESENTATION_CONTEXT('2D SPACE',''
  ) );
#265 = PCURVE('',#266,#271);
#266 = CONICAL_SURFACE('',#267,4.8,0.785398163397);
#267 = AXIS2_PLACEMENT_3D('',#268,#269,#270);
#268 = CARTESIAN_POINT('',(3.9,3.9,-1.25));
#269 = DIRECTION('',(0.,0.,1.));
#270 = DIRECTION('',(-0.707106781187,-0.707106781187,0.));
#271 = DEFINITIONAL_REPRESENTATION('',(#272),#276);
#272 = LINE('',#273,#274);
#273 = CARTESIAN_POINT('',(5.497787143782,-0.8));
#274 = VECTOR('',#275,1.);
#275 = DIRECTION('',(0.,1.));
#276 = ( GEOMETRIC_REPRESENTATION_CONTEXT(2) 
PARAMETRIC_REPRESENTATION_CONTEXT() REPRESENTATION_CONTEXT('2D SPACE',''
  ) );
#277 = ORIENTED_EDGE('',*,*,#278,.T.);
#278 = EDGE_CURVE('',#251,#279,#281,.T.);
#279 = VERTEX_POINT('',#280);
#280 = CARTESIAN_POINT('',(-1.7,5.284584821364,-0.45));
#281 = SURFACE_CURVE('',#282,(#286,#293),.PCURVE_S1.);
#282 = LINE('',#283,#284);
#283 = CARTESIAN_POINT('',(-1.7,13.49,-0.45));
#284 = VECTOR('',#285,1.);
#285 = DIRECTION('',(-8.774154567638E-17,1.,0.));
#286 = PCURVE('',#33,#287);
#287 = DEFINITIONAL_REPRESENTATION('',(#288),#292);
#288 = LINE('',#289,#290);
#289 = CARTESIAN_POINT('',(1.131370849898,0.));
#290 = VECTOR('',#291,1.);
#291 = DIRECTION('',(6.204264193956E-17,1.));
#292 = ( GEOMETRIC_REPRESENTATION_CONTEXT(2) 
PARAMETRIC_REPRESENTATION_CONTEXT() REPRESENTATION_CONTEXT('2D SPACE',''
  ) );
#293 = PCURVE('',#294,#299);
#294 = PLANE('',#295);
#295 = AXIS2_PLACEMENT_3D('',#296,#297,#298);
#296 = CARTESIAN_POINT('',(-1.7,4.,-2.05));
#297 = DIRECTION('',(-1.,-8.774154567638E-17,0.));
#298 = DIRECTION('',(-8.774154567638E-17,1.,0.));
#299 = DEFINITIONAL_REPRESENTATION('',(#300),#304);
#300 = LINE('',#301,#302);
#301 = CARTESIAN_POINT('',(9.49,-1.6));
#302 = VECTOR('',#303,1.);
#303 = DIRECTION('',(1.,0.));
#304 = ( GEOMETRIC_REPRESENTATION_CONTEXT(2) 
PARAMETRIC_REPRESENTATION_CONTEXT() REPRESENTATION_CONTEXT('2D SPACE',''
  ) );
#305 = ORIENTED_EDGE('',*,*,#306,.T.);
#306 = EDGE_CURVE('',#279,#307,#309,.T.);
#307 = VERTEX_POINT('',#308);
#308 = CARTESIAN_POINT('',(-1.55,6.229307002749,-0.6));
#309 = SURFACE_CURVE('',#310,(#315,#326),.PCURVE_S1.);
#310 = ELLIPSE('',#311,4.313351365238,3.05);
#311 = AXIS2_PLACEMENT_3D('',#312,#313,#314);
#312 = CARTESIAN_POINT('',(-4.6,6.229307002749,2.45));
#313 = DIRECTION('',(0.707106781187,6.204264193956E-17,0.707106781187));
#314 = DIRECTION('',(0.707106781187,3.032401930962E-15,-0.707106781187)
  );
#315 = PCURVE('',#33,#316);
#316 = DEFINITIONAL_REPRESENTATION('',(#317),#325);
#317 = ( BOUNDED_CURVE() B_SPLINE_CURVE(2,(#318,#319,#320,#321,#322,#323
,#324),.UNSPECIFIED.,.T.,.F.) B_SPLINE_CURVE_WITH_KNOTS((1,2,2,2,2,1),(
    -2.094395102393,0.,2.094395102393,4.188790204786,6.28318530718,
8.377580409573),.UNSPECIFIED.) CURVE() GEOMETRIC_REPRESENTATION_ITEM() 
RATIONAL_B_SPLINE_CURVE((1.,0.5,1.,0.5,1.,0.5,1.)) REPRESENTATION_ITEM(
  '') );
#318 = CARTESIAN_POINT('',(0.919238815543,-7.260692997251));
#319 = CARTESIAN_POINT('',(0.919238815543,-1.977938034166));
#320 = CARTESIAN_POINT('',(7.389265863399,-4.619315515709));
#321 = CARTESIAN_POINT('',(13.859292911256,-7.260692997251));
#322 = CARTESIAN_POINT('',(7.389265863399,-9.902070478794));
#323 = CARTESIAN_POINT('',(0.919238815543,-12.54344796033));
#324 = CARTESIAN_POINT('',(0.919238815543,-7.260692997251));
#325 = ( GEOMETRIC_REPRESENTATION_CONTEXT(2) 
PARAMETRIC_REPRESENTATION_CONTEXT() REPRESENTATION_CONTEXT('2D SPACE',''
  ) );
#326 = PCURVE('',#327,#332);
#327 = CYLINDRICAL_SURFACE('',#328,3.05);
#328 = AXIS2_PLACEMENT_3D('',#329,#330,#331);
#329 = CARTESIAN_POINT('',(-1.899998645782,6.229307002749,2.45));
#330 = DIRECTION('',(1.,1.873501354055E-15,1.387778780781E-17));
#331 = DIRECTION('',(1.873371609399E-15,-0.999772884717,
    -2.131147540984E-02));
#332 = DEFINITIONAL_REPRESENTATION('',(#333),#359);
#333 = B_SPLINE_CURVE_WITH_KNOTS('',3,(#334,#335,#336,#337,#338,#339,
    #340,#341,#342,#343,#344,#345,#346,#347,#348,#349,#350,#351,#352,
    #353,#354,#355,#356,#357,#358),.UNSPECIFIED.,.F.,.F.,(4,1,1,1,1,1,1,
    1,1,1,1,1,1,1,1,1,1,1,1,1,1,1,4),(5.968260499776,5.982575263749,
    5.996890027722,6.011204791695,6.025519555668,6.039834319641,
    6.054149083614,6.068463847586,6.082778611559,6.097093375532,
    6.111408139505,6.125722903478,6.140037667451,6.154352431424,
    6.168667195397,6.182981959369,6.197296723342,6.211611487315,
    6.225926251288,6.240241015261,6.254555779234,6.268870543207,
    6.28318530718),.QUASI_UNIFORM_KNOTS.);
#334 = CARTESIAN_POINT('',(1.234558430448,0.199998645782));
#335 = CARTESIAN_POINT('',(1.239330018439,0.204506481));
#336 = CARTESIAN_POINT('',(1.248873194421,0.213324030656));
#337 = CARTESIAN_POINT('',(1.263187958394,0.225953417051));
#338 = CARTESIAN_POINT('',(1.277502722367,0.237983241459));
#339 = CARTESIAN_POINT('',(1.291817486339,0.249411048514));
#340 = CARTESIAN_POINT('',(1.306132250312,0.26023449397));
#341 = CARTESIAN_POINT('',(1.320447014285,0.270451360697));
#342 = CARTESIAN_POINT('',(1.334761778258,0.280059554983));
#343 = CARTESIAN_POINT('',(1.349076542231,0.289057108073));
#344 = CARTESIAN_POINT('',(1.363391306204,0.297442176274));
#345 = CARTESIAN_POINT('',(1.377706070177,0.305213041413));
#346 = CARTESIAN_POINT('',(1.39202083415,0.31236811117));
#347 = CARTESIAN_POINT('',(1.406335598122,0.318905919407));
#348 = CARTESIAN_POINT('',(1.420650362095,0.324825126469));
#349 = CARTESIAN_POINT('',(1.434965126068,0.330124519457));
#350 = CARTESIAN_POINT('',(1.449279890041,0.334803012475));
#351 = CARTESIAN_POINT('',(1.463594654014,0.338859646871));
#352 = CARTESIAN_POINT('',(1.477909417987,0.342293591353));
#353 = CARTESIAN_POINT('',(1.49222418196,0.345104142469));
#354 = CARTESIAN_POINT('',(1.506538945933,0.347290723587));
#355 = CARTESIAN_POINT('',(1.520853709905,0.348852889362));
#356 = CARTESIAN_POINT('',(1.535168473878,0.349790309597));
#357 = CARTESIAN_POINT('',(1.54471164986,0.349998656453));
#358 = CARTESIAN_POINT('',(1.549483237851,0.349998645782));
#359 = ( GEOMETRIC_REPRESENTATION_CONTEXT(2) 
PARAMETRIC_REPRESENTATION_CONTEXT() REPRESENTATION_CONTEXT('2D SPACE',''
  ) );
#360 = ORIENTED_EDGE('',*,*,#361,.T.);
#361 = EDGE_CURVE('',#307,#362,#364,.T.);
#362 = VERTEX_POINT('',#363);
#363 = CARTESIAN_POINT('',(-1.55,13.329999704361,-0.6));
#364 = SURFACE_CURVE('',#365,(#369,#376),.PCURVE_S1.);
#365 = LINE('',#366,#367);
#366 = CARTESIAN_POINT('',(-1.55,9.859653501374,-0.6));
#367 = VECTOR('',#368,1.);
#368 = DIRECTION('',(-1.979632065346E-16,1.,1.102216608582E-16));
#369 = PCURVE('',#33,#370);
#370 = DEFINITIONAL_REPRESENTATION('',(#371),#375);
#371 = LINE('',#372,#373);
#372 = CARTESIAN_POINT('',(0.919238815543,-3.630346498626));
#373 = VECTOR('',#374,1.);
#374 = DIRECTION('',(2.179196095925E-16,1.));
#375 = ( GEOMETRIC_REPRESENTATION_CONTEXT(2) 
PARAMETRIC_REPRESENTATION_CONTEXT() REPRESENTATION_CONTEXT('2D SPACE',''
  ) );
#376 = PCURVE('',#377,#382);
#377 = PLANE('',#378);
#378 = AXIS2_PLACEMENT_3D('',#379,#380,#381);
#379 = CARTESIAN_POINT('',(-1.699998645782,11.079999704361,-0.6));
#380 = DIRECTION('',(1.387778780781E-17,1.102216608582E-16,-1.));
#381 = DIRECTION('',(1.762479051592E-15,-1.,-1.102216608582E-16));
#382 = DEFINITIONAL_REPRESENTATION('',(#383),#387);
#383 = LINE('',#384,#385);
#384 = CARTESIAN_POINT('',(1.220346202987,-0.149998645782));
#385 = VECTOR('',#386,1.);
#386 = DIRECTION('',(-1.,-1.564515845058E-15));
#387 = ( GEOMETRIC_REPRESENTATION_CONTEXT(2) 
PARAMETRIC_REPRESENTATION_CONTEXT() REPRESENTATION_CONTEXT('2D SPACE',''
  ) );
#388 = ORIENTED_EDGE('',*,*,#389,.T.);
#389 = EDGE_CURVE('',#362,#390,#392,.T.);
#390 = VERTEX_POINT('',#391);
#391 = CARTESIAN_POINT('',(-1.7,14.274721885746,-0.45));
#392 = SURFACE_CURVE('',#393,(#398,#409),.PCURVE_S1.);
#393 = ELLIPSE('',#394,4.313351365238,3.05);
#394 = AXIS2_PLACEMENT_3D('',#395,#396,#397);
#395 = CARTESIAN_POINT('',(-4.6,13.329999704361,2.45));
#396 = DIRECTION('',(0.707106781187,6.204264193956E-17,0.707106781187));
#397 = DIRECTION('',(0.707106781187,3.088706476099E-15,-0.707106781187)
  );
#398 = PCURVE('',#33,#399);
#399 = DEFINITIONAL_REPRESENTATION('',(#400),#408);
#400 = ( BOUNDED_CURVE() B_SPLINE_CURVE(2,(#401,#402,#403,#404,#405,#406
,#407),.UNSPECIFIED.,.T.,.F.) B_SPLINE_CURVE_WITH_KNOTS((1,2,2,2,2,1),(
    -2.094395102393,0.,2.094395102393,4.188790204786,6.28318530718,
8.377580409573),.UNSPECIFIED.) CURVE() GEOMETRIC_REPRESENTATION_ITEM() 
RATIONAL_B_SPLINE_CURVE((1.,0.5,1.,0.5,1.,0.5,1.)) REPRESENTATION_ITEM(
  '') );
#401 = CARTESIAN_POINT('',(0.919238815543,-0.160000295639));
#402 = CARTESIAN_POINT('',(0.919238815543,5.122754667446));
#403 = CARTESIAN_POINT('',(7.389265863399,2.481377185904));
#404 = CARTESIAN_POINT('',(13.859292911256,-0.160000295639));
#405 = CARTESIAN_POINT('',(7.389265863399,-2.801377777182));
#406 = CARTESIAN_POINT('',(0.919238815543,-5.442755258724));
#407 = CARTESIAN_POINT('',(0.919238815543,-0.160000295639));
#408 = ( GEOMETRIC_REPRESENTATION_CONTEXT(2) 
PARAMETRIC_REPRESENTATION_CONTEXT() REPRESENTATION_CONTEXT('2D SPACE',''
  ) );
#409 = PCURVE('',#410,#415);
#410 = CYLINDRICAL_SURFACE('',#411,3.05);
#411 = AXIS2_PLACEMENT_3D('',#412,#413,#414);
#412 = CARTESIAN_POINT('',(-1.7,13.329999704361,2.45));
#413 = DIRECTION('',(1.,-1.44444745829E-34,4.111945707834E-50));
#414 = DIRECTION('',(1.021378592825E-34,0.707106781187,0.707106781187));
#415 = DEFINITIONAL_REPRESENTATION('',(#416),#442);
#416 = B_SPLINE_CURVE_WITH_KNOTS('',3,(#417,#418,#419,#420,#421,#422,
    #423,#424,#425,#426,#427,#428,#429,#430,#431,#432,#433,#434,#435,
    #436,#437,#438,#439,#440,#441),.UNSPECIFIED.,.F.,.F.,(4,1,1,1,1,1,1,
    1,1,1,1,1,1,1,1,1,1,1,1,1,1,1,4),(0.,1.431476397288E-02,
    2.862952794575E-02,4.294429191863E-02,5.72590558915E-02,
    7.157381986438E-02,8.588858383726E-02,0.10020334781,0.114518111783,
    0.128832875756,0.143147639729,0.157462403702,0.171777167675,
    0.186091931647,0.20040669562,0.214721459593,0.229036223566,
    0.243350987539,0.257665751512,0.271980515485,0.286295279458,
    0.30061004343,0.314924807403),.QUASI_UNIFORM_KNOTS.);
#417 = CARTESIAN_POINT('',(3.926990816987,0.15));
#418 = CARTESIAN_POINT('',(3.931762404978,0.15000001067));
#419 = CARTESIAN_POINT('',(3.94130558096,0.149791663815));
#420 = CARTESIAN_POINT('',(3.955620344933,0.14885424358));
#421 = CARTESIAN_POINT('',(3.969935108906,0.147292077805));
#422 = CARTESIAN_POINT('',(3.984249872879,0.145105496687));
#423 = CARTESIAN_POINT('',(3.998564636852,0.142294945571));
#424 = CARTESIAN_POINT('',(4.012879400825,0.138861001089));
#425 = CARTESIAN_POINT('',(4.027194164797,0.134804366692));
#426 = CARTESIAN_POINT('',(4.04150892877,0.130125873675));
#427 = CARTESIAN_POINT('',(4.055823692743,0.124826480687));
#428 = CARTESIAN_POINT('',(4.070138456716,0.118907273625));
#429 = CARTESIAN_POINT('',(4.084453220689,0.112369465388));
#430 = CARTESIAN_POINT('',(4.098767984662,0.105214395631));
#431 = CARTESIAN_POINT('',(4.113082748635,9.744353049149E-02));
#432 = CARTESIAN_POINT('',(4.127397512608,8.905846229089E-02));
#433 = CARTESIAN_POINT('',(4.14171227658,8.006090920108E-02));
#434 = CARTESIAN_POINT('',(4.156027040553,7.045271491473E-02));
#435 = CARTESIAN_POINT('',(4.170341804526,6.023584818725E-02));
#436 = CARTESIAN_POINT('',(4.184656568499,4.941240273198E-02));
#437 = CARTESIAN_POINT('',(4.198971332472,3.798459567691E-02));
#438 = CARTESIAN_POINT('',(4.213286096445,2.595477126865E-02));
#439 = CARTESIAN_POINT('',(4.227600860418,1.332538487336E-02));
#440 = CARTESIAN_POINT('',(4.2371440364,4.507835217893E-03));
#441 = CARTESIAN_POINT('',(4.241915624391,-1.176836406103E-14));
#442 = ( GEOMETRIC_REPRESENTATION_CONTEXT(2) 
PARAMETRIC_REPRESENTATION_CONTEXT() REPRESENTATION_CONTEXT('2D SPACE',''
  ) );
#443 = ORIENTED_EDGE('',*,*,#444,.T.);
#444 = EDGE_CURVE('',#390,#22,#445,.T.);
#445 = SURFACE_CURVE('',#446,(#450,#457),.PCURVE_S1.);
#446 = LINE('',#447,#448);
#447 = CARTESIAN_POINT('',(-1.7,13.49,-0.45));
#448 = VECTOR('',#449,1.);
#449 = DIRECTION('',(-8.774154567638E-17,1.,0.));
#450 = PCURVE('',#33,#451);
#451 = DEFINITIONAL_REPRESENTATION('',(#452),#456);
#452 = LINE('',#453,#454);
#453 = CARTESIAN_POINT('',(1.131370849898,0.));
#454 = VECTOR('',#455,1.);
#455 = DIRECTION('',(6.204264193956E-17,1.));
#456 = ( GEOMETRIC_REPRESENTATION_CONTEXT(2) 
PARAMETRIC_REPRESENTATION_CONTEXT() REPRESENTATION_CONTEXT('2D SPACE',''
  ) );
#457 = PCURVE('',#458,#463);
#458 = PLANE('',#459);
#459 = AXIS2_PLACEMENT_3D('',#460,#461,#462);
#460 = CARTESIAN_POINT('',(-1.7,4.,-2.05));
#461 = DIRECTION('',(-1.,-8.774154567638E-17,0.));
#462 = DIRECTION('',(-8.774154567638E-17,1.,0.));
#463 = DEFINITIONAL_REPRESENTATION('',(#464),#468);
#464 = LINE('',#465,#466);
#465 = CARTESIAN_POINT('',(9.49,-1.6));
#466 = VECTOR('',#467,1.);
#467 = DIRECTION('',(1.,0.));
#468 = ( GEOMETRIC_REPRESENTATION_CONTEXT(2) 
PARAMETRIC_REPRESENTATION_CONTEXT() REPRESENTATION_CONTEXT('2D SPACE',''
  ) );
#469 = ADVANCED_FACE('',(#470),#487,.T.);
#470 = FACE_BOUND('',#471,.T.);
#471 = EDGE_LOOP('',(#472,#526,#555,#583,#605));
#472 = ORIENTED_EDGE('',*,*,#473,.T.);
#473 = EDGE_CURVE('',#474,#476,#478,.T.);
#474 = VERTEX_POINT('',#475);
#475 = CARTESIAN_POINT('',(-1.7,42.06,0.481853838974));
#476 = VERTEX_POINT('',#477);
#477 = CARTESIAN_POINT('',(-1.65361118761,42.779307150568,2.385));
#478 = SURFACE_CURVE('',#479,(#486,#520),.PCURVE_S1.);
#479 = B_SPLINE_CURVE_WITH_KNOTS('',3,(#480,#481,#482,#483,#484,#485),
  .UNSPECIFIED.,.F.,.F.,(4,2,4),(0.859748412869,0.948673077078,
    1.058025318344),.UNSPECIFIED.);
#480 = CARTESIAN_POINT('',(-1.7,42.06,0.481853838974));
#481 = CARTESIAN_POINT('',(-1.7,42.256234892615,0.714167545067));
#482 = CARTESIAN_POINT('',(-1.689507003379,42.42355510212,0.985083975872
    ));
#483 = CARTESIAN_POINT('',(-1.666064801179,42.69343875755,1.631579338929
    ));
#484 = CARTESIAN_POINT('',(-1.654624422712,42.771484186767,
    2.018005836686));
#485 = CARTESIAN_POINT('',(-1.65361118761,42.779307150568,2.385));
#486 = PCURVE('',#487,#492);
#487 = CYLINDRICAL_SURFACE('',#488,5.6);
#488 = AXIS2_PLACEMENT_3D('',#489,#490,#491);
#489 = CARTESIAN_POINT('',(3.9,42.06,-2.05));
#490 = DIRECTION('',(0.,0.,-1.));
#491 = DIRECTION('',(-0.707106781187,0.707106781187,0.));
#492 = DEFINITIONAL_REPRESENTATION('',(#493),#519);
#493 = B_SPLINE_CURVE_WITH_KNOTS('',3,(#494,#495,#496,#497,#498,#499,
    #500,#501,#502,#503,#504,#505,#506,#507,#508,#509,#510,#511,#512,
    #513,#514,#515,#516,#517,#518),.UNSPECIFIED.,.F.,.F.,(4,1,1,1,1,1,1,
    1,1,1,1,1,1,1,1,1,1,1,1,1,1,1,4),(0.859748412869,0.868760999482,
    0.877773586094,0.886786172707,0.895798759319,0.904811345932,
    0.913823932544,0.922836519157,0.931849105769,0.940861692381,
    0.949874278994,0.958886865606,0.967899452219,0.976912038831,
    0.985924625444,0.994937212056,1.003949798669,1.012962385281,
    1.021974971894,1.030987558506,1.040000145119,1.049012731731,
    1.058025318344),.QUASI_UNIFORM_KNOTS.);
#494 = CARTESIAN_POINT('',(5.497787143782,-2.531853838974));
#495 = CARTESIAN_POINT('',(5.501338651927,-2.55539902091));
#496 = CARTESIAN_POINT('',(5.508335674385,-2.603282438141));
#497 = CARTESIAN_POINT('',(5.51849470738,-2.677364454433));
#498 = CARTESIAN_POINT('',(5.528298815539,-2.753581092735));
#499 = CARTESIAN_POINT('',(5.537729242044,-2.831810080429));
#500 = CARTESIAN_POINT('',(5.546767036101,-2.91192916044));
#501 = CARTESIAN_POINT('',(5.555393046722,-2.993816017702));
#502 = CARTESIAN_POINT('',(5.563587916164,-3.077348553564));
#503 = CARTESIAN_POINT('',(5.571332206382,-3.162403861711));
#504 = CARTESIAN_POINT('',(5.578605981307,-3.24886205007));
#505 = CARTESIAN_POINT('',(5.585390421627,-3.336591977262));
#506 = CARTESIAN_POINT('',(5.591661526703,-3.425506773674));
#507 = CARTESIAN_POINT('',(5.597418088155,-3.515454368668));
#508 = CARTESIAN_POINT('',(5.602660408656,-3.606265499788));
#509 = CARTESIAN_POINT('',(5.607388364341,-3.69777551111));
#510 = CARTESIAN_POINT('',(5.611601905206,-3.789818512395));
#511 = CARTESIAN_POINT('',(5.615300907407,-3.882228944138));
#512 = CARTESIAN_POINT('',(5.618485204375,-3.974841158212));
#513 = CARTESIAN_POINT('',(5.62115457516,-4.067489530237));
#514 = CARTESIAN_POINT('',(5.623308749437,-4.160008429472));
#515 = CARTESIAN_POINT('',(5.624947413045,-4.252232226879));
#516 = CARTESIAN_POINT('',(5.626070219167,-4.343995292962));
#517 = CARTESIAN_POINT('',(5.626474607053,-4.404753096554));
#518 = CARTESIAN_POINT('',(5.626590703431,-4.435));
#519 = ( GEOMETRIC_REPRESENTATION_CONTEXT(2) 
PARAMETRIC_REPRESENTATION_CONTEXT() REPRESENTATION_CONTEXT('2D SPACE',''
  ) );
#520 = PCURVE('',#132,#521);
#521 = DEFINITIONAL_REPRESENTATION('',(#522),#525);
#522 = B_SPLINE_CURVE_WITH_KNOTS('',1,(#523,#524),.UNSPECIFIED.,.F.,.F.,
  (2,2),(0.859748412869,1.058025318344),.PIECEWISE_BEZIER_KNOTS.);
#523 = CARTESIAN_POINT('',(4.796379304562,0.));
#524 = CARTESIAN_POINT('',(5.476474054838,4.638881239048E-02));
#525 = ( GEOMETRIC_REPRESENTATION_CONTEXT(2) 
PARAMETRIC_REPRESENTATION_CONTEXT() REPRESENTATION_CONTEXT('2D SPACE',''
  ) );
#526 = ORIENTED_EDGE('',*,*,#527,.T.);
#527 = EDGE_CURVE('',#476,#528,#530,.T.);
#528 = VERTEX_POINT('',#529);
#529 = CARTESIAN_POINT('',(-0.920529016612,44.910000000001,2.385));
#530 = SURFACE_CURVE('',#531,(#536,#543),.PCURVE_S1.);
#531 = CIRCLE('',#532,5.6);
#532 = AXIS2_PLACEMENT_3D('',#533,#534,#535);
#533 = CARTESIAN_POINT('',(3.9,42.06,2.385));
#534 = DIRECTION('',(2.775557561563E-17,1.102216608582E-16,-1.));
#535 = DIRECTION('',(-0.707106781187,0.707106781187,5.831232809294E-17)
  );
#536 = PCURVE('',#487,#537);
#537 = DEFINITIONAL_REPRESENTATION('',(#538),#542);
#538 = LINE('',#539,#540);
#539 = CARTESIAN_POINT('',(0.,-4.435));
#540 = VECTOR('',#541,1.);
#541 = DIRECTION('',(1.,0.));
#542 = ( GEOMETRIC_REPRESENTATION_CONTEXT(2) 
PARAMETRIC_REPRESENTATION_CONTEXT() REPRESENTATION_CONTEXT('2D SPACE',''
  ) );
#543 = PCURVE('',#544,#549);
#544 = PLANE('',#545);
#545 = AXIS2_PLACEMENT_3D('',#546,#547,#548);
#546 = CARTESIAN_POINT('',(-2.099998853207,36.180000157356,2.385));
#547 = DIRECTION('',(2.775557561563E-17,1.102216608582E-16,-1.));
#548 = DIRECTION('',(1.,1.873501354055E-15,2.775557561563E-17));
#549 = DEFINITIONAL_REPRESENTATION('',(#550),#554);
#550 = CIRCLE('',#551,5.6);
#551 = AXIS2_PLACEMENT_2D('',#552,#553);
#552 = CARTESIAN_POINT('',(5.999998853207,-5.879999842644));
#553 = DIRECTION('',(-0.707106781187,-0.707106781187));
#554 = ( GEOMETRIC_REPRESENTATION_CONTEXT(2) 
PARAMETRIC_REPRESENTATION_CONTEXT() REPRESENTATION_CONTEXT('2D SPACE',''
  ) );
#555 = ORIENTED_EDGE('',*,*,#556,.T.);
#556 = EDGE_CURVE('',#528,#557,#559,.T.);
#557 = VERTEX_POINT('',#558);
#558 = CARTESIAN_POINT('',(-0.920529016612,44.910000000001,-0.45));
#559 = SURFACE_CURVE('',#560,(#564,#571),.PCURVE_S1.);
#560 = LINE('',#561,#562);
#561 = CARTESIAN_POINT('',(-0.920529016612,44.910000000001,-2.05));
#562 = VECTOR('',#563,1.);
#563 = DIRECTION('',(0.,0.,-1.));
#564 = PCURVE('',#487,#565);
#565 = DEFINITIONAL_REPRESENTATION('',(#566),#570);
#566 = LINE('',#567,#568);
#567 = CARTESIAN_POINT('',(6.031726798764,0.));
#568 = VECTOR('',#569,1.);
#569 = DIRECTION('',(0.,1.));
#570 = ( GEOMETRIC_REPRESENTATION_CONTEXT(2) 
PARAMETRIC_REPRESENTATION_CONTEXT() REPRESENTATION_CONTEXT('2D SPACE',''
  ) );
#571 = PCURVE('',#572,#577);
#572 = CYLINDRICAL_SURFACE('',#573,5.2);
#573 = AXIS2_PLACEMENT_3D('',#574,#575,#576);
#574 = CARTESIAN_POINT('',(3.9,42.96,-2.05));
#575 = DIRECTION('',(0.,0.,1.));
#576 = DIRECTION('',(1.,0.,0.));
#577 = DEFINITIONAL_REPRESENTATION('',(#578),#582);
#578 = LINE('',#579,#580);
#579 = CARTESIAN_POINT('',(2.757195879094,0.));
#580 = VECTOR('',#581,1.);
#581 = DIRECTION('',(0.,-1.));
#582 = ( GEOMETRIC_REPRESENTATION_CONTEXT(2) 
PARAMETRIC_REPRESENTATION_CONTEXT() REPRESENTATION_CONTEXT('2D SPACE',''
  ) );
#583 = ORIENTED_EDGE('',*,*,#584,.F.);
#584 = EDGE_CURVE('',#167,#557,#585,.T.);
#585 = SURFACE_CURVE('',#586,(#591,#598),.PCURVE_S1.);
#586 = CIRCLE('',#587,5.6);
#587 = AXIS2_PLACEMENT_3D('',#588,#589,#590);
#588 = CARTESIAN_POINT('',(3.9,42.06,-0.45));
#589 = DIRECTION('',(0.,0.,-1.));
#590 = DIRECTION('',(-0.707106781187,0.707106781187,0.));
#591 = PCURVE('',#487,#592);
#592 = DEFINITIONAL_REPRESENTATION('',(#593),#597);
#593 = LINE('',#594,#595);
#594 = CARTESIAN_POINT('',(0.,-1.6));
#595 = VECTOR('',#596,1.);
#596 = DIRECTION('',(1.,0.));
#597 = ( GEOMETRIC_REPRESENTATION_CONTEXT(2) 
PARAMETRIC_REPRESENTATION_CONTEXT() REPRESENTATION_CONTEXT('2D SPACE',''
  ) );
#598 = PCURVE('',#210,#599);
#599 = DEFINITIONAL_REPRESENTATION('',(#600),#604);
#600 = LINE('',#601,#602);
#601 = CARTESIAN_POINT('',(6.28318530718,0.8));
#602 = VECTOR('',#603,1.);
#603 = DIRECTION('',(-1.,1.764348211303E-15));
#604 = ( GEOMETRIC_REPRESENTATION_CONTEXT(2) 
PARAMETRIC_REPRESENTATION_CONTEXT() REPRESENTATION_CONTEXT('2D SPACE',''
  ) );
#605 = ORIENTED_EDGE('',*,*,#606,.T.);
#606 = EDGE_CURVE('',#167,#474,#607,.T.);
#607 = SURFACE_CURVE('',#608,(#612,#619),.PCURVE_S1.);
#608 = LINE('',#609,#610);
#609 = CARTESIAN_POINT('',(-1.7,42.06,-2.05));
#610 = VECTOR('',#611,1.);
#611 = DIRECTION('',(0.,0.,1.));
#612 = PCURVE('',#487,#613);
#613 = DEFINITIONAL_REPRESENTATION('',(#614),#618);
#614 = LINE('',#615,#616);
#615 = CARTESIAN_POINT('',(5.497787143782,0.));
#616 = VECTOR('',#617,1.);
#617 = DIRECTION('',(0.,-1.));
#618 = ( GEOMETRIC_REPRESENTATION_CONTEXT(2) 
PARAMETRIC_REPRESENTATION_CONTEXT() REPRESENTATION_CONTEXT('2D SPACE',''
  ) );
#619 = PCURVE('',#182,#620);
#620 = DEFINITIONAL_REPRESENTATION('',(#621),#625);
#621 = LINE('',#622,#623);
#622 = CARTESIAN_POINT('',(38.06,0.));
#623 = VECTOR('',#624,1.);
#624 = DIRECTION('',(0.,-1.));
#625 = ( GEOMETRIC_REPRESENTATION_CONTEXT(2) 
PARAMETRIC_REPRESENTATION_CONTEXT() REPRESENTATION_CONTEXT('2D SPACE',''
  ) );
#626 = ADVANCED_FACE('',(#627),#544,.F.);
#627 = FACE_BOUND('',#628,.T.);
#628 = EDGE_LOOP('',(#629,#652,#702,#730,#758,#786,#819,#847,#875,#908,
    #936,#969,#997,#1025,#1058,#1086,#1114,#1142,#1192,#1220,#1249,#1282
    ,#1310,#1336));
#629 = ORIENTED_EDGE('',*,*,#630,.F.);
#630 = EDGE_CURVE('',#631,#476,#633,.T.);
#631 = VERTEX_POINT('',#632);
#632 = CARTESIAN_POINT('',(-2.5,42.779307150568,2.385));
#633 = SURFACE_CURVE('',#634,(#638,#645),.PCURVE_S1.);
#634 = LINE('',#635,#636);
#635 = CARTESIAN_POINT('',(-1.7,42.779307150568,2.385));
#636 = VECTOR('',#637,1.);
#637 = DIRECTION('',(1.,-1.44444745829E-34,4.111945707834E-50));
#638 = PCURVE('',#544,#639);
#639 = DEFINITIONAL_REPRESENTATION('',(#640),#644);
#640 = LINE('',#641,#642);
#641 = CARTESIAN_POINT('',(0.399998853207,-6.599306993212));
#642 = VECTOR('',#643,1.);
#643 = DIRECTION('',(1.,1.873501354055E-15));
#644 = ( GEOMETRIC_REPRESENTATION_CONTEXT(2) 
PARAMETRIC_REPRESENTATION_CONTEXT() REPRESENTATION_CONTEXT('2D SPACE',''
  ) );
#645 = PCURVE('',#132,#646);
#646 = DEFINITIONAL_REPRESENTATION('',(#647),#651);
#647 = LINE('',#648,#649);
#648 = CARTESIAN_POINT('',(5.476474054838,0.));
#649 = VECTOR('',#650,1.);
#650 = DIRECTION('',(0.,1.));
#651 = ( GEOMETRIC_REPRESENTATION_CONTEXT(2) 
PARAMETRIC_REPRESENTATION_CONTEXT() REPRESENTATION_CONTEXT('2D SPACE',''
  ) );
#652 = ORIENTED_EDGE('',*,*,#653,.T.);
#653 = EDGE_CURVE('',#631,#654,#656,.T.);
#654 = VERTEX_POINT('',#655);
#655 = CARTESIAN_POINT('',(-3.3,41.979060767318,2.385));
#656 = SURFACE_CURVE('',#657,(#661,#668),.PCURVE_S1.);
#657 = ( BOUNDED_CURVE() B_SPLINE_CURVE(2,(#658,#659,#660),
.UNSPECIFIED.,.F.,.F.) B_SPLINE_CURVE_WITH_KNOTS((3,3),(
9.803964123296E-02,0.226301773306),.PIECEWISE_BEZIER_KNOTS.) CURVE() 
GEOMETRIC_REPRESENTATION_ITEM() RATIONAL_B_SPLINE_CURVE((1.017826922815,
1.020574658347,1.)) REPRESENTATION_ITEM('') );
#658 = CARTESIAN_POINT('',(-2.5,42.779307150568,2.385));
#659 = CARTESIAN_POINT('',(-2.960414551481,42.318788008151,2.385));
#660 = CARTESIAN_POINT('',(-3.3,41.979060767318,2.385));
#661 = PCURVE('',#544,#662);
#662 = DEFINITIONAL_REPRESENTATION('',(#663),#667);
#663 = ( BOUNDED_CURVE() B_SPLINE_CURVE(2,(#664,#665,#666),
.UNSPECIFIED.,.F.,.F.) B_SPLINE_CURVE_WITH_KNOTS((3,3),(
9.803964123296E-02,0.226301773306),.PIECEWISE_BEZIER_KNOTS.) CURVE() 
GEOMETRIC_REPRESENTATION_ITEM() RATIONAL_B_SPLINE_CURVE((1.017826922815,
1.020574658347,1.)) REPRESENTATION_ITEM('') );
#664 = CARTESIAN_POINT('',(-0.400001146793,-6.599306993212));
#665 = CARTESIAN_POINT('',(-0.860415698275,-6.138787850795));
#666 = CARTESIAN_POINT('',(-1.200001146793,-5.799060609962));
#667 = ( GEOMETRIC_REPRESENTATION_CONTEXT(2) 
PARAMETRIC_REPRESENTATION_CONTEXT() REPRESENTATION_CONTEXT('2D SPACE',''
  ) );
#668 = PCURVE('',#669,#674);
#669 = CONICAL_SURFACE('',#670,2.65,0.785398163397);
#670 = AXIS2_PLACEMENT_3D('',#671,#672,#673);
#671 = CARTESIAN_POINT('',(-2.9,39.72999985218,2.45));
#672 = DIRECTION('',(1.,0.,0.));
#673 = DIRECTION('',(0.,-0.707106781187,-0.707106781187));
#674 = DEFINITIONAL_REPRESENTATION('',(#675),#701);
#675 = B_SPLINE_CURVE_WITH_KNOTS('',3,(#676,#677,#678,#679,#680,#681,
    #682,#683,#684,#685,#686,#687,#688,#689,#690,#691,#692,#693,#694,
    #695,#696,#697,#698,#699,#700),.UNSPECIFIED.,.F.,.F.,(4,1,1,1,1,1,1,
    1,1,1,1,1,1,1,1,1,1,1,1,1,1,1,4),(9.803964123296E-02,0.103869738145,
    0.109699835058,0.11552993197,0.121360028883,0.127190125795,
    0.133020222708,0.13885031962,0.144680416532,0.150510513445,
    0.156340610357,0.16217070727,0.168000804182,0.173830901095,
    0.179660998007,0.185491094919,0.191321191832,0.197151288744,
    0.202981385657,0.208811482569,0.214641579482,0.220471676394,
    0.226301773306),.QUASI_UNIFORM_KNOTS.);
#676 = CARTESIAN_POINT('',(2.334881401249,0.4));
#677 = CARTESIAN_POINT('',(2.334783628211,0.386010406731));
#678 = CARTESIAN_POINT('',(2.334586761462,0.35822713671));
#679 = CARTESIAN_POINT('',(2.334287415393,0.317128163181));
#680 = CARTESIAN_POINT('',(2.333983940356,0.276593175461));
#681 = CARTESIAN_POINT('',(2.33367625016,0.236610674604));
#682 = CARTESIAN_POINT('',(2.333364256437,0.197169440529));
#683 = CARTESIAN_POINT('',(2.333047868268,0.158258563588));
#684 = CARTESIAN_POINT('',(2.33272699217,0.119867423242));
#685 = CARTESIAN_POINT('',(2.33240153199,8.19856814109E-02));
#686 = CARTESIAN_POINT('',(2.332071388805,4.460327238538E-02));
#687 = CARTESIAN_POINT('',(2.33173646083,7.710394128276E-03));
#688 = CARTESIAN_POINT('',(2.331396643306,-2.870250035268E-02));
#689 = CARTESIAN_POINT('',(2.331051828395,-6.464471122496E-02));
#690 = CARTESIAN_POINT('',(2.330701905067,-0.100125299755));
#691 = CARTESIAN_POINT('',(2.330346758976,-0.135153095918));
#692 = CARTESIAN_POINT('',(2.329986272341,-0.169736705737));
#693 = CARTESIAN_POINT('',(2.329620323811,-0.203884518297));
#694 = CARTESIAN_POINT('',(2.329248788334,-0.237604712642));
#695 = CARTESIAN_POINT('',(2.328871537004,-0.270905263882));
#696 = CARTESIAN_POINT('',(2.328488436953,-0.303793951077));
#697 = CARTESIAN_POINT('',(2.328099351037,-0.336278357328));
#698 = CARTESIAN_POINT('',(2.327704138262,-0.368365897868));
#699 = CARTESIAN_POINT('',(2.327436480367,-0.389497794374));
#700 = CARTESIAN_POINT('',(2.327301581504,-0.4));
#701 = ( GEOMETRIC_REPRESENTATION_CONTEXT(2) 
PARAMETRIC_REPRESENTATION_CONTEXT() REPRESENTATION_CONTEXT('2D SPACE',''
  ) );
#702 = ORIENTED_EDGE('',*,*,#703,.F.);
#703 = EDGE_CURVE('',#704,#654,#706,.T.);
#704 = VERTEX_POINT('',#705);
#705 = CARTESIAN_POINT('',(-3.299998853207,39.980000157356,2.385));
#706 = SURFACE_CURVE('',#707,(#711,#718),.PCURVE_S1.);
#707 = LINE('',#708,#709);
#708 = CARTESIAN_POINT('',(-3.3,36.18,2.385));
#709 = VECTOR('',#710,1.);
#710 = DIRECTION('',(-1.110223024625E-16,1.,1.102216608582E-16));
#711 = PCURVE('',#544,#712);
#712 = DEFINITIONAL_REPRESENTATION('',(#713),#717);
#713 = LINE('',#714,#715);
#714 = CARTESIAN_POINT('',(-1.200001146793,1.573562946333E-07));
#715 = VECTOR('',#716,1.);
#716 = DIRECTION('',(1.762479051592E-15,-1.));
#717 = ( GEOMETRIC_REPRESENTATION_CONTEXT(2) 
PARAMETRIC_REPRESENTATION_CONTEXT() REPRESENTATION_CONTEXT('2D SPACE',''
  ) );
#718 = PCURVE('',#719,#724);
#719 = PLANE('',#720);
#720 = AXIS2_PLACEMENT_3D('',#721,#722,#723);
#721 = CARTESIAN_POINT('',(-3.299998645782,9.779999704361,2.45));
#722 = DIRECTION('',(-1.,-1.762479051592E-15,-1.387778780781E-17));
#723 = DIRECTION('',(1.762479051592E-15,-1.,-3.469446951954E-18));
#724 = DEFINITIONAL_REPRESENTATION('',(#725),#729);
#725 = LINE('',#726,#727);
#726 = CARTESIAN_POINT('',(-26.40000029563,-6.5E-02));
#727 = VECTOR('',#728,1.);
#728 = DIRECTION('',(-1.,1.067522139063E-16));
#729 = ( GEOMETRIC_REPRESENTATION_CONTEXT(2) 
PARAMETRIC_REPRESENTATION_CONTEXT() REPRESENTATION_CONTEXT('2D SPACE',''
  ) );
#730 = ORIENTED_EDGE('',*,*,#731,.F.);
#731 = EDGE_CURVE('',#732,#704,#734,.T.);
#732 = VERTEX_POINT('',#733);
#733 = CARTESIAN_POINT('',(-1.699998853207,39.980000157356,2.385));
#734 = SURFACE_CURVE('',#735,(#739,#746),.PCURVE_S1.);
#735 = LINE('',#736,#737);
#736 = CARTESIAN_POINT('',(-1.899998853207,39.980000157356,2.385));
#737 = VECTOR('',#738,1.);
#738 = DIRECTION('',(-1.,-1.873501354055E-15,-2.775557561563E-17));
#739 = PCURVE('',#544,#740);
#740 = DEFINITIONAL_REPRESENTATION('',(#741),#745);
#741 = LINE('',#742,#743);
#742 = CARTESIAN_POINT('',(0.2,-3.8));
#743 = VECTOR('',#744,1.);
#744 = DIRECTION('',(-1.,3.059265642431E-33));
#745 = ( GEOMETRIC_REPRESENTATION_CONTEXT(2) 
PARAMETRIC_REPRESENTATION_CONTEXT() REPRESENTATION_CONTEXT('2D SPACE',''
  ) );
#746 = PCURVE('',#747,#752);
#747 = CYLINDRICAL_SURFACE('',#748,1.25);
#748 = AXIS2_PLACEMENT_3D('',#749,#750,#751);
#749 = CARTESIAN_POINT('',(-1.899998853207,38.731691301343,2.45));
#750 = DIRECTION('',(-1.,-1.873501354055E-15,2.000004173018E-31));
#751 = DIRECTION('',(-1.870966665615E-15,0.99864708481,-5.2E-02));
#752 = DEFINITIONAL_REPRESENTATION('',(#753),#757);
#753 = LINE('',#754,#755);
#754 = CARTESIAN_POINT('',(0.,-2.22044604925E-15));
#755 = VECTOR('',#756,1.);
#756 = DIRECTION('',(0.,1.));
#757 = ( GEOMETRIC_REPRESENTATION_CONTEXT(2) 
PARAMETRIC_REPRESENTATION_CONTEXT() REPRESENTATION_CONTEXT('2D SPACE',''
  ) );
#758 = ORIENTED_EDGE('',*,*,#759,.F.);
#759 = EDGE_CURVE('',#760,#732,#762,.T.);
#760 = VERTEX_POINT('',#761);
#761 = CARTESIAN_POINT('',(-1.699998853207,40.480000157356,2.385));
#762 = SURFACE_CURVE('',#763,(#767,#774),.PCURVE_S1.);
#763 = LINE('',#764,#765);
#764 = CARTESIAN_POINT('',(-1.699998853207,36.180000157356,2.385));
#765 = VECTOR('',#766,1.);
#766 = DIRECTION('',(1.762479051592E-15,-1.,-1.102216608582E-16));
#767 = PCURVE('',#544,#768);
#768 = DEFINITIONAL_REPRESENTATION('',(#769),#773);
#769 = LINE('',#770,#771);
#770 = CARTESIAN_POINT('',(0.4,7.49400541622E-16));
#771 = VECTOR('',#772,1.);
#772 = DIRECTION('',(-1.110223024625E-16,1.));
#773 = ( GEOMETRIC_REPRESENTATION_CONTEXT(2) 
PARAMETRIC_REPRESENTATION_CONTEXT() REPRESENTATION_CONTEXT('2D SPACE',''
  ) );
#774 = PCURVE('',#775,#780);
#775 = PLANE('',#776);
#776 = AXIS2_PLACEMENT_3D('',#777,#778,#779);
#777 = CARTESIAN_POINT('',(-1.699998645782,9.779999704361,2.45));
#778 = DIRECTION('',(-1.,-1.762479051592E-15,-1.387778780781E-17));
#779 = DIRECTION('',(1.762479051592E-15,-1.,-3.469446951954E-18));
#780 = DEFINITIONAL_REPRESENTATION('',(#781),#785);
#781 = LINE('',#782,#783);
#782 = CARTESIAN_POINT('',(-26.40000045299,-6.5E-02));
#783 = VECTOR('',#784,1.);
#784 = DIRECTION('',(1.,-1.067522139063E-16));
#785 = ( GEOMETRIC_REPRESENTATION_CONTEXT(2) 
PARAMETRIC_REPRESENTATION_CONTEXT() REPRESENTATION_CONTEXT('2D SPACE',''
  ) );
#786 = ORIENTED_EDGE('',*,*,#787,.F.);
#787 = EDGE_CURVE('',#788,#760,#790,.T.);
#788 = VERTEX_POINT('',#789);
#789 = CARTESIAN_POINT('',(-1.199998645782,40.980000157356,2.385));
#790 = SURFACE_CURVE('',#791,(#796,#807),.PCURVE_S1.);
#791 = CIRCLE('',#792,0.5);
#792 = AXIS2_PLACEMENT_3D('',#793,#794,#795);
#793 = CARTESIAN_POINT('',(-1.199998645782,40.480000157356,2.385));
#794 = DIRECTION('',(-2.775557561563E-17,-1.102216608582E-16,1.));
#795 = DIRECTION('',(-0.707106781187,0.707106781187,5.831232809294E-17)
  );
#796 = PCURVE('',#544,#797);
#797 = DEFINITIONAL_REPRESENTATION('',(#798),#806);
#798 = ( BOUNDED_CURVE() B_SPLINE_CURVE(2,(#799,#800,#801,#802,#803,#804
,#805),.UNSPECIFIED.,.T.,.F.) B_SPLINE_CURVE_WITH_KNOTS((1,2,2,2,2,1),(
    -2.094395102393,0.,2.094395102393,4.188790204786,6.28318530718,
8.377580409573),.UNSPECIFIED.) CURVE() GEOMETRIC_REPRESENTATION_ITEM() 
RATIONAL_B_SPLINE_CURVE((1.,0.5,1.,0.5,1.,0.5,1.)) REPRESENTATION_ITEM(
  '') );
#799 = CARTESIAN_POINT('',(0.546446816831,-4.653553390593));
#800 = CARTESIAN_POINT('',(-6.592561886482E-02,-4.041180954897));
#801 = CARTESIAN_POINT('',(0.770590684873,-3.817037086855));
#802 = CARTESIAN_POINT('',(1.607106988611,-3.592893218813));
#803 = CARTESIAN_POINT('',(1.382963120569,-4.429409522551));
#804 = CARTESIAN_POINT('',(1.158819252527,-5.265925826289));
#805 = CARTESIAN_POINT('',(0.546446816831,-4.653553390593));
#806 = ( GEOMETRIC_REPRESENTATION_CONTEXT(2) 
PARAMETRIC_REPRESENTATION_CONTEXT() REPRESENTATION_CONTEXT('2D SPACE',''
  ) );
#807 = PCURVE('',#808,#813);
#808 = CYLINDRICAL_SURFACE('',#809,0.5);
#809 = AXIS2_PLACEMENT_3D('',#810,#811,#812);
#810 = CARTESIAN_POINT('',(-1.199998645782,40.480000157356,2.3425));
#811 = DIRECTION('',(-1.38777878078E-17,-7.404956277786E-15,1.));
#812 = DIRECTION('',(-0.707106781187,0.707106781187,5.226281720546E-15)
  );
#813 = DEFINITIONAL_REPRESENTATION('',(#814),#818);
#814 = LINE('',#815,#816);
#815 = CARTESIAN_POINT('',(-2.6645352591E-15,4.249999999989E-02));
#816 = VECTOR('',#817,1.);
#817 = DIRECTION('',(1.,2.261727773485E-15));
#818 = ( GEOMETRIC_REPRESENTATION_CONTEXT(2) 
PARAMETRIC_REPRESENTATION_CONTEXT() REPRESENTATION_CONTEXT('2D SPACE',''
  ) );
#819 = ORIENTED_EDGE('',*,*,#820,.F.);
#820 = EDGE_CURVE('',#821,#788,#823,.T.);
#821 = VERTEX_POINT('',#822);
#822 = CARTESIAN_POINT('',(-0.100000207424,40.980000157356,2.385));
#823 = SURFACE_CURVE('',#824,(#828,#835),.PCURVE_S1.);
#824 = LINE('',#825,#826);
#825 = CARTESIAN_POINT('',(7.600000573397,40.980000157356,2.385));
#826 = VECTOR('',#827,1.);
#827 = DIRECTION('',(-1.,-2.775562524655E-15,2.956922191775E-31));
#828 = PCURVE('',#544,#829);
#829 = DEFINITIONAL_REPRESENTATION('',(#830),#834);
#830 = LINE('',#831,#832);
#831 = CARTESIAN_POINT('',(9.699999426603,-4.8));
#832 = VECTOR('',#833,1.);
#833 = DIRECTION('',(-1.,9.020611706005E-16));
#834 = ( GEOMETRIC_REPRESENTATION_CONTEXT(2) 
PARAMETRIC_REPRESENTATION_CONTEXT() REPRESENTATION_CONTEXT('2D SPACE',''
  ) );
#835 = PCURVE('',#836,#841);
#836 = PLANE('',#837);
#837 = AXIS2_PLACEMENT_3D('',#838,#839,#840);
#838 = CARTESIAN_POINT('',(-1.699998853207,40.980000157356,2.235));
#839 = DIRECTION('',(-2.775562524655E-15,1.,7.404956277786E-15));
#840 = DIRECTION('',(-2.775557561562E-17,-7.404956277786E-15,1.));
#841 = DEFINITIONAL_REPRESENTATION('',(#842),#846);
#842 = LINE('',#843,#844);
#843 = CARTESIAN_POINT('',(0.15,9.299999426603));
#844 = VECTOR('',#845,1.);
#845 = DIRECTION('',(2.775557561564E-17,-1.));
#846 = ( GEOMETRIC_REPRESENTATION_CONTEXT(2) 
PARAMETRIC_REPRESENTATION_CONTEXT() REPRESENTATION_CONTEXT('2D SPACE',''
  ) );
#847 = ORIENTED_EDGE('',*,*,#848,.F.);
#848 = EDGE_CURVE('',#849,#821,#851,.T.);
#849 = VERTEX_POINT('',#850);
#850 = CARTESIAN_POINT('',(-9.999979257577E-02,41.96,2.385));
#851 = SURFACE_CURVE('',#852,(#856,#863),.PCURVE_S1.);
#852 = LINE('',#853,#854);
#853 = CARTESIAN_POINT('',(-0.100000207424,29.580000250709,2.385));
#854 = VECTOR('',#855,1.);
#855 = DIRECTION('',(1.773917384512E-15,-1.,1.067522139063E-16));
#856 = PCURVE('',#544,#857);
#857 = DEFINITIONAL_REPRESENTATION('',(#858),#862);
#858 = LINE('',#859,#860);
#859 = CARTESIAN_POINT('',(1.999998645782,6.599999906648));
#860 = VECTOR('',#861,1.);
#861 = DIRECTION('',(-9.958396954279E-17,1.));
#862 = ( GEOMETRIC_REPRESENTATION_CONTEXT(2) 
PARAMETRIC_REPRESENTATION_CONTEXT() REPRESENTATION_CONTEXT('2D SPACE',''
  ) );
#863 = PCURVE('',#864,#869);
#864 = PLANE('',#865);
#865 = AXIS2_PLACEMENT_3D('',#866,#867,#868);
#866 = CARTESIAN_POINT('',(-0.100000207424,41.96,-0.45));
#867 = DIRECTION('',(1.,1.773917384512E-15,0.));
#868 = DIRECTION('',(1.773917384512E-15,-1.,0.));
#869 = DEFINITIONAL_REPRESENTATION('',(#870),#874);
#870 = LINE('',#871,#872);
#871 = CARTESIAN_POINT('',(12.379999749291,-2.835));
#872 = VECTOR('',#873,1.);
#873 = DIRECTION('',(1.,-1.067522139063E-16));
#874 = ( GEOMETRIC_REPRESENTATION_CONTEXT(2) 
PARAMETRIC_REPRESENTATION_CONTEXT() REPRESENTATION_CONTEXT('2D SPACE',''
  ) );
#875 = ORIENTED_EDGE('',*,*,#876,.F.);
#876 = EDGE_CURVE('',#877,#849,#879,.T.);
#877 = VERTEX_POINT('',#878);
#878 = CARTESIAN_POINT('',(4.000000207424,46.06,2.385));
#879 = SURFACE_CURVE('',#880,(#885,#896),.PCURVE_S1.);
#880 = CIRCLE('',#881,4.1);
#881 = AXIS2_PLACEMENT_3D('',#882,#883,#884);
#882 = CARTESIAN_POINT('',(4.000000207424,41.96,2.385));
#883 = DIRECTION('',(-6.162975822039E-33,1.067522139063E-16,1.));
#884 = DIRECTION('',(-0.707106781187,0.707106781187,-7.54852143598E-17)
  );
#885 = PCURVE('',#544,#886);
#886 = DEFINITIONAL_REPRESENTATION('',(#887),#895);
#887 = ( BOUNDED_CURVE() B_SPLINE_CURVE(2,(#888,#889,#890,#891,#892,#893
,#894),.UNSPECIFIED.,.T.,.F.) B_SPLINE_CURVE_WITH_KNOTS((1,2,2,2,2,1),(
    -2.094395102393,0.,2.094395102393,4.188790204786,6.28318530718,
8.377580409573),.UNSPECIFIED.) CURVE() GEOMETRIC_REPRESENTATION_ITEM() 
RATIONAL_B_SPLINE_CURVE((1.,0.5,1.,0.5,1.,0.5,1.)) REPRESENTATION_ITEM(
  '') );
#888 = CARTESIAN_POINT('',(3.200861257766,-8.679137645509));
#889 = CARTESIAN_POINT('',(-1.820592714939,-3.657683672803));
#890 = CARTESIAN_POINT('',(5.038840975711,-1.819703954859));
#891 = CARTESIAN_POINT('',(11.898274666361,1.827576308599E-02));
#892 = CARTESIAN_POINT('',(10.060294948416,-6.841157927564));
#893 = CARTESIAN_POINT('',(8.222315230472,-13.70059161821));
#894 = CARTESIAN_POINT('',(3.200861257766,-8.679137645509));
#895 = ( GEOMETRIC_REPRESENTATION_CONTEXT(2) 
PARAMETRIC_REPRESENTATION_CONTEXT() REPRESENTATION_CONTEXT('2D SPACE',''
  ) );
#896 = PCURVE('',#897,#902);
#897 = CYLINDRICAL_SURFACE('',#898,4.1);
#898 = AXIS2_PLACEMENT_3D('',#899,#900,#901);
#899 = CARTESIAN_POINT('',(4.000000207424,41.96,1.9925));
#900 = DIRECTION('',(-1.387778780781E-17,4.77750063724E-33,1.));
#901 = DIRECTION('',(-0.707106781187,0.707106781187,-9.813077866774E-18)
  );
#902 = DEFINITIONAL_REPRESENTATION('',(#903),#907);
#903 = LINE('',#904,#905);
#904 = CARTESIAN_POINT('',(-1.7763568394E-15,0.3925));
#905 = VECTOR('',#906,1.);
#906 = DIRECTION('',(1.,2.827159716856E-16));
#907 = ( GEOMETRIC_REPRESENTATION_CONTEXT(2) 
PARAMETRIC_REPRESENTATION_CONTEXT() REPRESENTATION_CONTEXT('2D SPACE',''
  ) );
#908 = ORIENTED_EDGE('',*,*,#909,.F.);
#909 = EDGE_CURVE('',#910,#877,#912,.T.);
#910 = VERTEX_POINT('',#911);
#911 = CARTESIAN_POINT('',(29.8,46.06,2.385));
#912 = SURFACE_CURVE('',#913,(#917,#924),.PCURVE_S1.);
#913 = LINE('',#914,#915);
#914 = CARTESIAN_POINT('',(23.35,46.06,2.385));
#915 = VECTOR('',#916,1.);
#916 = DIRECTION('',(-1.,3.442552014342E-16,-3.675000490184E-32));
#917 = PCURVE('',#544,#918);
#918 = DEFINITIONAL_REPRESENTATION('',(#919),#923);
#919 = LINE('',#920,#921);
#920 = CARTESIAN_POINT('',(25.449998853207,-9.879999842644));
#921 = VECTOR('',#922,1.);
#922 = DIRECTION('',(-1.,-2.217756555489E-15));
#923 = ( GEOMETRIC_REPRESENTATION_CONTEXT(2) 
PARAMETRIC_REPRESENTATION_CONTEXT() REPRESENTATION_CONTEXT('2D SPACE',''
  ) );
#924 = PCURVE('',#925,#930);
#925 = PLANE('',#926);
#926 = AXIS2_PLACEMENT_3D('',#927,#928,#929);
#927 = CARTESIAN_POINT('',(29.8,46.06,-0.45));
#928 = DIRECTION('',(-3.442552014342E-16,-1.,0.));
#929 = DIRECTION('',(-1.,3.442552014342E-16,0.));
#930 = DEFINITIONAL_REPRESENTATION('',(#931),#935);
#931 = LINE('',#932,#933);
#932 = CARTESIAN_POINT('',(6.45,-2.835));
#933 = VECTOR('',#934,1.);
#934 = DIRECTION('',(1.,3.675000490184E-32));
#935 = ( GEOMETRIC_REPRESENTATION_CONTEXT(2) 
PARAMETRIC_REPRESENTATION_CONTEXT() REPRESENTATION_CONTEXT('2D SPACE',''
  ) );
#936 = ORIENTED_EDGE('',*,*,#937,.F.);
#937 = EDGE_CURVE('',#938,#910,#940,.T.);
#938 = VERTEX_POINT('',#939);
#939 = CARTESIAN_POINT('',(33.9,41.96,2.385));
#940 = SURFACE_CURVE('',#941,(#946,#957),.PCURVE_S1.);
#941 = CIRCLE('',#942,4.1);
#942 = AXIS2_PLACEMENT_3D('',#943,#944,#945);
#943 = CARTESIAN_POINT('',(29.8,41.96,2.385));
#944 = DIRECTION('',(-0.,1.067522139063E-16,1.));
#945 = DIRECTION('',(1.,0.,0.));
#946 = PCURVE('',#544,#947);
#947 = DEFINITIONAL_REPRESENTATION('',(#948),#956);
#948 = ( BOUNDED_CURVE() B_SPLINE_CURVE(2,(#949,#950,#951,#952,#953,#954
,#955),.UNSPECIFIED.,.T.,.F.) B_SPLINE_CURVE_WITH_KNOTS((1,2,2,2,2,1),(
    -2.094395102393,0.,2.094395102393,4.188790204786,6.28318530718,
8.377580409573),.UNSPECIFIED.) CURVE() GEOMETRIC_REPRESENTATION_ITEM() 
RATIONAL_B_SPLINE_CURVE((1.,0.5,1.,0.5,1.,0.5,1.)) REPRESENTATION_ITEM(
  '') );
#949 = CARTESIAN_POINT('',(35.999998853207,-5.779999842644));
#950 = CARTESIAN_POINT('',(35.999998853207,-12.88140815367));
#951 = CARTESIAN_POINT('',(29.849998853207,-9.33070399816));
#952 = CARTESIAN_POINT('',(23.699998853207,-5.779999842644));
#953 = CARTESIAN_POINT('',(29.849998853207,-2.229295687127));
#954 = CARTESIAN_POINT('',(35.999998853207,1.321408468389));
#955 = CARTESIAN_POINT('',(35.999998853207,-5.779999842644));
#956 = ( GEOMETRIC_REPRESENTATION_CONTEXT(2) 
PARAMETRIC_REPRESENTATION_CONTEXT() REPRESENTATION_CONTEXT('2D SPACE',''
  ) );
#957 = PCURVE('',#958,#963);
#958 = CYLINDRICAL_SURFACE('',#959,4.1);
#959 = AXIS2_PLACEMENT_3D('',#960,#961,#962);
#960 = CARTESIAN_POINT('',(29.8,41.96,-0.45));
#961 = DIRECTION('',(0.,0.,-1.));
#962 = DIRECTION('',(1.,0.,0.));
#963 = DEFINITIONAL_REPRESENTATION('',(#964),#968);
#964 = LINE('',#965,#966);
#965 = CARTESIAN_POINT('',(6.28318530718,-2.835));
#966 = VECTOR('',#967,1.);
#967 = DIRECTION('',(-1.,2.827159716856E-16));
#968 = ( GEOMETRIC_REPRESENTATION_CONTEXT(2) 
PARAMETRIC_REPRESENTATION_CONTEXT() REPRESENTATION_CONTEXT('2D SPACE',''
  ) );
#969 = ORIENTED_EDGE('',*,*,#970,.F.);
#970 = EDGE_CURVE('',#971,#938,#973,.T.);
#971 = VERTEX_POINT('',#972);
#972 = CARTESIAN_POINT('',(33.9,40.98000014782,2.385));
#973 = SURFACE_CURVE('',#974,(#978,#985),.PCURVE_S1.);
#974 = LINE('',#975,#976);
#975 = CARTESIAN_POINT('',(33.9,16.37999982797,2.385));
#976 = VECTOR('',#977,1.);
#977 = DIRECTION('',(9.958396954279E-17,1.,-1.067522139063E-16));
#978 = PCURVE('',#544,#979);
#979 = DEFINITIONAL_REPRESENTATION('',(#980),#984);
#980 = LINE('',#981,#982);
#981 = CARTESIAN_POINT('',(35.999998853207,19.800000329387));
#982 = VECTOR('',#983,1.);
#983 = DIRECTION('',(1.973085323598E-15,-1.));
#984 = ( GEOMETRIC_REPRESENTATION_CONTEXT(2) 
PARAMETRIC_REPRESENTATION_CONTEXT() REPRESENTATION_CONTEXT('2D SPACE',''
  ) );
#985 = PCURVE('',#986,#991);
#986 = PLANE('',#987);
#987 = AXIS2_PLACEMENT_3D('',#988,#989,#990);
#988 = CARTESIAN_POINT('',(33.9,4.,-0.45));
#989 = DIRECTION('',(-1.,9.958396954279E-17,0.));
#990 = DIRECTION('',(9.958396954279E-17,1.,0.));
#991 = DEFINITIONAL_REPRESENTATION('',(#992),#996);
#992 = LINE('',#993,#994);
#993 = CARTESIAN_POINT('',(12.37999982797,-2.835));
#994 = VECTOR('',#995,1.);
#995 = DIRECTION('',(1.,1.067522139063E-16));
#996 = ( GEOMETRIC_REPRESENTATION_CONTEXT(2) 
PARAMETRIC_REPRESENTATION_CONTEXT() REPRESENTATION_CONTEXT('2D SPACE',''
  ) );
#997 = ORIENTED_EDGE('',*,*,#998,.F.);
#998 = EDGE_CURVE('',#999,#971,#1001,.T.);
#999 = VERTEX_POINT('',#1000);
#1000 = CARTESIAN_POINT('',(34.999998836517,40.98000014782,2.385));
#1001 = SURFACE_CURVE('',#1002,(#1006,#1013),.PCURVE_S1.);
#1002 = LINE('',#1003,#1004);
#1003 = CARTESIAN_POINT('',(26.199999418259,40.98000014782,2.385));
#1004 = VECTOR('',#1005,1.);
#1005 = DIRECTION('',(-1.,0.,0.));
#1006 = PCURVE('',#544,#1007);
#1007 = DEFINITIONAL_REPRESENTATION('',(#1008),#1012);
#1008 = LINE('',#1009,#1010);
#1009 = CARTESIAN_POINT('',(28.299998271465,-4.799999990463));
#1010 = VECTOR('',#1011,1.);
#1011 = DIRECTION('',(-1.,-1.873501354055E-15));
#1012 = ( GEOMETRIC_REPRESENTATION_CONTEXT(2) 
PARAMETRIC_REPRESENTATION_CONTEXT() REPRESENTATION_CONTEXT('2D SPACE',''
  ) );
#1013 = PCURVE('',#1014,#1019);
#1014 = PLANE('',#1015);
#1015 = AXIS2_PLACEMENT_3D('',#1016,#1017,#1018);
#1016 = CARTESIAN_POINT('',(35.499998836517,40.98000014782,2.535));
#1017 = DIRECTION('',(0.,1.,-7.401486830834E-15));
#1018 = DIRECTION('',(-8.217301096052E-31,-7.401486830834E-15,-1.));
#1019 = DEFINITIONAL_REPRESENTATION('',(#1020),#1024);
#1020 = LINE('',#1021,#1022);
#1021 = CARTESIAN_POINT('',(0.15,9.299999418259));
#1022 = VECTOR('',#1023,1.);
#1023 = DIRECTION('',(8.217301096052E-31,1.));
#1024 = ( GEOMETRIC_REPRESENTATION_CONTEXT(2) 
PARAMETRIC_REPRESENTATION_CONTEXT() REPRESENTATION_CONTEXT('2D SPACE',''
  ) );
#1025 = ORIENTED_EDGE('',*,*,#1026,.F.);
#1026 = EDGE_CURVE('',#1027,#999,#1029,.T.);
#1027 = VERTEX_POINT('',#1028);
#1028 = CARTESIAN_POINT('',(35.5,40.48000014782,2.385));
#1029 = SURFACE_CURVE('',#1030,(#1035,#1046),.PCURVE_S1.);
#1030 = CIRCLE('',#1031,0.5);
#1031 = AXIS2_PLACEMENT_3D('',#1032,#1033,#1034);
#1032 = CARTESIAN_POINT('',(34.999998836517,40.48000014782,2.385));
#1033 = DIRECTION('',(-2.775557561563E-17,-1.102216608582E-16,1.));
#1034 = DIRECTION('',(0.707106781187,0.707106781187,9.756463956004E-17)
  );
#1035 = PCURVE('',#544,#1036);
#1036 = DEFINITIONAL_REPRESENTATION('',(#1037),#1045);
#1037 = ( BOUNDED_CURVE() B_SPLINE_CURVE(2,(#1038,#1039,#1040,#1041,
#1042,#1043,#1044),.UNSPECIFIED.,.T.,.F.) B_SPLINE_CURVE_WITH_KNOTS((1,2
    ,2,2,2,1),(-2.094395102393,0.,2.094395102393,4.188790204786,
6.28318530718,8.377580409573),.UNSPECIFIED.) CURVE() 
GEOMETRIC_REPRESENTATION_ITEM() RATIONAL_B_SPLINE_CURVE((1.,0.5,1.,0.5,
1.,0.5,1.)) REPRESENTATION_ITEM('') );
#1038 = CARTESIAN_POINT('',(37.453551080317,-4.653553381056));
#1039 = CARTESIAN_POINT('',(36.841178644621,-5.265925816752));
#1040 = CARTESIAN_POINT('',(36.617034776579,-4.429409513014));
#1041 = CARTESIAN_POINT('',(36.392890908537,-3.592893209277));
#1042 = CARTESIAN_POINT('',(37.229407212275,-3.817037077319));
#1043 = CARTESIAN_POINT('',(38.065923516013,-4.041180945361));
#1044 = CARTESIAN_POINT('',(37.453551080317,-4.653553381056));
#1045 = ( GEOMETRIC_REPRESENTATION_CONTEXT(2) 
PARAMETRIC_REPRESENTATION_CONTEXT() REPRESENTATION_CONTEXT('2D SPACE',''
  ) );
#1046 = PCURVE('',#1047,#1052);
#1047 = CYLINDRICAL_SURFACE('',#1048,0.5);
#1048 = AXIS2_PLACEMENT_3D('',#1049,#1050,#1051);
#1049 = CARTESIAN_POINT('',(34.999998836517,40.48000014782,2.4925));
#1050 = DIRECTION('',(-8.217301096052E-31,-7.401486830834E-15,-1.));
#1051 = DIRECTION('',(0.707106781187,0.707106781187,-5.233641528946E-15)
  );
#1052 = DEFINITIONAL_REPRESENTATION('',(#1053),#1057);
#1053 = LINE('',#1054,#1055);
#1054 = CARTESIAN_POINT('',(12.566370614359,0.1075));
#1055 = VECTOR('',#1056,1.);
#1056 = DIRECTION('',(-1.,-2.261727773485E-15));
#1057 = ( GEOMETRIC_REPRESENTATION_CONTEXT(2) 
PARAMETRIC_REPRESENTATION_CONTEXT() REPRESENTATION_CONTEXT('2D SPACE',''
  ) );
#1058 = ORIENTED_EDGE('',*,*,#1059,.T.);
#1059 = EDGE_CURVE('',#1027,#1060,#1062,.T.);
#1060 = VERTEX_POINT('',#1061);
#1061 = CARTESIAN_POINT('',(35.499998836517,39.98000014782,2.385));
#1062 = SURFACE_CURVE('',#1063,(#1067,#1074),.PCURVE_S1.);
#1063 = LINE('',#1064,#1065);
#1064 = CARTESIAN_POINT('',(35.5,29.580000078678,2.385));
#1065 = VECTOR('',#1066,1.);
#1066 = DIRECTION('',(1.169887275685E-16,-1.,-1.102216608582E-16));
#1067 = PCURVE('',#544,#1068);
#1068 = DEFINITIONAL_REPRESENTATION('',(#1069),#1073);
#1069 = LINE('',#1070,#1071);
#1070 = CARTESIAN_POINT('',(37.599998853207,6.600000078678));
#1071 = VECTOR('',#1072,1.);
#1072 = DIRECTION('',(-1.756512626486E-15,1.));
#1073 = ( GEOMETRIC_REPRESENTATION_CONTEXT(2) 
PARAMETRIC_REPRESENTATION_CONTEXT() REPRESENTATION_CONTEXT('2D SPACE',''
  ) );
#1074 = PCURVE('',#1075,#1080);
#1075 = PLANE('',#1076);
#1076 = AXIS2_PLACEMENT_3D('',#1077,#1078,#1079);
#1077 = CARTESIAN_POINT('',(35.499998836517,36.180000147819,2.45));
#1078 = DIRECTION('',(1.,-1.110223024625E-16,0.));
#1079 = DIRECTION('',(1.110223024625E-16,1.,0.));
#1080 = DEFINITIONAL_REPRESENTATION('',(#1081),#1085);
#1081 = LINE('',#1082,#1083);
#1082 = CARTESIAN_POINT('',(-6.600000069141,-6.5E-02));
#1083 = VECTOR('',#1084,1.);
#1084 = DIRECTION('',(-1.,-1.102216608582E-16));
#1085 = ( GEOMETRIC_REPRESENTATION_CONTEXT(2) 
PARAMETRIC_REPRESENTATION_CONTEXT() REPRESENTATION_CONTEXT('2D SPACE',''
  ) );
#1086 = ORIENTED_EDGE('',*,*,#1087,.F.);
#1087 = EDGE_CURVE('',#1088,#1060,#1090,.T.);
#1088 = VERTEX_POINT('',#1089);
#1089 = CARTESIAN_POINT('',(37.099998836517,39.98000014782,2.385));
#1090 = SURFACE_CURVE('',#1091,(#1095,#1102),.PCURVE_S1.);
#1091 = LINE('',#1092,#1093);
#1092 = CARTESIAN_POINT('',(35.699998836517,39.98000014782,2.385));
#1093 = VECTOR('',#1094,1.);
#1094 = DIRECTION('',(-1.,-1.44444745829E-34,1.541979640438E-50));
#1095 = PCURVE('',#544,#1096);
#1096 = DEFINITIONAL_REPRESENTATION('',(#1097),#1101);
#1097 = LINE('',#1098,#1099);
#1098 = CARTESIAN_POINT('',(37.799997689724,-3.799999990463));
#1099 = VECTOR('',#1100,1.);
#1100 = DIRECTION('',(-1.,-1.873501354055E-15));
#1101 = ( GEOMETRIC_REPRESENTATION_CONTEXT(2) 
PARAMETRIC_REPRESENTATION_CONTEXT() REPRESENTATION_CONTEXT('2D SPACE',''
  ) );
#1102 = PCURVE('',#1103,#1108);
#1103 = CYLINDRICAL_SURFACE('',#1104,1.25);
#1104 = AXIS2_PLACEMENT_3D('',#1105,#1106,#1107);
#1105 = CARTESIAN_POINT('',(35.699998836517,38.731691291807,2.45));
#1106 = DIRECTION('',(-1.,-1.44444745829E-34,-1.543029758686E-64));
#1107 = DIRECTION('',(-1.442493243383E-34,0.99864708481,
    -5.200000000001E-02));
#1108 = DEFINITIONAL_REPRESENTATION('',(#1109),#1113);
#1109 = LINE('',#1110,#1111);
#1110 = CARTESIAN_POINT('',(0.,0.));
#1111 = VECTOR('',#1112,1.);
#1112 = DIRECTION('',(0.,1.));
#1113 = ( GEOMETRIC_REPRESENTATION_CONTEXT(2) 
PARAMETRIC_REPRESENTATION_CONTEXT() REPRESENTATION_CONTEXT('2D SPACE',''
  ) );
#1114 = ORIENTED_EDGE('',*,*,#1115,.F.);
#1115 = EDGE_CURVE('',#1116,#1088,#1118,.T.);
#1116 = VERTEX_POINT('',#1117);
#1117 = CARTESIAN_POINT('',(37.099998836517,41.979060767318,2.385));
#1118 = SURFACE_CURVE('',#1119,(#1123,#1130),.PCURVE_S1.);
#1119 = LINE('',#1120,#1121);
#1120 = CARTESIAN_POINT('',(37.099998836517,36.180000147819,2.385));
#1121 = VECTOR('',#1122,1.);
#1122 = DIRECTION('',(-1.110223024625E-16,-1.,1.067522139063E-16));
#1123 = PCURVE('',#544,#1124);
#1124 = DEFINITIONAL_REPRESENTATION('',(#1125),#1129);
#1125 = LINE('',#1126,#1127);
#1126 = CARTESIAN_POINT('',(39.199997689724,9.53687145921E-09));
#1127 = VECTOR('',#1128,1.);
#1128 = DIRECTION('',(-1.984523656517E-15,1.));
#1129 = ( GEOMETRIC_REPRESENTATION_CONTEXT(2) 
PARAMETRIC_REPRESENTATION_CONTEXT() REPRESENTATION_CONTEXT('2D SPACE',''
  ) );
#1130 = PCURVE('',#1131,#1136);
#1131 = PLANE('',#1132);
#1132 = AXIS2_PLACEMENT_3D('',#1133,#1134,#1135);
#1133 = CARTESIAN_POINT('',(37.099998836517,36.180000147819,2.45));
#1134 = DIRECTION('',(1.,-1.110223024625E-16,0.));
#1135 = DIRECTION('',(1.110223024625E-16,1.,0.));
#1136 = DEFINITIONAL_REPRESENTATION('',(#1137),#1141);
#1137 = LINE('',#1138,#1139);
#1138 = CARTESIAN_POINT('',(0.,-6.5E-02));
#1139 = VECTOR('',#1140,1.);
#1140 = DIRECTION('',(-1.,1.067522139063E-16));
#1141 = ( GEOMETRIC_REPRESENTATION_CONTEXT(2) 
PARAMETRIC_REPRESENTATION_CONTEXT() REPRESENTATION_CONTEXT('2D SPACE',''
  ) );
#1142 = ORIENTED_EDGE('',*,*,#1143,.F.);
#1143 = EDGE_CURVE('',#1144,#1116,#1146,.T.);
#1144 = VERTEX_POINT('',#1145);
#1145 = CARTESIAN_POINT('',(36.299998836517,42.779307150568,2.385));
#1146 = SURFACE_CURVE('',#1147,(#1151,#1158),.PCURVE_S1.);
#1147 = ( BOUNDED_CURVE() B_SPLINE_CURVE(2,(#1148,#1149,#1150),
.UNSPECIFIED.,.F.,.F.) B_SPLINE_CURVE_WITH_KNOTS((3,3),(
9.803964123296E-02,0.226301773306),.PIECEWISE_BEZIER_KNOTS.) CURVE() 
GEOMETRIC_REPRESENTATION_ITEM() RATIONAL_B_SPLINE_CURVE((1.017826922815,
1.020574658347,1.)) REPRESENTATION_ITEM('') );
#1148 = CARTESIAN_POINT('',(36.299998836517,42.779307150568,2.385));
#1149 = CARTESIAN_POINT('',(36.760413387998,42.318788008151,2.385));
#1150 = CARTESIAN_POINT('',(37.099998836517,41.979060767318,2.385));
#1151 = PCURVE('',#544,#1152);
#1152 = DEFINITIONAL_REPRESENTATION('',(#1153),#1157);
#1153 = ( BOUNDED_CURVE() B_SPLINE_CURVE(2,(#1154,#1155,#1156),
.UNSPECIFIED.,.F.,.F.) B_SPLINE_CURVE_WITH_KNOTS((3,3),(
9.803964123296E-02,0.226301773306),.PIECEWISE_BEZIER_KNOTS.) CURVE() 
GEOMETRIC_REPRESENTATION_ITEM() RATIONAL_B_SPLINE_CURVE((1.017826922815,
1.020574658347,1.)) REPRESENTATION_ITEM('') );
#1154 = CARTESIAN_POINT('',(38.399997689724,-6.599306993212));
#1155 = CARTESIAN_POINT('',(38.860412241205,-6.138787850795));
#1156 = CARTESIAN_POINT('',(39.199997689724,-5.799060609962));
#1157 = ( GEOMETRIC_REPRESENTATION_CONTEXT(2) 
PARAMETRIC_REPRESENTATION_CONTEXT() REPRESENTATION_CONTEXT('2D SPACE',''
  ) );
#1158 = PCURVE('',#1159,#1164);
#1159 = CONICAL_SURFACE('',#1160,2.65,0.785398163397);
#1160 = AXIS2_PLACEMENT_3D('',#1161,#1162,#1163);
#1161 = CARTESIAN_POINT('',(36.699998836517,39.72999985218,2.45));
#1162 = DIRECTION('',(-1.,0.,0.));
#1163 = DIRECTION('',(-0.,-0.707106781187,-0.707106781187));
#1164 = DEFINITIONAL_REPRESENTATION('',(#1165),#1191);
#1165 = B_SPLINE_CURVE_WITH_KNOTS('',3,(#1166,#1167,#1168,#1169,#1170,
    #1171,#1172,#1173,#1174,#1175,#1176,#1177,#1178,#1179,#1180,#1181,
    #1182,#1183,#1184,#1185,#1186,#1187,#1188,#1189,#1190),
  .UNSPECIFIED.,.F.,.F.,(4,1,1,1,1,1,1,1,1,1,1,1,1,1,1,1,1,1,1,1,1,1,4),
  (9.803964123296E-02,0.103869738145,0.109699835058,0.11552993197,
    0.121360028883,0.127190125795,0.133020222708,0.13885031962,
    0.144680416532,0.150510513445,0.156340610357,0.16217070727,
    0.168000804182,0.173830901095,0.179660998007,0.185491094919,
    0.191321191832,0.197151288744,0.202981385657,0.208811482569,
    0.214641579482,0.220471676394,0.226301773306),
  .QUASI_UNIFORM_KNOTS.);
#1166 = CARTESIAN_POINT('',(3.948303905931,0.4));
#1167 = CARTESIAN_POINT('',(3.948401678969,0.386010406731));
#1168 = CARTESIAN_POINT('',(3.948598545717,0.35822713671));
#1169 = CARTESIAN_POINT('',(3.948897891786,0.317128163181));
#1170 = CARTESIAN_POINT('',(3.949201366824,0.276593175461));
#1171 = CARTESIAN_POINT('',(3.94950905702,0.236610674604));
#1172 = CARTESIAN_POINT('',(3.949821050742,0.197169440529));
#1173 = CARTESIAN_POINT('',(3.950137438912,0.158258563588));
#1174 = CARTESIAN_POINT('',(3.950458315009,0.119867423242));
#1175 = CARTESIAN_POINT('',(3.95078377519,8.198568141091E-02));
#1176 = CARTESIAN_POINT('',(3.951113918374,4.460327238538E-02));
#1177 = CARTESIAN_POINT('',(3.95144884635,7.710394128283E-03));
#1178 = CARTESIAN_POINT('',(3.951788663874,-2.870250035269E-02));
#1179 = CARTESIAN_POINT('',(3.952133478784,-6.464471122496E-02));
#1180 = CARTESIAN_POINT('',(3.952483402113,-0.100125299755));
#1181 = CARTESIAN_POINT('',(3.952838548203,-0.135153095918));
#1182 = CARTESIAN_POINT('',(3.953199034839,-0.169736705737));
#1183 = CARTESIAN_POINT('',(3.953564983369,-0.203884518297));
#1184 = CARTESIAN_POINT('',(3.953936518846,-0.237604712642));
#1185 = CARTESIAN_POINT('',(3.954313770175,-0.270905263882));
#1186 = CARTESIAN_POINT('',(3.954696870226,-0.303793951077));
#1187 = CARTESIAN_POINT('',(3.955085956142,-0.336278357328));
#1188 = CARTESIAN_POINT('',(3.955481168918,-0.368365897868));
#1189 = CARTESIAN_POINT('',(3.955748826812,-0.389497794374));
#1190 = CARTESIAN_POINT('',(3.955883725676,-0.4));
#1191 = ( GEOMETRIC_REPRESENTATION_CONTEXT(2) 
PARAMETRIC_REPRESENTATION_CONTEXT() REPRESENTATION_CONTEXT('2D SPACE',''
  ) );
#1192 = ORIENTED_EDGE('',*,*,#1193,.T.);
#1193 = EDGE_CURVE('',#1144,#1194,#1196,.T.);
#1194 = VERTEX_POINT('',#1195);
#1195 = CARTESIAN_POINT('',(35.45361118761,42.779307150568,2.385));
#1196 = SURFACE_CURVE('',#1197,(#1201,#1208),.PCURVE_S1.);
#1197 = LINE('',#1198,#1199);
#1198 = CARTESIAN_POINT('',(35.499998836517,42.779307150568,2.385));
#1199 = VECTOR('',#1200,1.);
#1200 = DIRECTION('',(-1.,-1.44444745829E-34,4.111945707834E-50));
#1201 = PCURVE('',#544,#1202);
#1202 = DEFINITIONAL_REPRESENTATION('',(#1203),#1207);
#1203 = LINE('',#1204,#1205);
#1204 = CARTESIAN_POINT('',(37.599997689724,-6.599306993212));
#1205 = VECTOR('',#1206,1.);
#1206 = DIRECTION('',(-1.,-1.873501354055E-15));
#1207 = ( GEOMETRIC_REPRESENTATION_CONTEXT(2) 
PARAMETRIC_REPRESENTATION_CONTEXT() REPRESENTATION_CONTEXT('2D SPACE',''
  ) );
#1208 = PCURVE('',#1209,#1214);
#1209 = CYLINDRICAL_SURFACE('',#1210,3.05);
#1210 = AXIS2_PLACEMENT_3D('',#1211,#1212,#1213);
#1211 = CARTESIAN_POINT('',(35.499998836517,39.72999985218,2.45));
#1212 = DIRECTION('',(1.,1.44444745829E-34,-4.111945707834E-50));
#1213 = DIRECTION('',(-1.021378592825E-34,0.707106781187,0.707106781187)
  );
#1214 = DEFINITIONAL_REPRESENTATION('',(#1215),#1219);
#1215 = LINE('',#1216,#1217);
#1216 = CARTESIAN_POINT('',(5.476474054838,0.));
#1217 = VECTOR('',#1218,1.);
#1218 = DIRECTION('',(0.,-1.));
#1219 = ( GEOMETRIC_REPRESENTATION_CONTEXT(2) 
PARAMETRIC_REPRESENTATION_CONTEXT() REPRESENTATION_CONTEXT('2D SPACE',''
  ) );
#1220 = ORIENTED_EDGE('',*,*,#1221,.F.);
#1221 = EDGE_CURVE('',#1222,#1194,#1224,.T.);
#1222 = VERTEX_POINT('',#1223);
#1223 = CARTESIAN_POINT('',(34.720529016613,44.909999999999,2.385));
#1224 = SURFACE_CURVE('',#1225,(#1230,#1237),.PCURVE_S1.);
#1225 = CIRCLE('',#1226,5.6);
#1226 = AXIS2_PLACEMENT_3D('',#1227,#1228,#1229);
#1227 = CARTESIAN_POINT('',(29.9,42.06,2.385));
#1228 = DIRECTION('',(2.775557561563E-17,1.102216608582E-16,-1.));
#1229 = DIRECTION('',(0.707106781187,0.707106781187,9.756463956004E-17)
  );
#1230 = PCURVE('',#544,#1231);
#1231 = DEFINITIONAL_REPRESENTATION('',(#1232),#1236);
#1232 = CIRCLE('',#1233,5.6);
#1233 = AXIS2_PLACEMENT_2D('',#1234,#1235);
#1234 = CARTESIAN_POINT('',(31.999998853207,-5.879999842644));
#1235 = DIRECTION('',(0.707106781187,-0.707106781187));
#1236 = ( GEOMETRIC_REPRESENTATION_CONTEXT(2) 
PARAMETRIC_REPRESENTATION_CONTEXT() REPRESENTATION_CONTEXT('2D SPACE',''
  ) );
#1237 = PCURVE('',#1238,#1243);
#1238 = CYLINDRICAL_SURFACE('',#1239,5.6);
#1239 = AXIS2_PLACEMENT_3D('',#1240,#1241,#1242);
#1240 = CARTESIAN_POINT('',(29.9,42.06,-2.05));
#1241 = DIRECTION('',(0.,0.,1.));
#1242 = DIRECTION('',(0.707106781187,0.707106781187,0.));
#1243 = DEFINITIONAL_REPRESENTATION('',(#1244),#1248);
#1244 = LINE('',#1245,#1246);
#1245 = CARTESIAN_POINT('',(6.28318530718,4.435));
#1246 = VECTOR('',#1247,1.);
#1247 = DIRECTION('',(-1.,0.));
#1248 = ( GEOMETRIC_REPRESENTATION_CONTEXT(2) 
PARAMETRIC_REPRESENTATION_CONTEXT() REPRESENTATION_CONTEXT('2D SPACE',''
  ) );
#1249 = ORIENTED_EDGE('',*,*,#1250,.T.);
#1250 = EDGE_CURVE('',#1222,#1251,#1253,.T.);
#1251 = VERTEX_POINT('',#1252);
#1252 = CARTESIAN_POINT('',(27.675140453871,47.66,2.385));
#1253 = SURFACE_CURVE('',#1254,(#1259,#1270),.PCURVE_S1.);
#1254 = CIRCLE('',#1255,5.2);
#1255 = AXIS2_PLACEMENT_3D('',#1256,#1257,#1258);
#1256 = CARTESIAN_POINT('',(29.9,42.96,2.385));
#1257 = DIRECTION('',(0.,0.,1.));
#1258 = DIRECTION('',(1.,0.,0.));
#1259 = PCURVE('',#544,#1260);
#1260 = DEFINITIONAL_REPRESENTATION('',(#1261),#1269);
#1261 = ( BOUNDED_CURVE() B_SPLINE_CURVE(2,(#1262,#1263,#1264,#1265,
#1266,#1267,#1268),.UNSPECIFIED.,.T.,.F.) B_SPLINE_CURVE_WITH_KNOTS((1,2
    ,2,2,2,1),(-2.094395102393,0.,2.094395102393,4.188790204786,
6.28318530718,8.377580409573),.UNSPECIFIED.) CURVE() 
GEOMETRIC_REPRESENTATION_ITEM() RATIONAL_B_SPLINE_CURVE((1.,0.5,1.,0.5,
1.,0.5,1.)) REPRESENTATION_ITEM('') );
#1262 = CARTESIAN_POINT('',(37.199998853207,-6.779999842644));
#1263 = CARTESIAN_POINT('',(37.199998853207,-15.786664042));
#1264 = CARTESIAN_POINT('',(29.399998853207,-11.28333194232));
#1265 = CARTESIAN_POINT('',(21.599998853207,-6.779999842644));
#1266 = CARTESIAN_POINT('',(29.399998853207,-2.276667742965));
#1267 = CARTESIAN_POINT('',(37.199998853207,2.226664356715));
#1268 = CARTESIAN_POINT('',(37.199998853207,-6.779999842644));
#1269 = ( GEOMETRIC_REPRESENTATION_CONTEXT(2) 
PARAMETRIC_REPRESENTATION_CONTEXT() REPRESENTATION_CONTEXT('2D SPACE',''
  ) );
#1270 = PCURVE('',#1271,#1276);
#1271 = CYLINDRICAL_SURFACE('',#1272,5.2);
#1272 = AXIS2_PLACEMENT_3D('',#1273,#1274,#1275);
#1273 = CARTESIAN_POINT('',(29.9,42.96,-2.05));
#1274 = DIRECTION('',(0.,0.,1.));
#1275 = DIRECTION('',(1.,0.,0.));
#1276 = DEFINITIONAL_REPRESENTATION('',(#1277),#1281);
#1277 = LINE('',#1278,#1279);
#1278 = CARTESIAN_POINT('',(-2.775557561563E-16,4.435));
#1279 = VECTOR('',#1280,1.);
#1280 = DIRECTION('',(1.,0.));
#1281 = ( GEOMETRIC_REPRESENTATION_CONTEXT(2) 
PARAMETRIC_REPRESENTATION_CONTEXT() REPRESENTATION_CONTEXT('2D SPACE',''
  ) );
#1282 = ORIENTED_EDGE('',*,*,#1283,.F.);
#1283 = EDGE_CURVE('',#1284,#1251,#1286,.T.);
#1284 = VERTEX_POINT('',#1285);
#1285 = CARTESIAN_POINT('',(6.124859546129,47.66,2.385));
#1286 = SURFACE_CURVE('',#1287,(#1291,#1298),.PCURVE_S1.);
#1287 = LINE('',#1288,#1289);
#1288 = CARTESIAN_POINT('',(10.45,47.66,2.385));
#1289 = VECTOR('',#1290,1.);
#1290 = DIRECTION('',(1.,-3.442552014342E-16,3.675000490184E-32));
#1291 = PCURVE('',#544,#1292);
#1292 = DEFINITIONAL_REPRESENTATION('',(#1293),#1297);
#1293 = LINE('',#1294,#1295);
#1294 = CARTESIAN_POINT('',(12.549998853207,-11.47999984264));
#1295 = VECTOR('',#1296,1.);
#1296 = DIRECTION('',(1.,2.217756555489E-15));
#1297 = ( GEOMETRIC_REPRESENTATION_CONTEXT(2) 
PARAMETRIC_REPRESENTATION_CONTEXT() REPRESENTATION_CONTEXT('2D SPACE',''
  ) );
#1298 = PCURVE('',#1299,#1304);
#1299 = PLANE('',#1300);
#1300 = AXIS2_PLACEMENT_3D('',#1301,#1302,#1303);
#1301 = CARTESIAN_POINT('',(4.,47.66,-2.05));
#1302 = DIRECTION('',(3.442552014342E-16,1.,0.));
#1303 = DIRECTION('',(1.,-3.442552014342E-16,0.));
#1304 = DEFINITIONAL_REPRESENTATION('',(#1305),#1309);
#1305 = LINE('',#1306,#1307);
#1306 = CARTESIAN_POINT('',(6.45,-4.435));
#1307 = VECTOR('',#1308,1.);
#1308 = DIRECTION('',(1.,-3.675000490184E-32));
#1309 = ( GEOMETRIC_REPRESENTATION_CONTEXT(2) 
PARAMETRIC_REPRESENTATION_CONTEXT() REPRESENTATION_CONTEXT('2D SPACE',''
  ) );
#1310 = ORIENTED_EDGE('',*,*,#1311,.T.);
#1311 = EDGE_CURVE('',#1284,#528,#1312,.T.);
#1312 = SURFACE_CURVE('',#1313,(#1318,#1329),.PCURVE_S1.);
#1313 = CIRCLE('',#1314,5.2);
#1314 = AXIS2_PLACEMENT_3D('',#1315,#1316,#1317);
#1315 = CARTESIAN_POINT('',(3.9,42.96,2.385));
#1316 = DIRECTION('',(0.,0.,1.));
#1317 = DIRECTION('',(1.,0.,0.));
#1318 = PCURVE('',#544,#1319);
#1319 = DEFINITIONAL_REPRESENTATION('',(#1320),#1328);
#1320 = ( BOUNDED_CURVE() B_SPLINE_CURVE(2,(#1321,#1322,#1323,#1324,
#1325,#1326,#1327),.UNSPECIFIED.,.T.,.F.) B_SPLINE_CURVE_WITH_KNOTS((1,2
    ,2,2,2,1),(-2.094395102393,0.,2.094395102393,4.188790204786,
6.28318530718,8.377580409573),.UNSPECIFIED.) CURVE() 
GEOMETRIC_REPRESENTATION_ITEM() RATIONAL_B_SPLINE_CURVE((1.,0.5,1.,0.5,
1.,0.5,1.)) REPRESENTATION_ITEM('') );
#1321 = CARTESIAN_POINT('',(11.199998853207,-6.779999842644));
#1322 = CARTESIAN_POINT('',(11.199998853207,-15.786664042));
#1323 = CARTESIAN_POINT('',(3.399998853207,-11.28333194232));
#1324 = CARTESIAN_POINT('',(-4.400001146793,-6.779999842644));
#1325 = CARTESIAN_POINT('',(3.399998853207,-2.276667742965));
#1326 = CARTESIAN_POINT('',(11.199998853207,2.226664356714));
#1327 = CARTESIAN_POINT('',(11.199998853207,-6.779999842644));
#1328 = ( GEOMETRIC_REPRESENTATION_CONTEXT(2) 
PARAMETRIC_REPRESENTATION_CONTEXT() REPRESENTATION_CONTEXT('2D SPACE',''
  ) );
#1329 = PCURVE('',#572,#1330);
#1330 = DEFINITIONAL_REPRESENTATION('',(#1331),#1335);
#1331 = LINE('',#1332,#1333);
#1332 = CARTESIAN_POINT('',(-2.22044604925E-16,4.435));
#1333 = VECTOR('',#1334,1.);
#1334 = DIRECTION('',(1.,0.));
#1335 = ( GEOMETRIC_REPRESENTATION_CONTEXT(2) 
PARAMETRIC_REPRESENTATION_CONTEXT() REPRESENTATION_CONTEXT('2D SPACE',''
  ) );
#1336 = ORIENTED_EDGE('',*,*,#527,.F.);
#1337 = ADVANCED_FACE('',(#1338),#1352,.T.);
#1338 = FACE_BOUND('',#1339,.T.);
#1339 = EDGE_LOOP('',(#1340,#1397,#1430,#1458));
#1340 = ORIENTED_EDGE('',*,*,#1341,.T.);
#1341 = EDGE_CURVE('',#1342,#1344,#1346,.T.);
#1342 = VERTEX_POINT('',#1343);
#1343 = CARTESIAN_POINT('',(36.299998836517,16.379307002749,2.385));
#1344 = VERTEX_POINT('',#1345);
#1345 = CARTESIAN_POINT('',(37.099998836517,15.579060619499,2.385));
#1346 = SURFACE_CURVE('',#1347,(#1351,#1385),.PCURVE_S1.);
#1347 = ( BOUNDED_CURVE() B_SPLINE_CURVE(2,(#1348,#1349,#1350),
.UNSPECIFIED.,.F.,.F.) B_SPLINE_CURVE_WITH_KNOTS((3,3),(
9.803964123296E-02,0.226301773306),.PIECEWISE_BEZIER_KNOTS.) CURVE() 
GEOMETRIC_REPRESENTATION_ITEM() RATIONAL_B_SPLINE_CURVE((1.017826922815,
1.020574658347,1.)) REPRESENTATION_ITEM('') );
#1348 = CARTESIAN_POINT('',(36.299998836517,16.379307002749,2.385));
#1349 = CARTESIAN_POINT('',(36.760413387998,15.918787860332,2.385));
#1350 = CARTESIAN_POINT('',(37.099998836517,15.579060619499,2.385));
#1351 = PCURVE('',#1352,#1357);
#1352 = CONICAL_SURFACE('',#1353,2.65,0.785398163397);
#1353 = AXIS2_PLACEMENT_3D('',#1354,#1355,#1356);
#1354 = CARTESIAN_POINT('',(36.699998836517,13.329999704361,2.45));
#1355 = DIRECTION('',(-1.,0.,0.));
#1356 = DIRECTION('',(-0.,-0.707106781187,-0.707106781187));
#1357 = DEFINITIONAL_REPRESENTATION('',(#1358),#1384);
#1358 = B_SPLINE_CURVE_WITH_KNOTS('',3,(#1359,#1360,#1361,#1362,#1363,
    #1364,#1365,#1366,#1367,#1368,#1369,#1370,#1371,#1372,#1373,#1374,
    #1375,#1376,#1377,#1378,#1379,#1380,#1381,#1382,#1383),
  .UNSPECIFIED.,.F.,.F.,(4,1,1,1,1,1,1,1,1,1,1,1,1,1,1,1,1,1,1,1,1,1,4),
  (9.803964123296E-02,0.103869738145,0.109699835058,0.11552993197,
    0.121360028883,0.127190125795,0.133020222708,0.13885031962,
    0.144680416532,0.150510513445,0.156340610357,0.16217070727,
    0.168000804182,0.173830901095,0.179660998007,0.185491094919,
    0.191321191832,0.197151288744,0.202981385657,0.208811482569,
    0.214641579482,0.220471676394,0.226301773306),
  .QUASI_UNIFORM_KNOTS.);
#1359 = CARTESIAN_POINT('',(3.948303905931,0.4));
#1360 = CARTESIAN_POINT('',(3.948401678969,0.386010406731));
#1361 = CARTESIAN_POINT('',(3.948598545717,0.35822713671));
#1362 = CARTESIAN_POINT('',(3.948897891786,0.317128163181));
#1363 = CARTESIAN_POINT('',(3.949201366824,0.276593175461));
#1364 = CARTESIAN_POINT('',(3.949509057019,0.236610674604));
#1365 = CARTESIAN_POINT('',(3.949821050742,0.197169440528));
#1366 = CARTESIAN_POINT('',(3.950137438912,0.158258563588));
#1367 = CARTESIAN_POINT('',(3.950458315009,0.119867423242));
#1368 = CARTESIAN_POINT('',(3.95078377519,8.198568141086E-02));
#1369 = CARTESIAN_POINT('',(3.951113918374,4.460327238535E-02));
#1370 = CARTESIAN_POINT('',(3.95144884635,7.710394128247E-03));
#1371 = CARTESIAN_POINT('',(3.951788663874,-2.870250035273E-02));
#1372 = CARTESIAN_POINT('',(3.952133478784,-6.464471122499E-02));
#1373 = CARTESIAN_POINT('',(3.952483402113,-0.100125299755));
#1374 = CARTESIAN_POINT('',(3.952838548203,-0.135153095918));
#1375 = CARTESIAN_POINT('',(3.953199034839,-0.169736705737));
#1376 = CARTESIAN_POINT('',(3.953564983369,-0.203884518297));
#1377 = CARTESIAN_POINT('',(3.953936518846,-0.237604712642));
#1378 = CARTESIAN_POINT('',(3.954313770175,-0.270905263882));
#1379 = CARTESIAN_POINT('',(3.954696870226,-0.303793951077));
#1380 = CARTESIAN_POINT('',(3.955085956142,-0.336278357328));
#1381 = CARTESIAN_POINT('',(3.955481168918,-0.368365897868));
#1382 = CARTESIAN_POINT('',(3.955748826812,-0.389497794374));
#1383 = CARTESIAN_POINT('',(3.955883725676,-0.4));
#1384 = ( GEOMETRIC_REPRESENTATION_CONTEXT(2) 
PARAMETRIC_REPRESENTATION_CONTEXT() REPRESENTATION_CONTEXT('2D SPACE',''
  ) );
#1385 = PCURVE('',#1386,#1391);
#1386 = PLANE('',#1387);
#1387 = AXIS2_PLACEMENT_3D('',#1388,#1389,#1390);
#1388 = CARTESIAN_POINT('',(16.9,22.98,2.385));
#1389 = DIRECTION('',(0.,-1.067522139063E-16,-1.));
#1390 = DIRECTION('',(-1.,0.,0.));
#1391 = DEFINITIONAL_REPRESENTATION('',(#1392),#1396);
#1392 = ( BOUNDED_CURVE() B_SPLINE_CURVE(2,(#1393,#1394,#1395),
.UNSPECIFIED.,.F.,.F.) B_SPLINE_CURVE_WITH_KNOTS((3,3),(
9.803964123296E-02,0.226301773306),.PIECEWISE_BEZIER_KNOTS.) CURVE() 
GEOMETRIC_REPRESENTATION_ITEM() RATIONAL_B_SPLINE_CURVE((1.017826922815,
1.020574658347,1.)) REPRESENTATION_ITEM('') );
#1393 = CARTESIAN_POINT('',(-19.39999883651,-6.600692997251));
#1394 = CARTESIAN_POINT('',(-19.86041338799,-7.061212139668));
#1395 = CARTESIAN_POINT('',(-20.19999883651,-7.400939380501));
#1396 = ( GEOMETRIC_REPRESENTATION_CONTEXT(2) 
PARAMETRIC_REPRESENTATION_CONTEXT() REPRESENTATION_CONTEXT('2D SPACE',''
  ) );
#1397 = ORIENTED_EDGE('',*,*,#1398,.T.);
#1398 = EDGE_CURVE('',#1344,#1399,#1401,.T.);
#1399 = VERTEX_POINT('',#1400);
#1400 = CARTESIAN_POINT('',(37.099998836517,13.329999704361,0.2));
#1401 = SURFACE_CURVE('',#1402,(#1407,#1414),.PCURVE_S1.);
#1402 = CIRCLE('',#1403,2.25);
#1403 = AXIS2_PLACEMENT_3D('',#1404,#1405,#1406);
#1404 = CARTESIAN_POINT('',(37.099998836517,13.329999704361,2.45));
#1405 = DIRECTION('',(-1.,1.110223024625E-16,0.));
#1406 = DIRECTION('',(-7.850462293419E-17,-0.707106781187,
    -0.707106781187));
#1407 = PCURVE('',#1352,#1408);
#1408 = DEFINITIONAL_REPRESENTATION('',(#1409),#1413);
#1409 = LINE('',#1410,#1411);
#1410 = CARTESIAN_POINT('',(0.,-0.4));
#1411 = VECTOR('',#1412,1.);
#1412 = DIRECTION('',(1.,3.054845926625E-16));
#1413 = ( GEOMETRIC_REPRESENTATION_CONTEXT(2) 
PARAMETRIC_REPRESENTATION_CONTEXT() REPRESENTATION_CONTEXT('2D SPACE',''
  ) );
#1414 = PCURVE('',#1415,#1420);
#1415 = PLANE('',#1416);
#1416 = AXIS2_PLACEMENT_3D('',#1417,#1418,#1419);
#1417 = CARTESIAN_POINT('',(37.099998836517,36.180000147819,2.45));
#1418 = DIRECTION('',(1.,-1.110223024625E-16,0.));
#1419 = DIRECTION('',(1.110223024625E-16,1.,0.));
#1420 = DEFINITIONAL_REPRESENTATION('',(#1421),#1429);
#1421 = ( BOUNDED_CURVE() B_SPLINE_CURVE(2,(#1422,#1423,#1424,#1425,
#1426,#1427,#1428),.UNSPECIFIED.,.T.,.F.) B_SPLINE_CURVE_WITH_KNOTS((1,2
    ,2,2,2,1),(-2.094395102393,0.,2.094395102393,4.188790204786,
6.28318530718,8.377580409573),.UNSPECIFIED.) CURVE() 
GEOMETRIC_REPRESENTATION_ITEM() RATIONAL_B_SPLINE_CURVE((1.,0.5,1.,0.5,
1.,0.5,1.)) REPRESENTATION_ITEM('') );
#1422 = CARTESIAN_POINT('',(-24.44099070112,-1.59099025767));
#1423 = CARTESIAN_POINT('',(-27.19666666175,1.164685702961));
#1424 = CARTESIAN_POINT('',(-23.43234329493,2.17333310915));
#1425 = CARTESIAN_POINT('',(-19.66801992811,3.181980515339));
#1426 = CARTESIAN_POINT('',(-20.6766673343,-0.582342851481));
#1427 = CARTESIAN_POINT('',(-21.68531474049,-4.346666218301));
#1428 = CARTESIAN_POINT('',(-24.44099070112,-1.59099025767));
#1429 = ( GEOMETRIC_REPRESENTATION_CONTEXT(2) 
PARAMETRIC_REPRESENTATION_CONTEXT() REPRESENTATION_CONTEXT('2D SPACE',''
  ) );
#1430 = ORIENTED_EDGE('',*,*,#1431,.F.);
#1431 = EDGE_CURVE('',#1432,#1399,#1434,.T.);
#1432 = VERTEX_POINT('',#1433);
#1433 = CARTESIAN_POINT('',(36.299998836517,13.329999704361,-0.6));
#1434 = SURFACE_CURVE('',#1435,(#1439,#1446),.PCURVE_S1.);
#1435 = LINE('',#1436,#1437);
#1436 = CARTESIAN_POINT('',(36.299998836517,13.329999704361,-0.6));
#1437 = VECTOR('',#1438,1.);
#1438 = DIRECTION('',(0.707106781187,0.,0.707106781187));
#1439 = PCURVE('',#1352,#1440);
#1440 = DEFINITIONAL_REPRESENTATION('',(#1441),#1445);
#1441 = LINE('',#1442,#1443);
#1442 = CARTESIAN_POINT('',(5.497787143782,0.4));
#1443 = VECTOR('',#1444,1.);
#1444 = DIRECTION('',(0.,-1.));
#1445 = ( GEOMETRIC_REPRESENTATION_CONTEXT(2) 
PARAMETRIC_REPRESENTATION_CONTEXT() REPRESENTATION_CONTEXT('2D SPACE',''
  ) );
#1446 = PCURVE('',#1447,#1452);
#1447 = PLANE('',#1448);
#1448 = AXIS2_PLACEMENT_3D('',#1449,#1450,#1451);
#1449 = CARTESIAN_POINT('',(36.699998836517,22.33000007391,-0.2));
#1450 = DIRECTION('',(0.707106781187,-1.53989837294E-16,-0.707106781187)
  );
#1451 = DIRECTION('',(-0.707106781187,0.,-0.707106781187));
#1452 = DEFINITIONAL_REPRESENTATION('',(#1453),#1457);
#1453 = LINE('',#1454,#1455);
#1454 = CARTESIAN_POINT('',(0.565685424949,-9.000000369549));
#1455 = VECTOR('',#1456,1.);
#1456 = DIRECTION('',(-1.,-4.437342591868E-31));
#1457 = ( GEOMETRIC_REPRESENTATION_CONTEXT(2) 
PARAMETRIC_REPRESENTATION_CONTEXT() REPRESENTATION_CONTEXT('2D SPACE',''
  ) );
#1458 = ORIENTED_EDGE('',*,*,#1459,.T.);
#1459 = EDGE_CURVE('',#1432,#1342,#1460,.T.);
#1460 = SURFACE_CURVE('',#1461,(#1466,#1473),.PCURVE_S1.);
#1461 = CIRCLE('',#1462,3.05);
#1462 = AXIS2_PLACEMENT_3D('',#1463,#1464,#1465);
#1463 = CARTESIAN_POINT('',(36.299998836517,13.329999704361,2.45));
#1464 = DIRECTION('',(1.,-1.110223024625E-16,0.));
#1465 = DIRECTION('',(-7.850462293419E-17,-0.707106781187,
    -0.707106781187));
#1466 = PCURVE('',#1352,#1467);
#1467 = DEFINITIONAL_REPRESENTATION('',(#1468),#1472);
#1468 = LINE('',#1469,#1470);
#1469 = CARTESIAN_POINT('',(6.28318530718,0.4));
#1470 = VECTOR('',#1471,1.);
#1471 = DIRECTION('',(-1.,4.559853176518E-16));
#1472 = ( GEOMETRIC_REPRESENTATION_CONTEXT(2) 
PARAMETRIC_REPRESENTATION_CONTEXT() REPRESENTATION_CONTEXT('2D SPACE',''
  ) );
#1473 = PCURVE('',#1474,#1479);
#1474 = CYLINDRICAL_SURFACE('',#1475,3.05);
#1475 = AXIS2_PLACEMENT_3D('',#1476,#1477,#1478);
#1476 = CARTESIAN_POINT('',(35.499998836517,13.329999704361,2.45));
#1477 = DIRECTION('',(1.,1.44444745829E-34,-4.111945707834E-50));
#1478 = DIRECTION('',(-1.021378592825E-34,0.707106781187,0.707106781187)
  );
#1479 = DEFINITIONAL_REPRESENTATION('',(#1480),#1484);
#1480 = LINE('',#1481,#1482);
#1481 = CARTESIAN_POINT('',(3.14159265359,0.8));
#1482 = VECTOR('',#1483,1.);
#1483 = DIRECTION('',(1.,0.));
#1484 = ( GEOMETRIC_REPRESENTATION_CONTEXT(2) 
PARAMETRIC_REPRESENTATION_CONTEXT() REPRESENTATION_CONTEXT('2D SPACE',''
  ) );
#1485 = ADVANCED_FACE('',(#1486),#1474,.T.);
#1486 = FACE_BOUND('',#1487,.T.);
#1487 = EDGE_LOOP('',(#1488,#1489,#1517,#1572,#1605));
#1488 = ORIENTED_EDGE('',*,*,#1459,.F.);
#1489 = ORIENTED_EDGE('',*,*,#1490,.T.);
#1490 = EDGE_CURVE('',#1432,#1491,#1493,.T.);
#1491 = VERTEX_POINT('',#1492);
#1492 = CARTESIAN_POINT('',(35.35,13.329999704361,-0.6));
#1493 = SURFACE_CURVE('',#1494,(#1498,#1505),.PCURVE_S1.);
#1494 = LINE('',#1495,#1496);
#1495 = CARTESIAN_POINT('',(35.499998836517,13.329999704361,-0.6));
#1496 = VECTOR('',#1497,1.);
#1497 = DIRECTION('',(-1.,-1.44444745829E-34,5.139932134793E-51));
#1498 = PCURVE('',#1474,#1499);
#1499 = DEFINITIONAL_REPRESENTATION('',(#1500),#1504);
#1500 = LINE('',#1501,#1502);
#1501 = CARTESIAN_POINT('',(3.926990816987,0.));
#1502 = VECTOR('',#1503,1.);
#1503 = DIRECTION('',(0.,-1.));
#1504 = ( GEOMETRIC_REPRESENTATION_CONTEXT(2) 
PARAMETRIC_REPRESENTATION_CONTEXT() REPRESENTATION_CONTEXT('2D SPACE',''
  ) );
#1505 = PCURVE('',#1506,#1511);
#1506 = PLANE('',#1507);
#1507 = AXIS2_PLACEMENT_3D('',#1508,#1509,#1510);
#1508 = CARTESIAN_POINT('',(35.499998836517,8.48,-0.6));
#1509 = DIRECTION('',(1.027986426959E-50,-1.067522139063E-16,-1.));
#1510 = DIRECTION('',(1.110223024625E-16,1.,-1.067522139063E-16));
#1511 = DEFINITIONAL_REPRESENTATION('',(#1512),#1516);
#1512 = LINE('',#1513,#1514);
#1513 = CARTESIAN_POINT('',(4.849999704361,-5.384581341207E-16));
#1514 = VECTOR('',#1515,1.);
#1515 = DIRECTION('',(-1.110223024625E-16,-1.));
#1516 = ( GEOMETRIC_REPRESENTATION_CONTEXT(2) 
PARAMETRIC_REPRESENTATION_CONTEXT() REPRESENTATION_CONTEXT('2D SPACE',''
  ) );
#1517 = ORIENTED_EDGE('',*,*,#1518,.F.);
#1518 = EDGE_CURVE('',#1519,#1491,#1521,.T.);
#1519 = VERTEX_POINT('',#1520);
#1520 = CARTESIAN_POINT('',(35.5,14.274721885746,-0.45));
#1521 = SURFACE_CURVE('',#1522,(#1527,#1556),.PCURVE_S1.);
#1522 = ELLIPSE('',#1523,4.313351365238,3.05);
#1523 = AXIS2_PLACEMENT_3D('',#1524,#1525,#1526);
#1524 = CARTESIAN_POINT('',(38.4,13.329999704361,2.45));
#1525 = DIRECTION('',(-0.707106781187,-8.272352258608E-17,0.707106781187
    ));
#1526 = DIRECTION('',(-0.707106781187,1.286961031708E-16,-0.707106781187
    ));
#1527 = PCURVE('',#1474,#1528);
#1528 = DEFINITIONAL_REPRESENTATION('',(#1529),#1555);
#1529 = B_SPLINE_CURVE_WITH_KNOTS('',3,(#1530,#1531,#1532,#1533,#1534,
    #1535,#1536,#1537,#1538,#1539,#1540,#1541,#1542,#1543,#1544,#1545,
    #1546,#1547,#1548,#1549,#1550,#1551,#1552,#1553,#1554),
  .UNSPECIFIED.,.F.,.F.,(4,1,1,1,1,1,1,1,1,1,1,1,1,1,1,1,1,1,1,1,1,1,4),
  (5.968260499776,5.982575263749,5.996890027722,6.011204791695,
    6.025519555668,6.039834319641,6.054149083614,6.068463847586,
    6.082778611559,6.097093375532,6.111408139505,6.125722903478,
    6.140037667451,6.154352431424,6.168667195397,6.182981959369,
    6.197296723342,6.211611487315,6.225926251288,6.240241015261,
    6.254555779234,6.268870543207,6.28318530718),.QUASI_UNIFORM_KNOTS.);
#1530 = CARTESIAN_POINT('',(4.241915624391,1.163482707511E-06));
#1531 = CARTESIAN_POINT('',(4.2371440364,-4.506671735196E-03));
#1532 = CARTESIAN_POINT('',(4.227600860418,-1.332422139066E-02));
#1533 = CARTESIAN_POINT('',(4.213286096445,-2.595360778596E-02));
#1534 = CARTESIAN_POINT('',(4.198971332472,-3.798343219421E-02));
#1535 = CARTESIAN_POINT('',(4.184656568499,-4.941123924928E-02));
#1536 = CARTESIAN_POINT('',(4.170341804526,-6.023468470456E-02));
#1537 = CARTESIAN_POINT('',(4.156027040553,-7.045155143204E-02));
#1538 = CARTESIAN_POINT('',(4.14171227658,-8.005974571838E-02));
#1539 = CARTESIAN_POINT('',(4.127397512608,-8.905729880819E-02));
#1540 = CARTESIAN_POINT('',(4.113082748635,-9.74423670088E-02));
#1541 = CARTESIAN_POINT('',(4.098767984662,-0.105213232148));
#1542 = CARTESIAN_POINT('',(4.084453220689,-0.112368301905));
#1543 = CARTESIAN_POINT('',(4.070138456716,-0.118906110142));
#1544 = CARTESIAN_POINT('',(4.055823692743,-0.124825317204));
#1545 = CARTESIAN_POINT('',(4.04150892877,-0.130124710192));
#1546 = CARTESIAN_POINT('',(4.027194164797,-0.13480320321));
#1547 = CARTESIAN_POINT('',(4.012879400825,-0.138859837606));
#1548 = CARTESIAN_POINT('',(3.998564636852,-0.142293782088));
#1549 = CARTESIAN_POINT('',(3.984249872879,-0.145104333204));
#1550 = CARTESIAN_POINT('',(3.969935108906,-0.147290914322));
#1551 = CARTESIAN_POINT('',(3.955620344933,-0.148853080097));
#1552 = CARTESIAN_POINT('',(3.94130558096,-0.149790500332));
#1553 = CARTESIAN_POINT('',(3.931762404978,-0.149998847188));
#1554 = CARTESIAN_POINT('',(3.926990816987,-0.149998836517));
#1555 = ( GEOMETRIC_REPRESENTATION_CONTEXT(2) 
PARAMETRIC_REPRESENTATION_CONTEXT() REPRESENTATION_CONTEXT('2D SPACE',''
  ) );
#1556 = PCURVE('',#1557,#1562);
#1557 = PLANE('',#1558);
#1558 = AXIS2_PLACEMENT_3D('',#1559,#1560,#1561);
#1559 = CARTESIAN_POINT('',(34.7,32.47,-1.25));
#1560 = DIRECTION('',(0.707106781187,8.272352258608E-17,-0.707106781187)
  );
#1561 = DIRECTION('',(-0.707106781187,-6.162975822039E-33,
    -0.707106781187));
#1562 = DEFINITIONAL_REPRESENTATION('',(#1563),#1571);
#1563 = ( BOUNDED_CURVE() B_SPLINE_CURVE(2,(#1564,#1565,#1566,#1567,
#1568,#1569,#1570),.UNSPECIFIED.,.T.,.F.) B_SPLINE_CURVE_WITH_KNOTS((1,2
    ,2,2,2,1),(-2.094395102393,0.,2.094395102393,4.188790204786,
6.28318530718,8.377580409573),.UNSPECIFIED.) CURVE() 
GEOMETRIC_REPRESENTATION_ITEM() RATIONAL_B_SPLINE_CURVE((1.,0.5,1.,0.5,
1.,0.5,1.)) REPRESENTATION_ITEM('') );
#1564 = CARTESIAN_POINT('',(-0.919238815543,-19.14000029563));
#1565 = CARTESIAN_POINT('',(-0.919238815543,-24.42275525872));
#1566 = CARTESIAN_POINT('',(-7.389265863399,-21.78137777718));
#1567 = CARTESIAN_POINT('',(-13.85929291125,-19.14000029563));
#1568 = CARTESIAN_POINT('',(-7.389265863399,-16.49862281409));
#1569 = CARTESIAN_POINT('',(-0.919238815543,-13.85724533255));
#1570 = CARTESIAN_POINT('',(-0.919238815543,-19.14000029563));
#1571 = ( GEOMETRIC_REPRESENTATION_CONTEXT(2) 
PARAMETRIC_REPRESENTATION_CONTEXT() REPRESENTATION_CONTEXT('2D SPACE',''
  ) );
#1572 = ORIENTED_EDGE('',*,*,#1573,.F.);
#1573 = EDGE_CURVE('',#1574,#1519,#1576,.T.);
#1574 = VERTEX_POINT('',#1575);
#1575 = CARTESIAN_POINT('',(35.499998836517,16.379307002749,2.385));
#1576 = SURFACE_CURVE('',#1577,(#1582,#1589),.PCURVE_S1.);
#1577 = CIRCLE('',#1578,3.05);
#1578 = AXIS2_PLACEMENT_3D('',#1579,#1580,#1581);
#1579 = CARTESIAN_POINT('',(35.5,13.329999704361,2.45));
#1580 = DIRECTION('',(-1.,-1.169887275685E-16,0.));
#1581 = DIRECTION('',(-8.272352258608E-17,0.707106781187,0.707106781187)
  );
#1582 = PCURVE('',#1474,#1583);
#1583 = DEFINITIONAL_REPRESENTATION('',(#1584),#1588);
#1584 = LINE('',#1585,#1586);
#1585 = CARTESIAN_POINT('',(6.28318530718,1.163482700406E-06));
#1586 = VECTOR('',#1587,1.);
#1587 = DIRECTION('',(-1.,0.));
#1588 = ( GEOMETRIC_REPRESENTATION_CONTEXT(2) 
PARAMETRIC_REPRESENTATION_CONTEXT() REPRESENTATION_CONTEXT('2D SPACE',''
  ) );
#1589 = PCURVE('',#1590,#1595);
#1590 = PLANE('',#1591);
#1591 = AXIS2_PLACEMENT_3D('',#1592,#1593,#1594);
#1592 = CARTESIAN_POINT('',(35.5,41.96,-2.05));
#1593 = DIRECTION('',(1.,1.169887275685E-16,0.));
#1594 = DIRECTION('',(1.169887275685E-16,-1.,0.));
#1595 = DEFINITIONAL_REPRESENTATION('',(#1596),#1604);
#1596 = ( BOUNDED_CURVE() B_SPLINE_CURVE(2,(#1597,#1598,#1599,#1600,
#1601,#1602,#1603),.UNSPECIFIED.,.T.,.F.) B_SPLINE_CURVE_WITH_KNOTS((1,2
    ,2,2,2,1),(-2.094395102393,0.,2.094395102393,4.188790204786,
6.28318530718,8.377580409573),.UNSPECIFIED.) CURVE() 
GEOMETRIC_REPRESENTATION_ITEM() RATIONAL_B_SPLINE_CURVE((1.,0.5,1.,0.5,
1.,0.5,1.)) REPRESENTATION_ITEM('') );
#1597 = CARTESIAN_POINT('',(26.47332461302,-6.656675682619));
#1598 = CARTESIAN_POINT('',(22.737852755276,-2.921203824875));
#1599 = CARTESIAN_POINT('',(27.840602208076,-1.553926229818));
#1600 = CARTESIAN_POINT('',(32.943351660877,-0.186648634762));
#1601 = CARTESIAN_POINT('',(31.576074065821,-5.289398087563));
#1602 = CARTESIAN_POINT('',(30.208796470764,-10.39214754036));
#1603 = CARTESIAN_POINT('',(26.47332461302,-6.656675682619));
#1604 = ( GEOMETRIC_REPRESENTATION_CONTEXT(2) 
PARAMETRIC_REPRESENTATION_CONTEXT() REPRESENTATION_CONTEXT('2D SPACE',''
  ) );
#1605 = ORIENTED_EDGE('',*,*,#1606,.F.);
#1606 = EDGE_CURVE('',#1342,#1574,#1607,.T.);
#1607 = SURFACE_CURVE('',#1608,(#1612,#1619),.PCURVE_S1.);
#1608 = LINE('',#1609,#1610);
#1609 = CARTESIAN_POINT('',(35.499998836517,16.379307002749,2.385));
#1610 = VECTOR('',#1611,1.);
#1611 = DIRECTION('',(-1.,-1.44444745829E-34,4.111945707834E-50));
#1612 = PCURVE('',#1474,#1613);
#1613 = DEFINITIONAL_REPRESENTATION('',(#1614),#1618);
#1614 = LINE('',#1615,#1616);
#1615 = CARTESIAN_POINT('',(5.476474054838,0.));
#1616 = VECTOR('',#1617,1.);
#1617 = DIRECTION('',(0.,-1.));
#1618 = ( GEOMETRIC_REPRESENTATION_CONTEXT(2) 
PARAMETRIC_REPRESENTATION_CONTEXT() REPRESENTATION_CONTEXT('2D SPACE',''
  ) );
#1619 = PCURVE('',#1386,#1620);
#1620 = DEFINITIONAL_REPRESENTATION('',(#1621),#1625);
#1621 = LINE('',#1622,#1623);
#1622 = CARTESIAN_POINT('',(-18.59999883651,-6.600692997251));
#1623 = VECTOR('',#1624,1.);
#1624 = DIRECTION('',(1.,-1.44444745829E-34));
#1625 = ( GEOMETRIC_REPRESENTATION_CONTEXT(2) 
PARAMETRIC_REPRESENTATION_CONTEXT() REPRESENTATION_CONTEXT('2D SPACE',''
  ) );
#1626 = ADVANCED_FACE('',(#1627),#1415,.T.);
#1627 = FACE_BOUND('',#1628,.T.);
#1628 = EDGE_LOOP('',(#1629,#1659,#1692,#1713,#1714,#1737,#1766,#1794));
#1629 = ORIENTED_EDGE('',*,*,#1630,.T.);
#1630 = EDGE_CURVE('',#1631,#1633,#1635,.T.);
#1631 = VERTEX_POINT('',#1632);
#1632 = CARTESIAN_POINT('',(37.099998836517,5.979999704361,2.385));
#1633 = VERTEX_POINT('',#1634);
#1634 = CARTESIAN_POINT('',(37.099998836517,3.980246087611,2.385));
#1635 = SURFACE_CURVE('',#1636,(#1640,#1647),.PCURVE_S1.);
#1636 = LINE('',#1637,#1638);
#1637 = CARTESIAN_POINT('',(37.099998836517,9.78,2.385));
#1638 = VECTOR('',#1639,1.);
#1639 = DIRECTION('',(-1.110223024625E-16,-1.,1.067522139063E-16));
#1640 = PCURVE('',#1415,#1641);
#1641 = DEFINITIONAL_REPRESENTATION('',(#1642),#1646);
#1642 = LINE('',#1643,#1644);
#1643 = CARTESIAN_POINT('',(-26.40000014781,-6.5E-02));
#1644 = VECTOR('',#1645,1.);
#1645 = DIRECTION('',(-1.,1.067522139063E-16));
#1646 = ( GEOMETRIC_REPRESENTATION_CONTEXT(2) 
PARAMETRIC_REPRESENTATION_CONTEXT() REPRESENTATION_CONTEXT('2D SPACE',''
  ) );
#1647 = PCURVE('',#1648,#1653);
#1648 = PLANE('',#1649);
#1649 = AXIS2_PLACEMENT_3D('',#1650,#1651,#1652);
#1650 = CARTESIAN_POINT('',(-2.099998645782,9.779999704361,2.385));
#1651 = DIRECTION('',(1.387778780781E-17,1.102216608582E-16,-1.));
#1652 = DIRECTION('',(1.,1.873501354055E-15,1.387778780781E-17));
#1653 = DEFINITIONAL_REPRESENTATION('',(#1654),#1658);
#1654 = LINE('',#1655,#1656);
#1655 = CARTESIAN_POINT('',(39.1999974823,-2.956389758002E-07));
#1656 = VECTOR('',#1657,1.);
#1657 = DIRECTION('',(-1.984523656517E-15,1.));
#1658 = ( GEOMETRIC_REPRESENTATION_CONTEXT(2) 
PARAMETRIC_REPRESENTATION_CONTEXT() REPRESENTATION_CONTEXT('2D SPACE',''
  ) );
#1659 = ORIENTED_EDGE('',*,*,#1660,.F.);
#1660 = EDGE_CURVE('',#1661,#1633,#1663,.T.);
#1661 = VERTEX_POINT('',#1662);
#1662 = CARTESIAN_POINT('',(37.099998836517,6.229307002749,0.2));
#1663 = SURFACE_CURVE('',#1664,(#1669,#1680),.PCURVE_S1.);
#1664 = CIRCLE('',#1665,2.25);
#1665 = AXIS2_PLACEMENT_3D('',#1666,#1667,#1668);
#1666 = CARTESIAN_POINT('',(37.099998836517,6.229307002749,2.45));
#1667 = DIRECTION('',(-1.,1.110223024625E-16,0.));
#1668 = DIRECTION('',(-1.109970876009E-16,-0.999772884717,
    -2.131147540984E-02));
#1669 = PCURVE('',#1415,#1670);
#1670 = DEFINITIONAL_REPRESENTATION('',(#1671),#1679);
#1671 = ( BOUNDED_CURVE() B_SPLINE_CURVE(2,(#1672,#1673,#1674,#1675,
#1676,#1677,#1678),.UNSPECIFIED.,.T.,.F.) B_SPLINE_CURVE_WITH_KNOTS((1,2
    ,2,2,2,1),(-2.094395102393,0.,2.094395102393,4.188790204786,
6.28318530718,8.377580409573),.UNSPECIFIED.) CURVE() 
GEOMETRIC_REPRESENTATION_ITEM() RATIONAL_B_SPLINE_CURVE((1.,0.5,1.,0.5,
1.,0.5,1.)) REPRESENTATION_ITEM('') );
#1672 = CARTESIAN_POINT('',(-32.20018213568,-4.795081967213E-02));
#1673 = CARTESIAN_POINT('',(-32.28323539162,3.848278403138));
#1674 = CARTESIAN_POINT('',(-28.86747527773,1.972090021241));
#1675 = CARTESIAN_POINT('',(-25.45171516384,9.590163934426E-02));
#1676 = CARTESIAN_POINT('',(-28.78442202179,-1.924139201569));
#1677 = CARTESIAN_POINT('',(-32.11712887974,-3.944180042482));
#1678 = CARTESIAN_POINT('',(-32.20018213568,-4.795081967213E-02));
#1679 = ( GEOMETRIC_REPRESENTATION_CONTEXT(2) 
PARAMETRIC_REPRESENTATION_CONTEXT() REPRESENTATION_CONTEXT('2D SPACE',''
  ) );
#1680 = PCURVE('',#1681,#1686);
#1681 = CONICAL_SURFACE('',#1682,2.65,0.785398163397);
#1682 = AXIS2_PLACEMENT_3D('',#1683,#1684,#1685);
#1683 = CARTESIAN_POINT('',(36.699998836517,6.229307002749,2.45));
#1684 = DIRECTION('',(-1.,0.,0.));
#1685 = DIRECTION('',(-0.,-0.999772884717,-2.131147540984E-02));
#1686 = DEFINITIONAL_REPRESENTATION('',(#1687),#1691);
#1687 = LINE('',#1688,#1689);
#1688 = CARTESIAN_POINT('',(0.,-0.4));
#1689 = VECTOR('',#1690,1.);
#1690 = DIRECTION('',(1.,4.582268889938E-16));
#1691 = ( GEOMETRIC_REPRESENTATION_CONTEXT(2) 
PARAMETRIC_REPRESENTATION_CONTEXT() REPRESENTATION_CONTEXT('2D SPACE',''
  ) );
#1692 = ORIENTED_EDGE('',*,*,#1693,.F.);
#1693 = EDGE_CURVE('',#1399,#1661,#1694,.T.);
#1694 = SURFACE_CURVE('',#1695,(#1699,#1706),.PCURVE_S1.);
#1695 = LINE('',#1696,#1697);
#1696 = CARTESIAN_POINT('',(37.099998836517,9.13,0.2));
#1697 = VECTOR('',#1698,1.);
#1698 = DIRECTION('',(-1.110223024625E-16,-1.,1.067522139063E-16));
#1699 = PCURVE('',#1415,#1700);
#1700 = DEFINITIONAL_REPRESENTATION('',(#1701),#1705);
#1701 = LINE('',#1702,#1703);
#1702 = CARTESIAN_POINT('',(-27.05000014781,-2.25));
#1703 = VECTOR('',#1704,1.);
#1704 = DIRECTION('',(-1.,1.067522139063E-16));
#1705 = ( GEOMETRIC_REPRESENTATION_CONTEXT(2) 
PARAMETRIC_REPRESENTATION_CONTEXT() REPRESENTATION_CONTEXT('2D SPACE',''
  ) );
#1706 = PCURVE('',#1447,#1707);
#1707 = DEFINITIONAL_REPRESENTATION('',(#1708),#1712);
#1708 = LINE('',#1709,#1710);
#1709 = CARTESIAN_POINT('',(-0.565685424949,-13.20000007391));
#1710 = VECTOR('',#1711,1.);
#1711 = DIRECTION('',(3.019408574393E-18,-1.));
#1712 = ( GEOMETRIC_REPRESENTATION_CONTEXT(2) 
PARAMETRIC_REPRESENTATION_CONTEXT() REPRESENTATION_CONTEXT('2D SPACE',''
  ) );
#1713 = ORIENTED_EDGE('',*,*,#1398,.F.);
#1714 = ORIENTED_EDGE('',*,*,#1715,.T.);
#1715 = EDGE_CURVE('',#1344,#1716,#1718,.T.);
#1716 = VERTEX_POINT('',#1717);
#1717 = CARTESIAN_POINT('',(37.099998836517,13.58,2.385));
#1718 = SURFACE_CURVE('',#1719,(#1723,#1730),.PCURVE_S1.);
#1719 = LINE('',#1720,#1721);
#1720 = CARTESIAN_POINT('',(37.099998836517,9.78,2.385));
#1721 = VECTOR('',#1722,1.);
#1722 = DIRECTION('',(-1.110223024625E-16,-1.,1.067522139063E-16));
#1723 = PCURVE('',#1415,#1724);
#1724 = DEFINITIONAL_REPRESENTATION('',(#1725),#1729);
#1725 = LINE('',#1726,#1727);
#1726 = CARTESIAN_POINT('',(-26.40000014781,-6.5E-02));
#1727 = VECTOR('',#1728,1.);
#1728 = DIRECTION('',(-1.,1.067522139063E-16));
#1729 = ( GEOMETRIC_REPRESENTATION_CONTEXT(2) 
PARAMETRIC_REPRESENTATION_CONTEXT() REPRESENTATION_CONTEXT('2D SPACE',''
  ) );
#1730 = PCURVE('',#1386,#1731);
#1731 = DEFINITIONAL_REPRESENTATION('',(#1732),#1736);
#1732 = LINE('',#1733,#1734);
#1733 = CARTESIAN_POINT('',(-20.19999883651,-13.2));
#1734 = VECTOR('',#1735,1.);
#1735 = DIRECTION('',(1.110223024625E-16,-1.));
#1736 = ( GEOMETRIC_REPRESENTATION_CONTEXT(2) 
PARAMETRIC_REPRESENTATION_CONTEXT() REPRESENTATION_CONTEXT('2D SPACE',''
  ) );
#1737 = ORIENTED_EDGE('',*,*,#1738,.F.);
#1738 = EDGE_CURVE('',#1739,#1716,#1741,.T.);
#1739 = VERTEX_POINT('',#1740);
#1740 = CARTESIAN_POINT('',(37.099998836517,12.331691143987,1.2));
#1741 = SURFACE_CURVE('',#1742,(#1747,#1754),.PCURVE_S1.);
#1742 = CIRCLE('',#1743,1.25);
#1743 = AXIS2_PLACEMENT_3D('',#1744,#1745,#1746);
#1744 = CARTESIAN_POINT('',(37.099998836517,12.331691143987,2.45));
#1745 = DIRECTION('',(1.,-1.110223024625E-16,0.));
#1746 = DIRECTION('',(1.108720987031E-16,0.99864708481,
    -5.200000000001E-02));
#1747 = PCURVE('',#1415,#1748);
#1748 = DEFINITIONAL_REPRESENTATION('',(#1749),#1753);
#1749 = CIRCLE('',#1750,1.25);
#1750 = AXIS2_PLACEMENT_2D('',#1751,#1752);
#1751 = CARTESIAN_POINT('',(-23.84830900383,0.));
#1752 = DIRECTION('',(0.99864708481,-5.200000000001E-02));
#1753 = ( GEOMETRIC_REPRESENTATION_CONTEXT(2) 
PARAMETRIC_REPRESENTATION_CONTEXT() REPRESENTATION_CONTEXT('2D SPACE',''
  ) );
#1754 = PCURVE('',#1755,#1760);
#1755 = CYLINDRICAL_SURFACE('',#1756,1.25);
#1756 = AXIS2_PLACEMENT_3D('',#1757,#1758,#1759);
#1757 = CARTESIAN_POINT('',(35.699998836517,12.331691143987,2.45));
#1758 = DIRECTION('',(-1.,-1.44444745829E-34,-1.543029758686E-64));
#1759 = DIRECTION('',(-1.442493243383E-34,0.99864708481,
    -5.200000000001E-02));
#1760 = DEFINITIONAL_REPRESENTATION('',(#1761),#1765);
#1761 = LINE('',#1762,#1763);
#1762 = CARTESIAN_POINT('',(6.28318530718,-1.4));
#1763 = VECTOR('',#1764,1.);
#1764 = DIRECTION('',(-1.,0.));
#1765 = ( GEOMETRIC_REPRESENTATION_CONTEXT(2) 
PARAMETRIC_REPRESENTATION_CONTEXT() REPRESENTATION_CONTEXT('2D SPACE',''
  ) );
#1766 = ORIENTED_EDGE('',*,*,#1767,.T.);
#1767 = EDGE_CURVE('',#1739,#1768,#1770,.T.);
#1768 = VERTEX_POINT('',#1769);
#1769 = CARTESIAN_POINT('',(37.099998836517,7.228308560374,1.2));
#1770 = SURFACE_CURVE('',#1771,(#1775,#1782),.PCURVE_S1.);
#1771 = LINE('',#1772,#1773);
#1772 = CARTESIAN_POINT('',(37.099998836517,11.08,1.2));
#1773 = VECTOR('',#1774,1.);
#1774 = DIRECTION('',(-1.110223024625E-16,-1.,1.067522139063E-16));
#1775 = PCURVE('',#1415,#1776);
#1776 = DEFINITIONAL_REPRESENTATION('',(#1777),#1781);
#1777 = LINE('',#1778,#1779);
#1778 = CARTESIAN_POINT('',(-25.10000014782,-1.25));
#1779 = VECTOR('',#1780,1.);
#1780 = DIRECTION('',(-1.,1.067522139063E-16));
#1781 = ( GEOMETRIC_REPRESENTATION_CONTEXT(2) 
PARAMETRIC_REPRESENTATION_CONTEXT() REPRESENTATION_CONTEXT('2D SPACE',''
  ) );
#1782 = PCURVE('',#1783,#1788);
#1783 = PLANE('',#1784);
#1784 = AXIS2_PLACEMENT_3D('',#1785,#1786,#1787);
#1785 = CARTESIAN_POINT('',(35.499998836517,37.48000014782,1.2));
#1786 = DIRECTION('',(-1.541979640438E-50,1.067522139063E-16,1.));
#1787 = DIRECTION('',(-1.110223024625E-16,-1.,1.067522139063E-16));
#1788 = DEFINITIONAL_REPRESENTATION('',(#1789),#1793);
#1789 = LINE('',#1790,#1791);
#1790 = CARTESIAN_POINT('',(26.40000014782,1.6));
#1791 = VECTOR('',#1792,1.);
#1792 = DIRECTION('',(1.,1.265214063949E-48));
#1793 = ( GEOMETRIC_REPRESENTATION_CONTEXT(2) 
PARAMETRIC_REPRESENTATION_CONTEXT() REPRESENTATION_CONTEXT('2D SPACE',''
  ) );
#1794 = ORIENTED_EDGE('',*,*,#1795,.F.);
#1795 = EDGE_CURVE('',#1631,#1768,#1796,.T.);
#1796 = SURFACE_CURVE('',#1797,(#1802,#1809),.PCURVE_S1.);
#1797 = CIRCLE('',#1798,1.25);
#1798 = AXIS2_PLACEMENT_3D('',#1799,#1800,#1801);
#1799 = CARTESIAN_POINT('',(37.099998836517,7.228308560374,2.45));
#1800 = DIRECTION('',(1.,-1.110223024625E-16,-7.703719777549E-34));
#1801 = DIRECTION('',(-1.108720987031E-16,-0.99864708481,-5.2E-02));
#1802 = PCURVE('',#1415,#1803);
#1803 = DEFINITIONAL_REPRESENTATION('',(#1804),#1808);
#1804 = CIRCLE('',#1805,1.25);
#1805 = AXIS2_PLACEMENT_2D('',#1806,#1807);
#1806 = CARTESIAN_POINT('',(-28.95169158744,0.));
#1807 = DIRECTION('',(-0.99864708481,-5.2E-02));
#1808 = ( GEOMETRIC_REPRESENTATION_CONTEXT(2) 
PARAMETRIC_REPRESENTATION_CONTEXT() REPRESENTATION_CONTEXT('2D SPACE',''
  ) );
#1809 = PCURVE('',#1810,#1815);
#1810 = CYLINDRICAL_SURFACE('',#1811,1.25);
#1811 = AXIS2_PLACEMENT_3D('',#1812,#1813,#1814);
#1812 = CARTESIAN_POINT('',(35.699998836517,7.228308560374,2.45));
#1813 = DIRECTION('',(1.,1.44444745829E-34,1.543029758686E-64));
#1814 = DIRECTION('',(1.442493243383E-34,-0.99864708481,-5.2E-02));
#1815 = DEFINITIONAL_REPRESENTATION('',(#1816),#1820);
#1816 = LINE('',#1817,#1818);
#1817 = CARTESIAN_POINT('',(0.,1.4));
#1818 = VECTOR('',#1819,1.);
#1819 = DIRECTION('',(1.,0.));
#1820 = ( GEOMETRIC_REPRESENTATION_CONTEXT(2) 
PARAMETRIC_REPRESENTATION_CONTEXT() REPRESENTATION_CONTEXT('2D SPACE',''
  ) );
#1821 = ADVANCED_FACE('',(#1822),#1648,.F.);
#1822 = FACE_BOUND('',#1823,.T.);
#1823 = EDGE_LOOP('',(#1824,#1825,#1848,#1876,#1909,#1937,#1960,#1993,
    #2021,#2054,#2077,#2105,#2138,#2166,#2194,#2222,#2272,#2295,#2318,
    #2347,#2380,#2408,#2441,#2470,#2498));
#1824 = ORIENTED_EDGE('',*,*,#1630,.F.);
#1825 = ORIENTED_EDGE('',*,*,#1826,.F.);
#1826 = EDGE_CURVE('',#1827,#1631,#1829,.T.);
#1827 = VERTEX_POINT('',#1828);
#1828 = CARTESIAN_POINT('',(35.499998836517,5.979999704361,2.385));
#1829 = SURFACE_CURVE('',#1830,(#1834,#1841),.PCURVE_S1.);
#1830 = LINE('',#1831,#1832);
#1831 = CARTESIAN_POINT('',(35.699998836517,5.979999704361,2.385));
#1832 = VECTOR('',#1833,1.);
#1833 = DIRECTION('',(1.,1.44444745829E-34,-1.541979640438E-50));
#1834 = PCURVE('',#1648,#1835);
#1835 = DEFINITIONAL_REPRESENTATION('',(#1836),#1840);
#1836 = LINE('',#1837,#1838);
#1837 = CARTESIAN_POINT('',(37.7999974823,3.8));
#1838 = VECTOR('',#1839,1.);
#1839 = DIRECTION('',(1.,1.873501354055E-15));
#1840 = ( GEOMETRIC_REPRESENTATION_CONTEXT(2) 
PARAMETRIC_REPRESENTATION_CONTEXT() REPRESENTATION_CONTEXT('2D SPACE',''
  ) );
#1841 = PCURVE('',#1810,#1842);
#1842 = DEFINITIONAL_REPRESENTATION('',(#1843),#1847);
#1843 = LINE('',#1844,#1845);
#1844 = CARTESIAN_POINT('',(0.,0.));
#1845 = VECTOR('',#1846,1.);
#1846 = DIRECTION('',(0.,1.));
#1847 = ( GEOMETRIC_REPRESENTATION_CONTEXT(2) 
PARAMETRIC_REPRESENTATION_CONTEXT() REPRESENTATION_CONTEXT('2D SPACE',''
  ) );
#1848 = ORIENTED_EDGE('',*,*,#1849,.T.);
#1849 = EDGE_CURVE('',#1827,#1850,#1852,.T.);
#1850 = VERTEX_POINT('',#1851);
#1851 = CARTESIAN_POINT('',(35.5,5.479999704361,2.385));
#1852 = SURFACE_CURVE('',#1853,(#1857,#1864),.PCURVE_S1.);
#1853 = LINE('',#1854,#1855);
#1854 = CARTESIAN_POINT('',(35.5,16.379999852181,2.385));
#1855 = VECTOR('',#1856,1.);
#1856 = DIRECTION('',(1.169887275685E-16,-1.,-1.102216608582E-16));
#1857 = PCURVE('',#1648,#1858);
#1858 = DEFINITIONAL_REPRESENTATION('',(#1859),#1863);
#1859 = LINE('',#1860,#1861);
#1860 = CARTESIAN_POINT('',(37.599998645782,-6.600000147819));
#1861 = VECTOR('',#1862,1.);
#1862 = DIRECTION('',(-1.756512626486E-15,1.));
#1863 = ( GEOMETRIC_REPRESENTATION_CONTEXT(2) 
PARAMETRIC_REPRESENTATION_CONTEXT() REPRESENTATION_CONTEXT('2D SPACE',''
  ) );
#1864 = PCURVE('',#1865,#1870);
#1865 = PLANE('',#1866);
#1866 = AXIS2_PLACEMENT_3D('',#1867,#1868,#1869);
#1867 = CARTESIAN_POINT('',(35.499998836517,36.180000147819,2.45));
#1868 = DIRECTION('',(1.,-1.110223024625E-16,0.));
#1869 = DIRECTION('',(1.110223024625E-16,1.,0.));
#1870 = DEFINITIONAL_REPRESENTATION('',(#1871),#1875);
#1871 = LINE('',#1872,#1873);
#1872 = CARTESIAN_POINT('',(-19.80000029563,-6.5E-02));
#1873 = VECTOR('',#1874,1.);
#1874 = DIRECTION('',(-1.,-1.102216608582E-16));
#1875 = ( GEOMETRIC_REPRESENTATION_CONTEXT(2) 
PARAMETRIC_REPRESENTATION_CONTEXT() REPRESENTATION_CONTEXT('2D SPACE',''
  ) );
#1876 = ORIENTED_EDGE('',*,*,#1877,.F.);
#1877 = EDGE_CURVE('',#1878,#1850,#1880,.T.);
#1878 = VERTEX_POINT('',#1879);
#1879 = CARTESIAN_POINT('',(34.999998836517,4.979999704361,2.385));
#1880 = SURFACE_CURVE('',#1881,(#1886,#1897),.PCURVE_S1.);
#1881 = CIRCLE('',#1882,0.5);
#1882 = AXIS2_PLACEMENT_3D('',#1883,#1884,#1885);
#1883 = CARTESIAN_POINT('',(34.999998836517,5.479999704361,2.385));
#1884 = DIRECTION('',(-1.387778780781E-17,-1.102216608582E-16,1.));
#1885 = DIRECTION('',(0.707106781187,-0.707106781187,-6.812540595972E-17
    ));
#1886 = PCURVE('',#1648,#1887);
#1887 = DEFINITIONAL_REPRESENTATION('',(#1888),#1896);
#1888 = ( BOUNDED_CURVE() B_SPLINE_CURVE(2,(#1889,#1890,#1891,#1892,
#1893,#1894,#1895),.UNSPECIFIED.,.T.,.F.) B_SPLINE_CURVE_WITH_KNOTS((1,2
    ,2,2,2,1),(-2.094395102393,0.,2.094395102393,4.188790204786,
6.28318530718,8.377580409573),.UNSPECIFIED.) CURVE() 
GEOMETRIC_REPRESENTATION_ITEM() RATIONAL_B_SPLINE_CURVE((1.,0.5,1.,0.5,
1.,0.5,1.)) REPRESENTATION_ITEM('') );
#1889 = CARTESIAN_POINT('',(37.453550872893,4.653553390593));
#1890 = CARTESIAN_POINT('',(38.065923308589,4.041180954898));
#1891 = CARTESIAN_POINT('',(37.229407004851,3.817037086856));
#1892 = CARTESIAN_POINT('',(36.392890701113,3.592893218814));
#1893 = CARTESIAN_POINT('',(36.617034569155,4.429409522551));
#1894 = CARTESIAN_POINT('',(36.841178437197,5.265925826289));
#1895 = CARTESIAN_POINT('',(37.453550872893,4.653553390593));
#1896 = ( GEOMETRIC_REPRESENTATION_CONTEXT(2) 
PARAMETRIC_REPRESENTATION_CONTEXT() REPRESENTATION_CONTEXT('2D SPACE',''
  ) );
#1897 = PCURVE('',#1898,#1903);
#1898 = CYLINDRICAL_SURFACE('',#1899,0.5);
#1899 = AXIS2_PLACEMENT_3D('',#1900,#1901,#1902);
#1900 = CARTESIAN_POINT('',(34.999998836517,5.479999704361,2.3425));
#1901 = DIRECTION('',(8.217301096052E-31,7.401486830834E-15,1.));
#1902 = DIRECTION('',(0.707106781187,-0.707106781187,5.233641528946E-15)
  );
#1903 = DEFINITIONAL_REPRESENTATION('',(#1904),#1908);
#1904 = LINE('',#1905,#1906);
#1905 = CARTESIAN_POINT('',(-6.28318530718,4.24999999999E-02));
#1906 = VECTOR('',#1907,1.);
#1907 = DIRECTION('',(1.,2.261727773485E-15));
#1908 = ( GEOMETRIC_REPRESENTATION_CONTEXT(2) 
PARAMETRIC_REPRESENTATION_CONTEXT() REPRESENTATION_CONTEXT('2D SPACE',''
  ) );
#1909 = ORIENTED_EDGE('',*,*,#1910,.F.);
#1910 = EDGE_CURVE('',#1911,#1878,#1913,.T.);
#1911 = VERTEX_POINT('',#1912);
#1912 = CARTESIAN_POINT('',(33.9,4.979999704361,2.385));
#1913 = SURFACE_CURVE('',#1914,(#1918,#1925),.PCURVE_S1.);
#1914 = LINE('',#1915,#1916);
#1915 = CARTESIAN_POINT('',(26.199999418259,4.979999704361,2.385));
#1916 = VECTOR('',#1917,1.);
#1917 = DIRECTION('',(1.,0.,0.));
#1918 = PCURVE('',#1648,#1919);
#1919 = DEFINITIONAL_REPRESENTATION('',(#1920),#1924);
#1920 = LINE('',#1921,#1922);
#1921 = CARTESIAN_POINT('',(28.299998064041,4.8));
#1922 = VECTOR('',#1923,1.);
#1923 = DIRECTION('',(1.,1.873501354055E-15));
#1924 = ( GEOMETRIC_REPRESENTATION_CONTEXT(2) 
PARAMETRIC_REPRESENTATION_CONTEXT() REPRESENTATION_CONTEXT('2D SPACE',''
  ) );
#1925 = PCURVE('',#1926,#1931);
#1926 = PLANE('',#1927);
#1927 = AXIS2_PLACEMENT_3D('',#1928,#1929,#1930);
#1928 = CARTESIAN_POINT('',(35.499998836517,4.979999704361,2.235));
#1929 = DIRECTION('',(0.,-1.,7.401486830834E-15));
#1930 = DIRECTION('',(8.217301096052E-31,7.401486830834E-15,1.));
#1931 = DEFINITIONAL_REPRESENTATION('',(#1932),#1936);
#1932 = LINE('',#1933,#1934);
#1933 = CARTESIAN_POINT('',(0.15,9.299999418259));
#1934 = VECTOR('',#1935,1.);
#1935 = DIRECTION('',(8.217301096052E-31,-1.));
#1936 = ( GEOMETRIC_REPRESENTATION_CONTEXT(2) 
PARAMETRIC_REPRESENTATION_CONTEXT() REPRESENTATION_CONTEXT('2D SPACE',''
  ) );
#1937 = ORIENTED_EDGE('',*,*,#1938,.F.);
#1938 = EDGE_CURVE('',#1939,#1911,#1941,.T.);
#1939 = VERTEX_POINT('',#1940);
#1940 = CARTESIAN_POINT('',(33.9,4.,2.385));
#1941 = SURFACE_CURVE('',#1942,(#1946,#1953),.PCURVE_S1.);
#1942 = LINE('',#1943,#1944);
#1943 = CARTESIAN_POINT('',(33.9,16.37999982797,2.385));
#1944 = VECTOR('',#1945,1.);
#1945 = DIRECTION('',(9.958396954279E-17,1.,-1.067522139063E-16));
#1946 = PCURVE('',#1648,#1947);
#1947 = DEFINITIONAL_REPRESENTATION('',(#1948),#1952);
#1948 = LINE('',#1949,#1950);
#1949 = CARTESIAN_POINT('',(35.999998645782,-6.600000123609));
#1950 = VECTOR('',#1951,1.);
#1951 = DIRECTION('',(1.973085323598E-15,-1.));
#1952 = ( GEOMETRIC_REPRESENTATION_CONTEXT(2) 
PARAMETRIC_REPRESENTATION_CONTEXT() REPRESENTATION_CONTEXT('2D SPACE',''
  ) );
#1953 = PCURVE('',#986,#1954);
#1954 = DEFINITIONAL_REPRESENTATION('',(#1955),#1959);
#1955 = LINE('',#1956,#1957);
#1956 = CARTESIAN_POINT('',(12.37999982797,-2.835));
#1957 = VECTOR('',#1958,1.);
#1958 = DIRECTION('',(1.,1.067522139063E-16));
#1959 = ( GEOMETRIC_REPRESENTATION_CONTEXT(2) 
PARAMETRIC_REPRESENTATION_CONTEXT() REPRESENTATION_CONTEXT('2D SPACE',''
  ) );
#1960 = ORIENTED_EDGE('',*,*,#1961,.F.);
#1961 = EDGE_CURVE('',#1962,#1939,#1964,.T.);
#1962 = VERTEX_POINT('',#1963);
#1963 = CARTESIAN_POINT('',(29.8,-0.1,2.385));
#1964 = SURFACE_CURVE('',#1965,(#1970,#1981),.PCURVE_S1.);
#1965 = CIRCLE('',#1966,4.1);
#1966 = AXIS2_PLACEMENT_3D('',#1967,#1968,#1969);
#1967 = CARTESIAN_POINT('',(29.8,4.,2.385));
#1968 = DIRECTION('',(-0.,1.067522139063E-16,1.));
#1969 = DIRECTION('',(0.,-1.,1.067522139063E-16));
#1970 = PCURVE('',#1648,#1971);
#1971 = DEFINITIONAL_REPRESENTATION('',(#1972),#1980);
#1972 = ( BOUNDED_CURVE() B_SPLINE_CURVE(2,(#1973,#1974,#1975,#1976,
#1977,#1978,#1979),.UNSPECIFIED.,.T.,.F.) B_SPLINE_CURVE_WITH_KNOTS((1,2
    ,2,2,2,1),(-2.094395102393,0.,2.094395102393,4.188790204786,
6.28318530718,8.377580409573),.UNSPECIFIED.) CURVE() 
GEOMETRIC_REPRESENTATION_ITEM() RATIONAL_B_SPLINE_CURVE((1.,0.5,1.,0.5,
1.,0.5,1.)) REPRESENTATION_ITEM('') );
#1973 = CARTESIAN_POINT('',(31.899998645782,9.879999704361));
#1974 = CARTESIAN_POINT('',(39.001406956815,9.879999704361));
#1975 = CARTESIAN_POINT('',(35.450702801299,3.729999704361));
#1976 = CARTESIAN_POINT('',(31.899998645782,-2.420000295639));
#1977 = CARTESIAN_POINT('',(28.349294490266,3.729999704361));
#1978 = CARTESIAN_POINT('',(24.79859033475,9.879999704361));
#1979 = CARTESIAN_POINT('',(31.899998645782,9.879999704361));
#1980 = ( GEOMETRIC_REPRESENTATION_CONTEXT(2) 
PARAMETRIC_REPRESENTATION_CONTEXT() REPRESENTATION_CONTEXT('2D SPACE',''
  ) );
#1981 = PCURVE('',#1982,#1987);
#1982 = CYLINDRICAL_SURFACE('',#1983,4.1);
#1983 = AXIS2_PLACEMENT_3D('',#1984,#1985,#1986);
#1984 = CARTESIAN_POINT('',(29.8,4.,-0.45));
#1985 = DIRECTION('',(0.,0.,-1.));
#1986 = DIRECTION('',(0.,-1.,0.));
#1987 = DEFINITIONAL_REPRESENTATION('',(#1988),#1992);
#1988 = LINE('',#1989,#1990);
#1989 = CARTESIAN_POINT('',(6.28318530718,-2.835));
#1990 = VECTOR('',#1991,1.);
#1991 = DIRECTION('',(-1.,2.827159716856E-16));
#1992 = ( GEOMETRIC_REPRESENTATION_CONTEXT(2) 
PARAMETRIC_REPRESENTATION_CONTEXT() REPRESENTATION_CONTEXT('2D SPACE',''
  ) );
#1993 = ORIENTED_EDGE('',*,*,#1994,.F.);
#1994 = EDGE_CURVE('',#1995,#1962,#1997,.T.);
#1995 = VERTEX_POINT('',#1996);
#1996 = CARTESIAN_POINT('',(4.000000207424,-1.E-01,2.385));
#1997 = SURFACE_CURVE('',#1998,(#2002,#2009),.PCURVE_S1.);
#1998 = LINE('',#1999,#2000);
#1999 = CARTESIAN_POINT('',(10.45,-0.1,2.385));
#2000 = VECTOR('',#2001,1.);
#2001 = DIRECTION('',(1.,-1.882645632843E-17,2.00976589307E-33));
#2002 = PCURVE('',#1648,#2003);
#2003 = DEFINITIONAL_REPRESENTATION('',(#2004),#2008);
#2004 = LINE('',#2005,#2006);
#2005 = CARTESIAN_POINT('',(12.549998645782,9.879999704361));
#2006 = VECTOR('',#2007,1.);
#2007 = DIRECTION('',(1.,1.892327810383E-15));
#2008 = ( GEOMETRIC_REPRESENTATION_CONTEXT(2) 
PARAMETRIC_REPRESENTATION_CONTEXT() REPRESENTATION_CONTEXT('2D SPACE',''
  ) );
#2009 = PCURVE('',#2010,#2015);
#2010 = PLANE('',#2011);
#2011 = AXIS2_PLACEMENT_3D('',#2012,#2013,#2014);
#2012 = CARTESIAN_POINT('',(4.,-1.E-01,-0.45));
#2013 = DIRECTION('',(1.882645632843E-17,1.,0.));
#2014 = DIRECTION('',(1.,-1.882645632843E-17,0.));
#2015 = DEFINITIONAL_REPRESENTATION('',(#2016),#2020);
#2016 = LINE('',#2017,#2018);
#2017 = CARTESIAN_POINT('',(6.45,-2.835));
#2018 = VECTOR('',#2019,1.);
#2019 = DIRECTION('',(1.,-2.00976589307E-33));
#2020 = ( GEOMETRIC_REPRESENTATION_CONTEXT(2) 
PARAMETRIC_REPRESENTATION_CONTEXT() REPRESENTATION_CONTEXT('2D SPACE',''
  ) );
#2021 = ORIENTED_EDGE('',*,*,#2022,.F.);
#2022 = EDGE_CURVE('',#2023,#1995,#2025,.T.);
#2023 = VERTEX_POINT('',#2024);
#2024 = CARTESIAN_POINT('',(-9.99997925757E-02,4.,2.385));
#2025 = SURFACE_CURVE('',#2026,(#2031,#2042),.PCURVE_S1.);
#2026 = CIRCLE('',#2027,4.1);
#2027 = AXIS2_PLACEMENT_3D('',#2028,#2029,#2030);
#2028 = CARTESIAN_POINT('',(4.000000207424,4.,2.385));
#2029 = DIRECTION('',(-6.162975822039E-33,1.067522139063E-16,1.));
#2030 = DIRECTION('',(-0.707106781187,-0.707106781187,7.54852143598E-17)
  );
#2031 = PCURVE('',#1648,#2032);
#2032 = DEFINITIONAL_REPRESENTATION('',(#2033),#2041);
#2033 = ( BOUNDED_CURVE() B_SPLINE_CURVE(2,(#2034,#2035,#2036,#2037,
#2038,#2039,#2040),.UNSPECIFIED.,.T.,.F.) B_SPLINE_CURVE_WITH_KNOTS((1,2
    ,2,2,2,1),(-2.094395102393,0.,2.094395102393,4.188790204786,
6.28318530718,8.377580409573),.UNSPECIFIED.) CURVE() 
GEOMETRIC_REPRESENTATION_ITEM() RATIONAL_B_SPLINE_CURVE((1.,0.5,1.,0.5,
1.,0.5,1.)) REPRESENTATION_ITEM('') );
#2034 = CARTESIAN_POINT('',(3.200861050342,8.679137507226));
#2035 = CARTESIAN_POINT('',(8.222315023047,13.700591479931));
#2036 = CARTESIAN_POINT('',(10.060294740992,6.841157789281));
#2037 = CARTESIAN_POINT('',(11.898274458936,-1.827590136872E-02));
#2038 = CARTESIAN_POINT('',(5.038840768286,1.819703816576));
#2039 = CARTESIAN_POINT('',(-1.820592922364,3.65768353452));
#2040 = CARTESIAN_POINT('',(3.200861050342,8.679137507226));
#2041 = ( GEOMETRIC_REPRESENTATION_CONTEXT(2) 
PARAMETRIC_REPRESENTATION_CONTEXT() REPRESENTATION_CONTEXT('2D SPACE',''
  ) );
#2042 = PCURVE('',#2043,#2048);
#2043 = CYLINDRICAL_SURFACE('',#2044,4.1);
#2044 = AXIS2_PLACEMENT_3D('',#2045,#2046,#2047);
#2045 = CARTESIAN_POINT('',(4.000000207424,4.,1.9925));
#2046 = DIRECTION('',(1.387778780781E-17,-2.61269566099E-34,-1.));
#2047 = DIRECTION('',(-0.707106781187,-0.707106781187,
    -9.813077866774E-18));
#2048 = DEFINITIONAL_REPRESENTATION('',(#2049),#2053);
#2049 = LINE('',#2050,#2051);
#2050 = CARTESIAN_POINT('',(12.566370614359,-0.3925));
#2051 = VECTOR('',#2052,1.);
#2052 = DIRECTION('',(-1.,-2.827159716856E-16));
#2053 = ( GEOMETRIC_REPRESENTATION_CONTEXT(2) 
PARAMETRIC_REPRESENTATION_CONTEXT() REPRESENTATION_CONTEXT('2D SPACE',''
  ) );
#2054 = ORIENTED_EDGE('',*,*,#2055,.F.);
#2055 = EDGE_CURVE('',#2056,#2023,#2058,.T.);
#2056 = VERTEX_POINT('',#2057);
#2057 = CARTESIAN_POINT('',(-0.100000207424,4.98,2.385));
#2058 = SURFACE_CURVE('',#2059,(#2063,#2070),.PCURVE_S1.);
#2059 = LINE('',#2060,#2061);
#2060 = CARTESIAN_POINT('',(-0.100000207424,29.580000250709,2.385));
#2061 = VECTOR('',#2062,1.);
#2062 = DIRECTION('',(1.773917384512E-15,-1.,1.067522139063E-16));
#2063 = PCURVE('',#1648,#2064);
#2064 = DEFINITIONAL_REPRESENTATION('',(#2065),#2069);
#2065 = LINE('',#2066,#2067);
#2066 = CARTESIAN_POINT('',(1.999998438358,-19.80000054634));
#2067 = VECTOR('',#2068,1.);
#2068 = DIRECTION('',(-9.958396954279E-17,1.));
#2069 = ( GEOMETRIC_REPRESENTATION_CONTEXT(2) 
PARAMETRIC_REPRESENTATION_CONTEXT() REPRESENTATION_CONTEXT('2D SPACE',''
  ) );
#2070 = PCURVE('',#864,#2071);
#2071 = DEFINITIONAL_REPRESENTATION('',(#2072),#2076);
#2072 = LINE('',#2073,#2074);
#2073 = CARTESIAN_POINT('',(12.379999749291,-2.835));
#2074 = VECTOR('',#2075,1.);
#2075 = DIRECTION('',(1.,-1.067522139063E-16));
#2076 = ( GEOMETRIC_REPRESENTATION_CONTEXT(2) 
PARAMETRIC_REPRESENTATION_CONTEXT() REPRESENTATION_CONTEXT('2D SPACE',''
  ) );
#2077 = ORIENTED_EDGE('',*,*,#2078,.F.);
#2078 = EDGE_CURVE('',#2079,#2056,#2081,.T.);
#2079 = VERTEX_POINT('',#2080);
#2080 = CARTESIAN_POINT('',(-1.199998645782,4.98,2.385));
#2081 = SURFACE_CURVE('',#2082,(#2086,#2093),.PCURVE_S1.);
#2082 = LINE('',#2083,#2084);
#2083 = CARTESIAN_POINT('',(7.600000677109,4.98,2.385));
#2084 = VECTOR('',#2085,1.);
#2085 = DIRECTION('',(1.,1.387781262328E-15,-1.478461095887E-31));
#2086 = PCURVE('',#1648,#2087);
#2087 = DEFINITIONAL_REPRESENTATION('',(#2088),#2092);
#2088 = LINE('',#2089,#2090);
#2089 = CARTESIAN_POINT('',(9.699999322891,4.799999704361));
#2090 = VECTOR('',#2091,1.);
#2091 = DIRECTION('',(1.,4.857200917272E-16));
#2092 = ( GEOMETRIC_REPRESENTATION_CONTEXT(2) 
PARAMETRIC_REPRESENTATION_CONTEXT() REPRESENTATION_CONTEXT('2D SPACE',''
  ) );
#2093 = PCURVE('',#2094,#2099);
#2094 = PLANE('',#2095);
#2095 = AXIS2_PLACEMENT_3D('',#2096,#2097,#2098);
#2096 = CARTESIAN_POINT('',(-1.699998645782,4.98,2.535));
#2097 = DIRECTION('',(1.387781262328E-15,-1.,-7.404956277786E-15));
#2098 = DIRECTION('',(1.38777878078E-17,7.404956277786E-15,-1.));
#2099 = DEFINITIONAL_REPRESENTATION('',(#2100),#2104);
#2100 = LINE('',#2101,#2102);
#2101 = CARTESIAN_POINT('',(0.15,9.299999322891));
#2102 = VECTOR('',#2103,1.);
#2103 = DIRECTION('',(1.387778780781E-17,1.));
#2104 = ( GEOMETRIC_REPRESENTATION_CONTEXT(2) 
PARAMETRIC_REPRESENTATION_CONTEXT() REPRESENTATION_CONTEXT('2D SPACE',''
  ) );
#2105 = ORIENTED_EDGE('',*,*,#2106,.F.);
#2106 = EDGE_CURVE('',#2107,#2079,#2109,.T.);
#2107 = VERTEX_POINT('',#2108);
#2108 = CARTESIAN_POINT('',(-1.7,5.48,2.385));
#2109 = SURFACE_CURVE('',#2110,(#2115,#2126),.PCURVE_S1.);
#2110 = CIRCLE('',#2111,0.5);
#2111 = AXIS2_PLACEMENT_3D('',#2112,#2113,#2114);
#2112 = CARTESIAN_POINT('',(-1.199998645782,5.48,2.385));
#2113 = DIRECTION('',(-1.387778780781E-17,-1.102216608582E-16,1.));
#2114 = DIRECTION('',(-0.707106781187,-0.707106781187,
    -8.775156169326E-17));
#2115 = PCURVE('',#1648,#2116);
#2116 = DEFINITIONAL_REPRESENTATION('',(#2117),#2125);
#2117 = ( BOUNDED_CURVE() B_SPLINE_CURVE(2,(#2118,#2119,#2120,#2121,
#2122,#2123,#2124),.UNSPECIFIED.,.T.,.F.) B_SPLINE_CURVE_WITH_KNOTS((1,2
    ,2,2,2,1),(-2.094395102393,0.,2.094395102393,4.188790204786,
6.28318530718,8.377580409573),.UNSPECIFIED.) CURVE() 
GEOMETRIC_REPRESENTATION_ITEM() RATIONAL_B_SPLINE_CURVE((1.,0.5,1.,0.5,
1.,0.5,1.)) REPRESENTATION_ITEM('') );
#2118 = CARTESIAN_POINT('',(0.546446609407,4.653553094954));
#2119 = CARTESIAN_POINT('',(1.158819045103,5.26592553065));
#2120 = CARTESIAN_POINT('',(1.382962913145,4.429409226912));
#2121 = CARTESIAN_POINT('',(1.607106781187,3.592892923174));
#2122 = CARTESIAN_POINT('',(0.770590477449,3.817036791216));
#2123 = CARTESIAN_POINT('',(-6.592582628907E-02,4.041180659258));
#2124 = CARTESIAN_POINT('',(0.546446609407,4.653553094954));
#2125 = ( GEOMETRIC_REPRESENTATION_CONTEXT(2) 
PARAMETRIC_REPRESENTATION_CONTEXT() REPRESENTATION_CONTEXT('2D SPACE',''
  ) );
#2126 = PCURVE('',#2127,#2132);
#2127 = CYLINDRICAL_SURFACE('',#2128,0.5);
#2128 = AXIS2_PLACEMENT_3D('',#2129,#2130,#2131);
#2129 = CARTESIAN_POINT('',(-1.199998645782,5.48,2.4925));
#2130 = DIRECTION('',(1.38777878078E-17,7.404956277786E-15,-1.));
#2131 = DIRECTION('',(-0.707106781187,-0.707106781187,
    -5.245907876279E-15));
#2132 = DEFINITIONAL_REPRESENTATION('',(#2133),#2137);
#2133 = LINE('',#2134,#2135);
#2134 = CARTESIAN_POINT('',(12.566370614359,0.1075));
#2135 = VECTOR('',#2136,1.);
#2136 = DIRECTION('',(-1.,-2.261727773485E-15));
#2137 = ( GEOMETRIC_REPRESENTATION_CONTEXT(2) 
PARAMETRIC_REPRESENTATION_CONTEXT() REPRESENTATION_CONTEXT('2D SPACE',''
  ) );
#2138 = ORIENTED_EDGE('',*,*,#2139,.T.);
#2139 = EDGE_CURVE('',#2107,#2140,#2142,.T.);
#2140 = VERTEX_POINT('',#2141);
#2141 = CARTESIAN_POINT('',(-1.699998645782,5.979999704361,2.385));
#2142 = SURFACE_CURVE('',#2143,(#2147,#2154),.PCURVE_S1.);
#2143 = LINE('',#2144,#2145);
#2144 = CARTESIAN_POINT('',(-1.7,16.379999852181,2.385));
#2145 = VECTOR('',#2146,1.);
#2146 = DIRECTION('',(-8.774154567638E-17,1.,1.102216608582E-16));
#2147 = PCURVE('',#1648,#2148);
#2148 = DEFINITIONAL_REPRESENTATION('',(#2149),#2153);
#2149 = LINE('',#2150,#2151);
#2150 = CARTESIAN_POINT('',(0.399998645782,-6.60000014782));
#2151 = VECTOR('',#2152,1.);
#2152 = DIRECTION('',(1.785759808379E-15,-1.));
#2153 = ( GEOMETRIC_REPRESENTATION_CONTEXT(2) 
PARAMETRIC_REPRESENTATION_CONTEXT() REPRESENTATION_CONTEXT('2D SPACE',''
  ) );
#2154 = PCURVE('',#2155,#2160);
#2155 = PLANE('',#2156);
#2156 = AXIS2_PLACEMENT_3D('',#2157,#2158,#2159);
#2157 = CARTESIAN_POINT('',(-1.699998645782,9.779999704361,2.45));
#2158 = DIRECTION('',(-1.,-1.762479051592E-15,-1.387778780781E-17));
#2159 = DIRECTION('',(1.762479051592E-15,-1.,-3.469446951954E-18));
#2160 = DEFINITIONAL_REPRESENTATION('',(#2161),#2165);
#2161 = LINE('',#2162,#2163);
#2162 = CARTESIAN_POINT('',(-6.60000014782,-6.5E-02));
#2163 = VECTOR('',#2164,1.);
#2164 = DIRECTION('',(-1.,1.067522139063E-16));
#2165 = ( GEOMETRIC_REPRESENTATION_CONTEXT(2) 
PARAMETRIC_REPRESENTATION_CONTEXT() REPRESENTATION_CONTEXT('2D SPACE',''
  ) );
#2166 = ORIENTED_EDGE('',*,*,#2167,.F.);
#2167 = EDGE_CURVE('',#2168,#2140,#2170,.T.);
#2168 = VERTEX_POINT('',#2169);
#2169 = CARTESIAN_POINT('',(-3.299998645782,5.979999704361,2.385));
#2170 = SURFACE_CURVE('',#2171,(#2175,#2182),.PCURVE_S1.);
#2171 = LINE('',#2172,#2173);
#2172 = CARTESIAN_POINT('',(-1.899998645782,5.979999704361,2.385));
#2173 = VECTOR('',#2174,1.);
#2174 = DIRECTION('',(1.,1.873501354055E-15,1.387778780781E-17));
#2175 = PCURVE('',#1648,#2176);
#2176 = DEFINITIONAL_REPRESENTATION('',(#2177),#2181);
#2177 = LINE('',#2178,#2179);
#2178 = CARTESIAN_POINT('',(0.2,3.8));
#2179 = VECTOR('',#2180,1.);
#2180 = DIRECTION('',(1.,-1.529632821215E-33));
#2181 = ( GEOMETRIC_REPRESENTATION_CONTEXT(2) 
PARAMETRIC_REPRESENTATION_CONTEXT() REPRESENTATION_CONTEXT('2D SPACE',''
  ) );
#2182 = PCURVE('',#2183,#2188);
#2183 = CYLINDRICAL_SURFACE('',#2184,1.25);
#2184 = AXIS2_PLACEMENT_3D('',#2185,#2186,#2187);
#2185 = CARTESIAN_POINT('',(-1.899998645782,7.228308560374,2.45));
#2186 = DIRECTION('',(1.,1.873501354055E-15,-2.000004173018E-31));
#2187 = DIRECTION('',(1.870966665615E-15,-0.99864708481,-5.2E-02));
#2188 = DEFINITIONAL_REPRESENTATION('',(#2189),#2193);
#2189 = LINE('',#2190,#2191);
#2190 = CARTESIAN_POINT('',(0.,7.549516567451E-15));
#2191 = VECTOR('',#2192,1.);
#2192 = DIRECTION('',(0.,1.));
#2193 = ( GEOMETRIC_REPRESENTATION_CONTEXT(2) 
PARAMETRIC_REPRESENTATION_CONTEXT() REPRESENTATION_CONTEXT('2D SPACE',''
  ) );
#2194 = ORIENTED_EDGE('',*,*,#2195,.F.);
#2195 = EDGE_CURVE('',#2196,#2168,#2198,.T.);
#2196 = VERTEX_POINT('',#2197);
#2197 = CARTESIAN_POINT('',(-3.299998645782,3.980246087611,2.385));
#2198 = SURFACE_CURVE('',#2199,(#2203,#2210),.PCURVE_S1.);
#2199 = LINE('',#2200,#2201);
#2200 = CARTESIAN_POINT('',(-3.299998645782,9.779999704361,2.385));
#2201 = VECTOR('',#2202,1.);
#2202 = DIRECTION('',(-1.762479051592E-15,1.,1.102216608582E-16));
#2203 = PCURVE('',#1648,#2204);
#2204 = DEFINITIONAL_REPRESENTATION('',(#2205),#2209);
#2205 = LINE('',#2206,#2207);
#2206 = CARTESIAN_POINT('',(-1.2,-2.248201624866E-15));
#2207 = VECTOR('',#2208,1.);
#2208 = DIRECTION('',(1.110223024625E-16,-1.));
#2209 = ( GEOMETRIC_REPRESENTATION_CONTEXT(2) 
PARAMETRIC_REPRESENTATION_CONTEXT() REPRESENTATION_CONTEXT('2D SPACE',''
  ) );
#2210 = PCURVE('',#2211,#2216);
#2211 = PLANE('',#2212);
#2212 = AXIS2_PLACEMENT_3D('',#2213,#2214,#2215);
#2213 = CARTESIAN_POINT('',(-3.299998645782,9.779999704361,2.45));
#2214 = DIRECTION('',(-1.,-1.762479051592E-15,-1.387778780781E-17));
#2215 = DIRECTION('',(1.762479051592E-15,-1.,-3.469446951954E-18));
#2216 = DEFINITIONAL_REPRESENTATION('',(#2217),#2221);
#2217 = LINE('',#2218,#2219);
#2218 = CARTESIAN_POINT('',(2.25514051877E-19,-6.5E-02));
#2219 = VECTOR('',#2220,1.);
#2220 = DIRECTION('',(-1.,1.067522139063E-16));
#2221 = ( GEOMETRIC_REPRESENTATION_CONTEXT(2) 
PARAMETRIC_REPRESENTATION_CONTEXT() REPRESENTATION_CONTEXT('2D SPACE',''
  ) );
#2222 = ORIENTED_EDGE('',*,*,#2223,.F.);
#2223 = EDGE_CURVE('',#2224,#2196,#2226,.T.);
#2224 = VERTEX_POINT('',#2225);
#2225 = CARTESIAN_POINT('',(-2.499998645782,3.179999704361,2.385));
#2226 = SURFACE_CURVE('',#2227,(#2231,#2238),.PCURVE_S1.);
#2227 = ( BOUNDED_CURVE() B_SPLINE_CURVE(2,(#2228,#2229,#2230),
.UNSPECIFIED.,.F.,.F.) B_SPLINE_CURVE_WITH_KNOTS((3,3),(
9.803963997021E-02,0.226301773306),.PIECEWISE_BEZIER_KNOTS.) CURVE() 
GEOMETRIC_REPRESENTATION_ITEM() RATIONAL_B_SPLINE_CURVE((1.017826928554,
1.020574665235,1.)) REPRESENTATION_ITEM('') );
#2228 = CARTESIAN_POINT('',(-2.499998645782,3.179999704361,2.385));
#2229 = CARTESIAN_POINT('',(-2.960413201435,3.640518850949,2.385));
#2230 = CARTESIAN_POINT('',(-3.299998645782,3.980246087611,2.385));
#2231 = PCURVE('',#1648,#2232);
#2232 = DEFINITIONAL_REPRESENTATION('',(#2233),#2237);
#2233 = ( BOUNDED_CURVE() B_SPLINE_CURVE(2,(#2234,#2235,#2236),
.UNSPECIFIED.,.F.,.F.) B_SPLINE_CURVE_WITH_KNOTS((3,3),(
9.803963997021E-02,0.226301773306),.PIECEWISE_BEZIER_KNOTS.) CURVE() 
GEOMETRIC_REPRESENTATION_ITEM() RATIONAL_B_SPLINE_CURVE((1.017826928554,
1.020574665235,1.)) REPRESENTATION_ITEM('') );
#2234 = CARTESIAN_POINT('',(-0.4,6.6));
#2235 = CARTESIAN_POINT('',(-0.860414555652,6.139480853412));
#2236 = CARTESIAN_POINT('',(-1.2,5.79975361675));
#2237 = ( GEOMETRIC_REPRESENTATION_CONTEXT(2) 
PARAMETRIC_REPRESENTATION_CONTEXT() REPRESENTATION_CONTEXT('2D SPACE',''
  ) );
#2238 = PCURVE('',#2239,#2244);
#2239 = CONICAL_SURFACE('',#2240,2.65,0.785398163397);
#2240 = AXIS2_PLACEMENT_3D('',#2241,#2242,#2243);
#2241 = CARTESIAN_POINT('',(-2.899998645782,6.229307002749,2.45));
#2242 = DIRECTION('',(1.,1.387778780781E-15,0.));
#2243 = DIRECTION('',(1.387463595011E-15,-0.999772884717,
    -2.131147540984E-02));
#2244 = DEFINITIONAL_REPRESENTATION('',(#2245),#2271);
#2245 = B_SPLINE_CURVE_WITH_KNOTS('',3,(#2246,#2247,#2248,#2249,#2250,
    #2251,#2252,#2253,#2254,#2255,#2256,#2257,#2258,#2259,#2260,#2261,
    #2262,#2263,#2264,#2265,#2266,#2267,#2268,#2269,#2270),
  .UNSPECIFIED.,.F.,.F.,(4,1,1,1,1,1,1,1,1,1,1,1,1,1,1,1,1,1,1,1,1,1,4),
  (9.803963997021E-02,0.10386973694,0.10969983391,0.11552993088,
    0.12136002785,0.127190124819,0.133020221789,0.138850318759,
    0.144680415729,0.150510512699,0.156340609669,0.162170706638,
    0.168000803608,0.173830900578,0.179660997548,0.185491094518,
    0.191321191487,0.197151288457,0.202981385427,0.208811482397,
    0.214641579367,0.220471676337,0.226301773306),.UNSPECIFIED.);
#2246 = CARTESIAN_POINT('',(0.,0.4));
#2247 = CARTESIAN_POINT('',(9.777303869061E-05,0.386010406588));
#2248 = CARTESIAN_POINT('',(2.946397891205E-04,0.358227136305));
#2249 = CARTESIAN_POINT('',(5.939858608993E-04,0.317128162443));
#2250 = CARTESIAN_POINT('',(8.974609005718E-04,0.276593174449));
#2251 = CARTESIAN_POINT('',(1.205151098197E-03,0.23661067337));
#2252 = CARTESIAN_POINT('',(1.517144822742E-03,0.197169439122));
#2253 = CARTESIAN_POINT('',(1.833532993594E-03,0.158258562055));
#2254 = CARTESIAN_POINT('',(2.154409091938E-03,0.119867421625));
#2255 = CARTESIAN_POINT('',(2.479869273381E-03,8.198567974746E-02));
#2256 = CARTESIAN_POINT('',(2.810012458424E-03,4.460327071115E-02));
#2257 = CARTESIAN_POINT('',(3.144940434103E-03,7.710392475107E-03));
#2258 = CARTESIAN_POINT('',(3.484757958145E-03,-2.870250195615E-02));
#2259 = CARTESIAN_POINT('',(3.829572868228E-03,-6.464471275315E-02));
#2260 = CARTESIAN_POINT('',(4.179496195943E-03,-0.100125301185));
#2261 = CARTESIAN_POINT('',(4.534642285968E-03,-0.135153097231));
#2262 = CARTESIAN_POINT('',(4.895128920316E-03,-0.169736706916));
#2263 = CARTESIAN_POINT('',(5.261077449273E-03,-0.203884519328));
#2264 = CARTESIAN_POINT('',(5.63261292446E-03,-0.237604713513));
#2265 = CARTESIAN_POINT('',(6.009864252462E-03,-0.270905264586));
#2266 = CARTESIAN_POINT('',(6.392964301716E-03,-0.303793951607));
#2267 = CARTESIAN_POINT('',(6.782050215522E-03,-0.336278357681));
#2268 = CARTESIAN_POINT('',(7.177262989177E-03,-0.368365898044));
#2269 = CARTESIAN_POINT('',(7.444920882202E-03,-0.389497794432));
#2270 = CARTESIAN_POINT('',(7.579819744951E-03,-0.4));
#2271 = ( GEOMETRIC_REPRESENTATION_CONTEXT(2) 
PARAMETRIC_REPRESENTATION_CONTEXT() REPRESENTATION_CONTEXT('2D SPACE',''
  ) );
#2272 = ORIENTED_EDGE('',*,*,#2273,.F.);
#2273 = EDGE_CURVE('',#2274,#2224,#2276,.T.);
#2274 = VERTEX_POINT('',#2275);
#2275 = CARTESIAN_POINT('',(-1.7,3.180692405973,2.385));
#2276 = SURFACE_CURVE('',#2277,(#2281,#2288),.PCURVE_S1.);
#2277 = LINE('',#2278,#2279);
#2278 = CARTESIAN_POINT('',(-1.899998645782,3.179999704361,2.385));
#2279 = VECTOR('',#2280,1.);
#2280 = DIRECTION('',(-1.,-1.873501354055E-15,-1.387778780781E-17));
#2281 = PCURVE('',#1648,#2282);
#2282 = DEFINITIONAL_REPRESENTATION('',(#2283),#2287);
#2283 = LINE('',#2284,#2285);
#2284 = CARTESIAN_POINT('',(0.2,6.6));
#2285 = VECTOR('',#2286,1.);
#2286 = DIRECTION('',(-1.,1.529632821215E-33));
#2287 = ( GEOMETRIC_REPRESENTATION_CONTEXT(2) 
PARAMETRIC_REPRESENTATION_CONTEXT() REPRESENTATION_CONTEXT('2D SPACE',''
  ) );
#2288 = PCURVE('',#327,#2289);
#2289 = DEFINITIONAL_REPRESENTATION('',(#2290),#2294);
#2290 = LINE('',#2291,#2292);
#2291 = CARTESIAN_POINT('',(0.,-5.773159728051E-15));
#2292 = VECTOR('',#2293,1.);
#2293 = DIRECTION('',(0.,-1.));
#2294 = ( GEOMETRIC_REPRESENTATION_CONTEXT(2) 
PARAMETRIC_REPRESENTATION_CONTEXT() REPRESENTATION_CONTEXT('2D SPACE',''
  ) );
#2295 = ORIENTED_EDGE('',*,*,#2296,.F.);
#2296 = EDGE_CURVE('',#2297,#2274,#2299,.T.);
#2297 = VERTEX_POINT('',#2298);
#2298 = CARTESIAN_POINT('',(-1.65352136705,3.179999704361,2.385));
#2299 = SURFACE_CURVE('',#2300,(#2304,#2311),.PCURVE_S1.);
#2300 = LINE('',#2301,#2302);
#2301 = CARTESIAN_POINT('',(-1.899998645782,3.179999704361,2.385));
#2302 = VECTOR('',#2303,1.);
#2303 = DIRECTION('',(-1.,-1.873501354055E-15,-1.387778780781E-17));
#2304 = PCURVE('',#1648,#2305);
#2305 = DEFINITIONAL_REPRESENTATION('',(#2306),#2310);
#2306 = LINE('',#2307,#2308);
#2307 = CARTESIAN_POINT('',(0.2,6.6));
#2308 = VECTOR('',#2309,1.);
#2309 = DIRECTION('',(-1.,1.529632821215E-33));
#2310 = ( GEOMETRIC_REPRESENTATION_CONTEXT(2) 
PARAMETRIC_REPRESENTATION_CONTEXT() REPRESENTATION_CONTEXT('2D SPACE',''
  ) );
#2311 = PCURVE('',#327,#2312);
#2312 = DEFINITIONAL_REPRESENTATION('',(#2313),#2317);
#2313 = LINE('',#2314,#2315);
#2314 = CARTESIAN_POINT('',(0.,-5.773159728051E-15));
#2315 = VECTOR('',#2316,1.);
#2316 = DIRECTION('',(0.,-1.));
#2317 = ( GEOMETRIC_REPRESENTATION_CONTEXT(2) 
PARAMETRIC_REPRESENTATION_CONTEXT() REPRESENTATION_CONTEXT('2D SPACE',''
  ) );
#2318 = ORIENTED_EDGE('',*,*,#2319,.F.);
#2319 = EDGE_CURVE('',#2320,#2297,#2322,.T.);
#2320 = VERTEX_POINT('',#2321);
#2321 = CARTESIAN_POINT('',(-0.920529016612,1.049999999999,2.385));
#2322 = SURFACE_CURVE('',#2323,(#2328,#2335),.PCURVE_S1.);
#2323 = CIRCLE('',#2324,5.6);
#2324 = AXIS2_PLACEMENT_3D('',#2325,#2326,#2327);
#2325 = CARTESIAN_POINT('',(3.9,3.9,2.385));
#2326 = DIRECTION('',(1.387778780781E-17,1.102216608582E-16,-1.));
#2327 = DIRECTION('',(-0.707106781187,-0.707106781187,
    -8.775156169326E-17));
#2328 = PCURVE('',#1648,#2329);
#2329 = DEFINITIONAL_REPRESENTATION('',(#2330),#2334);
#2330 = CIRCLE('',#2331,5.6);
#2331 = AXIS2_PLACEMENT_2D('',#2332,#2333);
#2332 = CARTESIAN_POINT('',(5.999998645782,5.879999704361));
#2333 = DIRECTION('',(-0.707106781187,0.707106781187));
#2334 = ( GEOMETRIC_REPRESENTATION_CONTEXT(2) 
PARAMETRIC_REPRESENTATION_CONTEXT() REPRESENTATION_CONTEXT('2D SPACE',''
  ) );
#2335 = PCURVE('',#2336,#2341);
#2336 = CYLINDRICAL_SURFACE('',#2337,5.6);
#2337 = AXIS2_PLACEMENT_3D('',#2338,#2339,#2340);
#2338 = CARTESIAN_POINT('',(3.9,3.9,-2.05));
#2339 = DIRECTION('',(0.,0.,-1.));
#2340 = DIRECTION('',(-0.707106781187,-0.707106781187,-0.));
#2341 = DEFINITIONAL_REPRESENTATION('',(#2342),#2346);
#2342 = LINE('',#2343,#2344);
#2343 = CARTESIAN_POINT('',(0.,-4.435));
#2344 = VECTOR('',#2345,1.);
#2345 = DIRECTION('',(1.,-2.192972032206E-15));
#2346 = ( GEOMETRIC_REPRESENTATION_CONTEXT(2) 
PARAMETRIC_REPRESENTATION_CONTEXT() REPRESENTATION_CONTEXT('2D SPACE',''
  ) );
#2347 = ORIENTED_EDGE('',*,*,#2348,.T.);
#2348 = EDGE_CURVE('',#2320,#2349,#2351,.T.);
#2349 = VERTEX_POINT('',#2350);
#2350 = CARTESIAN_POINT('',(6.124859546129,-1.7,2.385));
#2351 = SURFACE_CURVE('',#2352,(#2357,#2368),.PCURVE_S1.);
#2352 = CIRCLE('',#2353,5.2);
#2353 = AXIS2_PLACEMENT_3D('',#2354,#2355,#2356);
#2354 = CARTESIAN_POINT('',(3.9,3.,2.385));
#2355 = DIRECTION('',(0.,0.,1.));
#2356 = DIRECTION('',(1.,0.,0.));
#2357 = PCURVE('',#1648,#2358);
#2358 = DEFINITIONAL_REPRESENTATION('',(#2359),#2367);
#2359 = ( BOUNDED_CURVE() B_SPLINE_CURVE(2,(#2360,#2361,#2362,#2363,
#2364,#2365,#2366),.UNSPECIFIED.,.T.,.F.) B_SPLINE_CURVE_WITH_KNOTS((1,2
    ,2,2,2,1),(-2.094395102393,0.,2.094395102393,4.188790204786,
6.28318530718,8.377580409573),.UNSPECIFIED.) CURVE() 
GEOMETRIC_REPRESENTATION_ITEM() RATIONAL_B_SPLINE_CURVE((1.,0.5,1.,0.5,
1.,0.5,1.)) REPRESENTATION_ITEM('') );
#2360 = CARTESIAN_POINT('',(11.199998645782,6.779999704361));
#2361 = CARTESIAN_POINT('',(11.199998645783,-2.226664494997));
#2362 = CARTESIAN_POINT('',(3.399998645782,2.276667604682));
#2363 = CARTESIAN_POINT('',(-4.400001354218,6.779999704361));
#2364 = CARTESIAN_POINT('',(3.399998645782,11.28333180404));
#2365 = CARTESIAN_POINT('',(11.199998645782,15.786663903719));
#2366 = CARTESIAN_POINT('',(11.199998645782,6.779999704361));
#2367 = ( GEOMETRIC_REPRESENTATION_CONTEXT(2) 
PARAMETRIC_REPRESENTATION_CONTEXT() REPRESENTATION_CONTEXT('2D SPACE',''
  ) );
#2368 = PCURVE('',#2369,#2374);
#2369 = CYLINDRICAL_SURFACE('',#2370,5.2);
#2370 = AXIS2_PLACEMENT_3D('',#2371,#2372,#2373);
#2371 = CARTESIAN_POINT('',(3.9,3.,-2.05));
#2372 = DIRECTION('',(0.,0.,1.));
#2373 = DIRECTION('',(1.,0.,0.));
#2374 = DEFINITIONAL_REPRESENTATION('',(#2375),#2379);
#2375 = LINE('',#2376,#2377);
#2376 = CARTESIAN_POINT('',(0.,4.435));
#2377 = VECTOR('',#2378,1.);
#2378 = DIRECTION('',(1.,0.));
#2379 = ( GEOMETRIC_REPRESENTATION_CONTEXT(2) 
PARAMETRIC_REPRESENTATION_CONTEXT() REPRESENTATION_CONTEXT('2D SPACE',''
  ) );
#2380 = ORIENTED_EDGE('',*,*,#2381,.F.);
#2381 = EDGE_CURVE('',#2382,#2349,#2384,.T.);
#2382 = VERTEX_POINT('',#2383);
#2383 = CARTESIAN_POINT('',(27.675140453871,-1.7,2.385));
#2384 = SURFACE_CURVE('',#2385,(#2389,#2396),.PCURVE_S1.);
#2385 = LINE('',#2386,#2387);
#2386 = CARTESIAN_POINT('',(23.35,-1.7,2.385));
#2387 = VECTOR('',#2388,1.);
#2388 = DIRECTION('',(-1.,0.,0.));
#2389 = PCURVE('',#1648,#2390);
#2390 = DEFINITIONAL_REPRESENTATION('',(#2391),#2395);
#2391 = LINE('',#2392,#2393);
#2392 = CARTESIAN_POINT('',(25.449998645782,11.479999704361));
#2393 = VECTOR('',#2394,1.);
#2394 = DIRECTION('',(-1.,-1.873501354055E-15));
#2395 = ( GEOMETRIC_REPRESENTATION_CONTEXT(2) 
PARAMETRIC_REPRESENTATION_CONTEXT() REPRESENTATION_CONTEXT('2D SPACE',''
  ) );
#2396 = PCURVE('',#2397,#2402);
#2397 = PLANE('',#2398);
#2398 = AXIS2_PLACEMENT_3D('',#2399,#2400,#2401);
#2399 = CARTESIAN_POINT('',(29.8,-1.7,-2.05));
#2400 = DIRECTION('',(0.,-1.,0.));
#2401 = DIRECTION('',(-1.,0.,0.));
#2402 = DEFINITIONAL_REPRESENTATION('',(#2403),#2407);
#2403 = LINE('',#2404,#2405);
#2404 = CARTESIAN_POINT('',(6.45,-4.435));
#2405 = VECTOR('',#2406,1.);
#2406 = DIRECTION('',(1.,0.));
#2407 = ( GEOMETRIC_REPRESENTATION_CONTEXT(2) 
PARAMETRIC_REPRESENTATION_CONTEXT() REPRESENTATION_CONTEXT('2D SPACE',''
  ) );
#2408 = ORIENTED_EDGE('',*,*,#2409,.T.);
#2409 = EDGE_CURVE('',#2382,#2410,#2412,.T.);
#2410 = VERTEX_POINT('',#2411);
#2411 = CARTESIAN_POINT('',(34.720529016613,1.050000000001,2.385));
#2412 = SURFACE_CURVE('',#2413,(#2418,#2429),.PCURVE_S1.);
#2413 = CIRCLE('',#2414,5.2);
#2414 = AXIS2_PLACEMENT_3D('',#2415,#2416,#2417);
#2415 = CARTESIAN_POINT('',(29.9,3.,2.385));
#2416 = DIRECTION('',(0.,0.,1.));
#2417 = DIRECTION('',(1.,0.,0.));
#2418 = PCURVE('',#1648,#2419);
#2419 = DEFINITIONAL_REPRESENTATION('',(#2420),#2428);
#2420 = ( BOUNDED_CURVE() B_SPLINE_CURVE(2,(#2421,#2422,#2423,#2424,
#2425,#2426,#2427),.UNSPECIFIED.,.T.,.F.) B_SPLINE_CURVE_WITH_KNOTS((1,2
    ,2,2,2,1),(-2.094395102393,0.,2.094395102393,4.188790204786,
6.28318530718,8.377580409573),.UNSPECIFIED.) CURVE() 
GEOMETRIC_REPRESENTATION_ITEM() RATIONAL_B_SPLINE_CURVE((1.,0.5,1.,0.5,
1.,0.5,1.)) REPRESENTATION_ITEM('') );
#2421 = CARTESIAN_POINT('',(37.199998645783,6.779999704361));
#2422 = CARTESIAN_POINT('',(37.199998645783,-2.226664494997));
#2423 = CARTESIAN_POINT('',(29.399998645783,2.276667604682));
#2424 = CARTESIAN_POINT('',(21.599998645783,6.779999704361));
#2425 = CARTESIAN_POINT('',(29.399998645783,11.28333180404));
#2426 = CARTESIAN_POINT('',(37.199998645783,15.786663903719));
#2427 = CARTESIAN_POINT('',(37.199998645783,6.779999704361));
#2428 = ( GEOMETRIC_REPRESENTATION_CONTEXT(2) 
PARAMETRIC_REPRESENTATION_CONTEXT() REPRESENTATION_CONTEXT('2D SPACE',''
  ) );
#2429 = PCURVE('',#2430,#2435);
#2430 = CYLINDRICAL_SURFACE('',#2431,5.2);
#2431 = AXIS2_PLACEMENT_3D('',#2432,#2433,#2434);
#2432 = CARTESIAN_POINT('',(29.9,3.,-2.05));
#2433 = DIRECTION('',(0.,0.,1.));
#2434 = DIRECTION('',(1.,0.,0.));
#2435 = DEFINITIONAL_REPRESENTATION('',(#2436),#2440);
#2436 = LINE('',#2437,#2438);
#2437 = CARTESIAN_POINT('',(0.,4.435));
#2438 = VECTOR('',#2439,1.);
#2439 = DIRECTION('',(1.,0.));
#2440 = ( GEOMETRIC_REPRESENTATION_CONTEXT(2) 
PARAMETRIC_REPRESENTATION_CONTEXT() REPRESENTATION_CONTEXT('2D SPACE',''
  ) );
#2441 = ORIENTED_EDGE('',*,*,#2442,.F.);
#2442 = EDGE_CURVE('',#2443,#2410,#2445,.T.);
#2443 = VERTEX_POINT('',#2444);
#2444 = CARTESIAN_POINT('',(35.45352136705,3.179999704361,2.385));
#2445 = SURFACE_CURVE('',#2446,(#2451,#2458),.PCURVE_S1.);
#2446 = CIRCLE('',#2447,5.6);
#2447 = AXIS2_PLACEMENT_3D('',#2448,#2449,#2450);
#2448 = CARTESIAN_POINT('',(29.9,3.9,2.385));
#2449 = DIRECTION('',(1.387778780781E-17,1.102216608582E-16,-1.));
#2450 = DIRECTION('',(0.707106781187,-0.707106781187,-6.812540595972E-17
    ));
#2451 = PCURVE('',#1648,#2452);
#2452 = DEFINITIONAL_REPRESENTATION('',(#2453),#2457);
#2453 = CIRCLE('',#2454,5.6);
#2454 = AXIS2_PLACEMENT_2D('',#2455,#2456);
#2455 = CARTESIAN_POINT('',(31.999998645782,5.879999704361));
#2456 = DIRECTION('',(0.707106781187,0.707106781187));
#2457 = ( GEOMETRIC_REPRESENTATION_CONTEXT(2) 
PARAMETRIC_REPRESENTATION_CONTEXT() REPRESENTATION_CONTEXT('2D SPACE',''
  ) );
#2458 = PCURVE('',#2459,#2464);
#2459 = CYLINDRICAL_SURFACE('',#2460,5.6);
#2460 = AXIS2_PLACEMENT_3D('',#2461,#2462,#2463);
#2461 = CARTESIAN_POINT('',(29.9,3.9,-2.05));
#2462 = DIRECTION('',(0.,0.,1.));
#2463 = DIRECTION('',(0.707106781187,-0.707106781187,0.));
#2464 = DEFINITIONAL_REPRESENTATION('',(#2465),#2469);
#2465 = LINE('',#2466,#2467);
#2466 = CARTESIAN_POINT('',(6.28318530718,4.435));
#2467 = VECTOR('',#2468,1.);
#2468 = DIRECTION('',(-1.,-2.192972032208E-15));
#2469 = ( GEOMETRIC_REPRESENTATION_CONTEXT(2) 
PARAMETRIC_REPRESENTATION_CONTEXT() REPRESENTATION_CONTEXT('2D SPACE',''
  ) );
#2470 = ORIENTED_EDGE('',*,*,#2471,.F.);
#2471 = EDGE_CURVE('',#2472,#2443,#2474,.T.);
#2472 = VERTEX_POINT('',#2473);
#2473 = CARTESIAN_POINT('',(36.299998836517,3.179999704361,2.385));
#2474 = SURFACE_CURVE('',#2475,(#2479,#2486),.PCURVE_S1.);
#2475 = LINE('',#2476,#2477);
#2476 = CARTESIAN_POINT('',(35.699998836517,3.179999704361,2.385));
#2477 = VECTOR('',#2478,1.);
#2478 = DIRECTION('',(-1.,3.943341561133E-31,-4.209604418395E-47));
#2479 = PCURVE('',#1648,#2480);
#2480 = DEFINITIONAL_REPRESENTATION('',(#2481),#2485);
#2481 = LINE('',#2482,#2483);
#2482 = CARTESIAN_POINT('',(37.7999974823,6.6));
#2483 = VECTOR('',#2484,1.);
#2484 = DIRECTION('',(-1.,-1.873501354055E-15));
#2485 = ( GEOMETRIC_REPRESENTATION_CONTEXT(2) 
PARAMETRIC_REPRESENTATION_CONTEXT() REPRESENTATION_CONTEXT('2D SPACE',''
  ) );
#2486 = PCURVE('',#2487,#2492);
#2487 = CYLINDRICAL_SURFACE('',#2488,3.05);
#2488 = AXIS2_PLACEMENT_3D('',#2489,#2490,#2491);
#2489 = CARTESIAN_POINT('',(35.699998836517,6.229307002749,2.45));
#2490 = DIRECTION('',(1.,-3.943341561133E-31,4.210632404822E-47));
#2491 = DIRECTION('',(-3.942445967999E-31,-0.999772884717,
    -2.131147540984E-02));
#2492 = DEFINITIONAL_REPRESENTATION('',(#2493),#2497);
#2493 = LINE('',#2494,#2495);
#2494 = CARTESIAN_POINT('',(0.,0.));
#2495 = VECTOR('',#2496,1.);
#2496 = DIRECTION('',(0.,-1.));
#2497 = ( GEOMETRIC_REPRESENTATION_CONTEXT(2) 
PARAMETRIC_REPRESENTATION_CONTEXT() REPRESENTATION_CONTEXT('2D SPACE',''
  ) );
#2498 = ORIENTED_EDGE('',*,*,#2499,.F.);
#2499 = EDGE_CURVE('',#1633,#2472,#2500,.T.);
#2500 = SURFACE_CURVE('',#2501,(#2505,#2512),.PCURVE_S1.);
#2501 = ( BOUNDED_CURVE() B_SPLINE_CURVE(2,(#2502,#2503,#2504),
.UNSPECIFIED.,.F.,.F.) B_SPLINE_CURVE_WITH_KNOTS((3,3),(0.,
0.128262131871),.PIECEWISE_BEZIER_KNOTS.) CURVE() 
GEOMETRIC_REPRESENTATION_ITEM() RATIONAL_B_SPLINE_CURVE((1.,
1.020574657269,1.017826921918)) REPRESENTATION_ITEM('') );
#2502 = CARTESIAN_POINT('',(37.099998836517,3.980246087611,2.385));
#2503 = CARTESIAN_POINT('',(36.760413387318,3.640518846097,2.385));
#2504 = CARTESIAN_POINT('',(36.299998836517,3.179999704361,2.385));
#2505 = PCURVE('',#1648,#2506);
#2506 = DEFINITIONAL_REPRESENTATION('',(#2507),#2511);
#2507 = ( BOUNDED_CURVE() B_SPLINE_CURVE(2,(#2508,#2509,#2510),
.UNSPECIFIED.,.F.,.F.) B_SPLINE_CURVE_WITH_KNOTS((3,3),(0.,
0.128262131871),.PIECEWISE_BEZIER_KNOTS.) CURVE() 
GEOMETRIC_REPRESENTATION_ITEM() RATIONAL_B_SPLINE_CURVE((1.,
1.020574657269,1.017826921918)) REPRESENTATION_ITEM('') );
#2508 = CARTESIAN_POINT('',(39.1999974823,5.79975361675));
#2509 = CARTESIAN_POINT('',(38.860412033101,6.139480858264));
#2510 = CARTESIAN_POINT('',(38.3999974823,6.6));
#2511 = ( GEOMETRIC_REPRESENTATION_CONTEXT(2) 
PARAMETRIC_REPRESENTATION_CONTEXT() REPRESENTATION_CONTEXT('2D SPACE',''
  ) );
#2512 = PCURVE('',#1681,#2513);
#2513 = DEFINITIONAL_REPRESENTATION('',(#2514),#2540);
#2514 = B_SPLINE_CURVE_WITH_KNOTS('',3,(#2515,#2516,#2517,#2518,#2519,
    #2520,#2521,#2522,#2523,#2524,#2525,#2526,#2527,#2528,#2529,#2530,
    #2531,#2532,#2533,#2534,#2535,#2536,#2537,#2538,#2539),
  .UNSPECIFIED.,.F.,.F.,(4,1,1,1,1,1,1,1,1,1,1,1,1,1,1,1,1,1,1,1,1,1,4),
  (0.,5.830096903232E-03,1.166019380646E-02,1.74902907097E-02,
    2.332038761293E-02,2.915048451616E-02,3.498058141939E-02,
    4.081067832263E-02,4.664077522586E-02,5.247087212909E-02,
    5.830096903232E-02,6.413106593556E-02,6.996116283879E-02,
    7.579125974202E-02,8.162135664525E-02,8.745145354849E-02,
    9.328155045172E-02,9.911164735495E-02,0.104941744258,0.110771841161,
    0.116601938065,0.122432034968,0.128262131871),
  .QUASI_UNIFORM_KNOTS.);
#2515 = CARTESIAN_POINT('',(6.275605487435,-0.4));
#2516 = CARTESIAN_POINT('',(6.275740386298,-0.389497794364));
#2517 = CARTESIAN_POINT('',(6.276008044193,-0.368365897838));
#2518 = CARTESIAN_POINT('',(6.276403256969,-0.336278357268));
#2519 = CARTESIAN_POINT('',(6.276792342885,-0.303793950987));
#2520 = CARTESIAN_POINT('',(6.277175442937,-0.270905263763));
#2521 = CARTESIAN_POINT('',(6.277552694267,-0.237604712495));
#2522 = CARTESIAN_POINT('',(6.277924229743,-0.203884518124));
#2523 = CARTESIAN_POINT('',(6.278290178274,-0.169736705541));
#2524 = CARTESIAN_POINT('',(6.278650664909,-0.1351530957));
#2525 = CARTESIAN_POINT('',(6.279005811,-0.100125299517));
#2526 = CARTESIAN_POINT('',(6.279355734329,-6.464471097195E-02));
#2527 = CARTESIAN_POINT('',(6.279700549239,-2.870250008781E-02));
#2528 = CARTESIAN_POINT('',(6.280040366763,7.710394400827E-03));
#2529 = CARTESIAN_POINT('',(6.280375294739,4.460327266087E-02));
#2530 = CARTESIAN_POINT('',(6.280705437923,8.198568168412E-02));
#2531 = CARTESIAN_POINT('',(6.281030898104,0.119867423507));
#2532 = CARTESIAN_POINT('',(6.281351774201,0.158258563839));
#2533 = CARTESIAN_POINT('',(6.28166816237,0.197169440758));
#2534 = CARTESIAN_POINT('',(6.281980156093,0.236610674806));
#2535 = CARTESIAN_POINT('',(6.282287846288,0.276593175626));
#2536 = CARTESIAN_POINT('',(6.282591321325,0.317128163301));
#2537 = CARTESIAN_POINT('',(6.282890667394,0.358227136776));
#2538 = CARTESIAN_POINT('',(6.283087534142,0.386010406754));
#2539 = CARTESIAN_POINT('',(6.28318530718,0.4));
#2540 = ( GEOMETRIC_REPRESENTATION_CONTEXT(2) 
PARAMETRIC_REPRESENTATION_CONTEXT() REPRESENTATION_CONTEXT('2D SPACE',''
  ) );
#2541 = ADVANCED_FACE('',(#2542),#1159,.T.);
#2542 = FACE_BOUND('',#2543,.T.);
#2543 = EDGE_LOOP('',(#2544,#2545,#2573,#2601));
#2544 = ORIENTED_EDGE('',*,*,#1143,.T.);
#2545 = ORIENTED_EDGE('',*,*,#2546,.T.);
#2546 = EDGE_CURVE('',#1116,#2547,#2549,.T.);
#2547 = VERTEX_POINT('',#2548);
#2548 = CARTESIAN_POINT('',(37.099998836517,39.72999985218,0.2));
#2549 = SURFACE_CURVE('',#2550,(#2555,#2562),.PCURVE_S1.);
#2550 = CIRCLE('',#2551,2.25);
#2551 = AXIS2_PLACEMENT_3D('',#2552,#2553,#2554);
#2552 = CARTESIAN_POINT('',(37.099998836517,39.72999985218,2.45));
#2553 = DIRECTION('',(-1.,1.110223024625E-16,0.));
#2554 = DIRECTION('',(-7.850462293419E-17,-0.707106781187,
    -0.707106781187));
#2555 = PCURVE('',#1159,#2556);
#2556 = DEFINITIONAL_REPRESENTATION('',(#2557),#2561);
#2557 = LINE('',#2558,#2559);
#2558 = CARTESIAN_POINT('',(4.440892098501E-16,-0.4));
#2559 = VECTOR('',#2560,1.);
#2560 = DIRECTION('',(1.,1.425594765758E-15));
#2561 = ( GEOMETRIC_REPRESENTATION_CONTEXT(2) 
PARAMETRIC_REPRESENTATION_CONTEXT() REPRESENTATION_CONTEXT('2D SPACE',''
  ) );
#2562 = PCURVE('',#1131,#2563);
#2563 = DEFINITIONAL_REPRESENTATION('',(#2564),#2572);
#2564 = ( BOUNDED_CURVE() B_SPLINE_CURVE(2,(#2565,#2566,#2567,#2568,
#2569,#2570,#2571),.UNSPECIFIED.,.T.,.F.) B_SPLINE_CURVE_WITH_KNOTS((1,2
    ,2,2,2,1),(-2.094395102393,0.,2.094395102393,4.188790204786,
6.28318530718,8.377580409573),.UNSPECIFIED.) CURVE() 
GEOMETRIC_REPRESENTATION_ITEM() RATIONAL_B_SPLINE_CURVE((1.,0.5,1.,0.5,
1.,0.5,1.)) REPRESENTATION_ITEM('') );
#2565 = CARTESIAN_POINT('',(1.959009446691,-1.59099025767));
#2566 = CARTESIAN_POINT('',(-0.79666651394,1.164685702961));
#2567 = CARTESIAN_POINT('',(2.96765685288,2.17333310915));
#2568 = CARTESIAN_POINT('',(6.7319802197,3.181980515339));
#2569 = CARTESIAN_POINT('',(5.723332813511,-0.582342851481));
#2570 = CARTESIAN_POINT('',(4.714685407322,-4.346666218301));
#2571 = CARTESIAN_POINT('',(1.959009446691,-1.59099025767));
#2572 = ( GEOMETRIC_REPRESENTATION_CONTEXT(2) 
PARAMETRIC_REPRESENTATION_CONTEXT() REPRESENTATION_CONTEXT('2D SPACE',''
  ) );
#2573 = ORIENTED_EDGE('',*,*,#2574,.F.);
#2574 = EDGE_CURVE('',#2575,#2547,#2577,.T.);
#2575 = VERTEX_POINT('',#2576);
#2576 = CARTESIAN_POINT('',(36.299998836517,39.72999985218,-0.6));
#2577 = SURFACE_CURVE('',#2578,(#2582,#2589),.PCURVE_S1.);
#2578 = LINE('',#2579,#2580);
#2579 = CARTESIAN_POINT('',(36.299998836517,39.72999985218,-0.6));
#2580 = VECTOR('',#2581,1.);
#2581 = DIRECTION('',(0.707106781187,0.,0.707106781187));
#2582 = PCURVE('',#1159,#2583);
#2583 = DEFINITIONAL_REPRESENTATION('',(#2584),#2588);
#2584 = LINE('',#2585,#2586);
#2585 = CARTESIAN_POINT('',(5.497787143782,0.4));
#2586 = VECTOR('',#2587,1.);
#2587 = DIRECTION('',(0.,-1.));
#2588 = ( GEOMETRIC_REPRESENTATION_CONTEXT(2) 
PARAMETRIC_REPRESENTATION_CONTEXT() REPRESENTATION_CONTEXT('2D SPACE',''
  ) );
#2589 = PCURVE('',#2590,#2595);
#2590 = PLANE('',#2591);
#2591 = AXIS2_PLACEMENT_3D('',#2592,#2593,#2594);
#2592 = CARTESIAN_POINT('',(36.699998836517,35.53000014782,-0.2));
#2593 = DIRECTION('',(0.707106781187,-1.53989837294E-16,-0.707106781187)
  );
#2594 = DIRECTION('',(-0.707106781187,0.,-0.707106781187));
#2595 = DEFINITIONAL_REPRESENTATION('',(#2596),#2600);
#2596 = LINE('',#2597,#2598);
#2597 = CARTESIAN_POINT('',(0.565685424949,4.199999704361));
#2598 = VECTOR('',#2599,1.);
#2599 = DIRECTION('',(-1.,0.));
#2600 = ( GEOMETRIC_REPRESENTATION_CONTEXT(2) 
PARAMETRIC_REPRESENTATION_CONTEXT() REPRESENTATION_CONTEXT('2D SPACE',''
  ) );
#2601 = ORIENTED_EDGE('',*,*,#2602,.T.);
#2602 = EDGE_CURVE('',#2575,#1144,#2603,.T.);
#2603 = SURFACE_CURVE('',#2604,(#2609,#2616),.PCURVE_S1.);
#2604 = CIRCLE('',#2605,3.05);
#2605 = AXIS2_PLACEMENT_3D('',#2606,#2607,#2608);
#2606 = CARTESIAN_POINT('',(36.299998836517,39.72999985218,2.45));
#2607 = DIRECTION('',(1.,-1.110223024625E-16,0.));
#2608 = DIRECTION('',(-7.850462293419E-17,-0.707106781187,
    -0.707106781187));
#2609 = PCURVE('',#1159,#2610);
#2610 = DEFINITIONAL_REPRESENTATION('',(#2611),#2615);
#2611 = LINE('',#2612,#2613);
#2612 = CARTESIAN_POINT('',(6.28318530718,0.4));
#2613 = VECTOR('',#2614,1.);
#2614 = DIRECTION('',(-1.,-8.613056000089E-16));
#2615 = ( GEOMETRIC_REPRESENTATION_CONTEXT(2) 
PARAMETRIC_REPRESENTATION_CONTEXT() REPRESENTATION_CONTEXT('2D SPACE',''
  ) );
#2616 = PCURVE('',#1209,#2617);
#2617 = DEFINITIONAL_REPRESENTATION('',(#2618),#2622);
#2618 = LINE('',#2619,#2620);
#2619 = CARTESIAN_POINT('',(3.14159265359,0.8));
#2620 = VECTOR('',#2621,1.);
#2621 = DIRECTION('',(1.,0.));
#2622 = ( GEOMETRIC_REPRESENTATION_CONTEXT(2) 
PARAMETRIC_REPRESENTATION_CONTEXT() REPRESENTATION_CONTEXT('2D SPACE',''
  ) );
#2623 = ADVANCED_FACE('',(#2624),#1209,.T.);
#2624 = FACE_BOUND('',#2625,.T.);
#2625 = EDGE_LOOP('',(#2626,#2627,#2655,#2705,#2738,#2783));
#2626 = ORIENTED_EDGE('',*,*,#2602,.F.);
#2627 = ORIENTED_EDGE('',*,*,#2628,.T.);
#2628 = EDGE_CURVE('',#2575,#2629,#2631,.T.);
#2629 = VERTEX_POINT('',#2630);
#2630 = CARTESIAN_POINT('',(35.35,39.72999985218,-0.6));
#2631 = SURFACE_CURVE('',#2632,(#2636,#2643),.PCURVE_S1.);
#2632 = LINE('',#2633,#2634);
#2633 = CARTESIAN_POINT('',(35.499998836517,39.72999985218,-0.6));
#2634 = VECTOR('',#2635,1.);
#2635 = DIRECTION('',(-1.,-1.44444745829E-34,5.139932134793E-51));
#2636 = PCURVE('',#1209,#2637);
#2637 = DEFINITIONAL_REPRESENTATION('',(#2638),#2642);
#2638 = LINE('',#2639,#2640);
#2639 = CARTESIAN_POINT('',(3.926990816987,0.));
#2640 = VECTOR('',#2641,1.);
#2641 = DIRECTION('',(0.,-1.));
#2642 = ( GEOMETRIC_REPRESENTATION_CONTEXT(2) 
PARAMETRIC_REPRESENTATION_CONTEXT() REPRESENTATION_CONTEXT('2D SPACE',''
  ) );
#2643 = PCURVE('',#2644,#2649);
#2644 = PLANE('',#2645);
#2645 = AXIS2_PLACEMENT_3D('',#2646,#2647,#2648);
#2646 = CARTESIAN_POINT('',(35.499998836517,34.88000014782,-0.6));
#2647 = DIRECTION('',(1.027986426959E-50,-1.067522139063E-16,-1.));
#2648 = DIRECTION('',(1.110223024625E-16,1.,-1.067522139063E-16));
#2649 = DEFINITIONAL_REPRESENTATION('',(#2650),#2654);
#2650 = LINE('',#2651,#2652);
#2651 = CARTESIAN_POINT('',(4.849999704361,-5.384581341207E-16));
#2652 = VECTOR('',#2653,1.);
#2653 = DIRECTION('',(-1.110223024625E-16,-1.));
#2654 = ( GEOMETRIC_REPRESENTATION_CONTEXT(2) 
PARAMETRIC_REPRESENTATION_CONTEXT() REPRESENTATION_CONTEXT('2D SPACE',''
  ) );
#2655 = ORIENTED_EDGE('',*,*,#2656,.F.);
#2656 = EDGE_CURVE('',#2657,#2629,#2659,.T.);
#2657 = VERTEX_POINT('',#2658);
#2658 = CARTESIAN_POINT('',(35.5,40.674722033565,-0.45));
#2659 = SURFACE_CURVE('',#2660,(#2665,#2694),.PCURVE_S1.);
#2660 = ELLIPSE('',#2661,4.313351365238,3.05);
#2661 = AXIS2_PLACEMENT_3D('',#2662,#2663,#2664);
#2662 = CARTESIAN_POINT('',(38.4,39.72999985218,2.45));
#2663 = DIRECTION('',(-0.707106781187,-8.272352258608E-17,0.707106781187
    ));
#2664 = DIRECTION('',(-0.707106781187,1.286961031708E-16,-0.707106781187
    ));
#2665 = PCURVE('',#1209,#2666);
#2666 = DEFINITIONAL_REPRESENTATION('',(#2667),#2693);
#2667 = B_SPLINE_CURVE_WITH_KNOTS('',3,(#2668,#2669,#2670,#2671,#2672,
    #2673,#2674,#2675,#2676,#2677,#2678,#2679,#2680,#2681,#2682,#2683,
    #2684,#2685,#2686,#2687,#2688,#2689,#2690,#2691,#2692),
  .UNSPECIFIED.,.F.,.F.,(4,1,1,1,1,1,1,1,1,1,1,1,1,1,1,1,1,1,1,1,1,1,4),
  (5.968260499776,5.982575263749,5.996890027722,6.011204791695,
    6.025519555668,6.039834319641,6.054149083614,6.068463847586,
    6.082778611559,6.097093375532,6.111408139505,6.125722903478,
    6.140037667451,6.154352431424,6.168667195397,6.182981959369,
    6.197296723342,6.211611487315,6.225926251288,6.240241015261,
    6.254555779234,6.268870543207,6.28318530718),.QUASI_UNIFORM_KNOTS.);
#2668 = CARTESIAN_POINT('',(4.241915624391,1.163482707511E-06));
#2669 = CARTESIAN_POINT('',(4.2371440364,-4.506671735196E-03));
#2670 = CARTESIAN_POINT('',(4.227600860418,-1.332422139066E-02));
#2671 = CARTESIAN_POINT('',(4.213286096445,-2.595360778596E-02));
#2672 = CARTESIAN_POINT('',(4.198971332472,-3.798343219421E-02));
#2673 = CARTESIAN_POINT('',(4.184656568499,-4.941123924928E-02));
#2674 = CARTESIAN_POINT('',(4.170341804526,-6.023468470456E-02));
#2675 = CARTESIAN_POINT('',(4.156027040553,-7.045155143203E-02));
#2676 = CARTESIAN_POINT('',(4.14171227658,-8.005974571839E-02));
#2677 = CARTESIAN_POINT('',(4.127397512608,-8.905729880819E-02));
#2678 = CARTESIAN_POINT('',(4.113082748635,-9.74423670088E-02));
#2679 = CARTESIAN_POINT('',(4.098767984662,-0.105213232148));
#2680 = CARTESIAN_POINT('',(4.084453220689,-0.112368301905));
#2681 = CARTESIAN_POINT('',(4.070138456716,-0.118906110142));
#2682 = CARTESIAN_POINT('',(4.055823692743,-0.124825317204));
#2683 = CARTESIAN_POINT('',(4.04150892877,-0.130124710192));
#2684 = CARTESIAN_POINT('',(4.027194164797,-0.13480320321));
#2685 = CARTESIAN_POINT('',(4.012879400824,-0.138859837606));
#2686 = CARTESIAN_POINT('',(3.998564636852,-0.142293782088));
#2687 = CARTESIAN_POINT('',(3.984249872879,-0.145104333204));
#2688 = CARTESIAN_POINT('',(3.969935108906,-0.147290914322));
#2689 = CARTESIAN_POINT('',(3.955620344933,-0.148853080097));
#2690 = CARTESIAN_POINT('',(3.94130558096,-0.149790500332));
#2691 = CARTESIAN_POINT('',(3.931762404978,-0.149998847188));
#2692 = CARTESIAN_POINT('',(3.926990816987,-0.149998836517));
#2693 = ( GEOMETRIC_REPRESENTATION_CONTEXT(2) 
PARAMETRIC_REPRESENTATION_CONTEXT() REPRESENTATION_CONTEXT('2D SPACE',''
  ) );
#2694 = PCURVE('',#1557,#2695);
#2695 = DEFINITIONAL_REPRESENTATION('',(#2696),#2704);
#2696 = ( BOUNDED_CURVE() B_SPLINE_CURVE(2,(#2697,#2698,#2699,#2700,
#2701,#2702,#2703),.UNSPECIFIED.,.T.,.F.) B_SPLINE_CURVE_WITH_KNOTS((1,2
    ,2,2,2,1),(-2.094395102393,0.,2.094395102393,4.188790204786,
6.28318530718,8.377580409573),.UNSPECIFIED.) CURVE() 
GEOMETRIC_REPRESENTATION_ITEM() RATIONAL_B_SPLINE_CURVE((1.,0.5,1.,0.5,
1.,0.5,1.)) REPRESENTATION_ITEM('') );
#2697 = CARTESIAN_POINT('',(-0.919238815543,7.259999852181));
#2698 = CARTESIAN_POINT('',(-0.919238815543,1.977244889095));
#2699 = CARTESIAN_POINT('',(-7.389265863399,4.618622370638));
#2700 = CARTESIAN_POINT('',(-13.85929291125,7.25999985218));
#2701 = CARTESIAN_POINT('',(-7.389265863399,9.901377333723));
#2702 = CARTESIAN_POINT('',(-0.919238815543,12.542754815266));
#2703 = CARTESIAN_POINT('',(-0.919238815543,7.259999852181));
#2704 = ( GEOMETRIC_REPRESENTATION_CONTEXT(2) 
PARAMETRIC_REPRESENTATION_CONTEXT() REPRESENTATION_CONTEXT('2D SPACE',''
  ) );
#2705 = ORIENTED_EDGE('',*,*,#2706,.F.);
#2706 = EDGE_CURVE('',#2707,#2657,#2709,.T.);
#2707 = VERTEX_POINT('',#2708);
#2708 = CARTESIAN_POINT('',(35.499998836517,42.06,0.481853838974));
#2709 = SURFACE_CURVE('',#2710,(#2715,#2722),.PCURVE_S1.);
#2710 = CIRCLE('',#2711,3.05);
#2711 = AXIS2_PLACEMENT_3D('',#2712,#2713,#2714);
#2712 = CARTESIAN_POINT('',(35.5,39.72999985218,2.45));
#2713 = DIRECTION('',(-1.,-1.169887275685E-16,0.));
#2714 = DIRECTION('',(-8.272352258608E-17,0.707106781187,0.707106781187)
  );
#2715 = PCURVE('',#1209,#2716);
#2716 = DEFINITIONAL_REPRESENTATION('',(#2717),#2721);
#2717 = LINE('',#2718,#2719);
#2718 = CARTESIAN_POINT('',(6.28318530718,1.163482700406E-06));
#2719 = VECTOR('',#2720,1.);
#2720 = DIRECTION('',(-1.,0.));
#2721 = ( GEOMETRIC_REPRESENTATION_CONTEXT(2) 
PARAMETRIC_REPRESENTATION_CONTEXT() REPRESENTATION_CONTEXT('2D SPACE',''
  ) );
#2722 = PCURVE('',#2723,#2728);
#2723 = PLANE('',#2724);
#2724 = AXIS2_PLACEMENT_3D('',#2725,#2726,#2727);
#2725 = CARTESIAN_POINT('',(35.5,41.96,-2.05));
#2726 = DIRECTION('',(1.,1.169887275685E-16,0.));
#2727 = DIRECTION('',(1.169887275685E-16,-1.,0.));
#2728 = DEFINITIONAL_REPRESENTATION('',(#2729),#2737);
#2729 = ( BOUNDED_CURVE() B_SPLINE_CURVE(2,(#2730,#2731,#2732,#2733,
#2734,#2735,#2736),.UNSPECIFIED.,.T.,.F.) B_SPLINE_CURVE_WITH_KNOTS((1,2
    ,2,2,2,1),(-2.094395102393,0.,2.094395102393,4.188790204786,
6.28318530718,8.377580409573),.UNSPECIFIED.) CURVE() 
GEOMETRIC_REPRESENTATION_ITEM() RATIONAL_B_SPLINE_CURVE((1.,0.5,1.,0.5,
1.,0.5,1.)) REPRESENTATION_ITEM('') );
#2730 = CARTESIAN_POINT('',(7.332446520053E-02,-6.656675682619));
#2731 = CARTESIAN_POINT('',(-3.662147392544,-2.921203824875));
#2732 = CARTESIAN_POINT('',(1.440602060257,-1.553926229818));
#2733 = CARTESIAN_POINT('',(6.543351513057,-0.186648634762));
#2734 = CARTESIAN_POINT('',(5.176073918001,-5.289398087563));
#2735 = CARTESIAN_POINT('',(3.808796322945,-10.39214754036));
#2736 = CARTESIAN_POINT('',(7.332446520053E-02,-6.656675682619));
#2737 = ( GEOMETRIC_REPRESENTATION_CONTEXT(2) 
PARAMETRIC_REPRESENTATION_CONTEXT() REPRESENTATION_CONTEXT('2D SPACE',''
  ) );
#2738 = ORIENTED_EDGE('',*,*,#2739,.F.);
#2739 = EDGE_CURVE('',#1194,#2707,#2740,.T.);
#2740 = SURFACE_CURVE('',#2741,(#2748,#2754),.PCURVE_S1.);
#2741 = B_SPLINE_CURVE_WITH_KNOTS('',3,(#2742,#2743,#2744,#2745,#2746,
    #2747),.UNSPECIFIED.,.F.,.F.,(4,2,4),(1.070980088566,1.180332329831,
    1.26925699404),.UNSPECIFIED.);
#2742 = CARTESIAN_POINT('',(35.45361118761,42.779307150568,2.385));
#2743 = CARTESIAN_POINT('',(35.454624422712,42.771484186767,
    2.018005836686));
#2744 = CARTESIAN_POINT('',(35.466064801179,42.69343875755,
    1.631579338929));
#2745 = CARTESIAN_POINT('',(35.489507003379,42.42355510212,
    0.985083975872));
#2746 = CARTESIAN_POINT('',(35.5,42.256234892615,0.714167545067));
#2747 = CARTESIAN_POINT('',(35.5,42.06,0.481853838974));
#2748 = PCURVE('',#1209,#2749);
#2749 = DEFINITIONAL_REPRESENTATION('',(#2750),#2753);
#2750 = B_SPLINE_CURVE_WITH_KNOTS('',1,(#2751,#2752),.UNSPECIFIED.,.F.,
  .F.,(2,2),(1.070980088566,1.26925699404),.PIECEWISE_BEZIER_KNOTS.);
#2751 = CARTESIAN_POINT('',(5.476474054838,-4.63876489078E-02));
#2752 = CARTESIAN_POINT('',(4.796379304562,1.163482700406E-06));
#2753 = ( GEOMETRIC_REPRESENTATION_CONTEXT(2) 
PARAMETRIC_REPRESENTATION_CONTEXT() REPRESENTATION_CONTEXT('2D SPACE',''
  ) );
#2754 = PCURVE('',#1238,#2755);
#2755 = DEFINITIONAL_REPRESENTATION('',(#2756),#2782);
#2756 = B_SPLINE_CURVE_WITH_KNOTS('',3,(#2757,#2758,#2759,#2760,#2761,
    #2762,#2763,#2764,#2765,#2766,#2767,#2768,#2769,#2770,#2771,#2772,
    #2773,#2774,#2775,#2776,#2777,#2778,#2779,#2780,#2781),
  .UNSPECIFIED.,.F.,.F.,(4,1,1,1,1,1,1,1,1,1,1,1,1,1,1,1,1,1,1,1,1,1,4),
  (1.070980088566,1.079992675178,1.089005261791,1.098017848403,
    1.107030435016,1.116043021628,1.12505560824,1.134068194853,
    1.143080781465,1.152093368078,1.16110595469,1.170118541303,
    1.179131127915,1.188143714528,1.19715630114,1.206168887753,
    1.215181474365,1.224194060978,1.23320664759,1.242219234203,
    1.251231820815,1.260244407427,1.26925699404),.QUASI_UNIFORM_KNOTS.);
#2757 = CARTESIAN_POINT('',(5.626590703431,4.435));
#2758 = CARTESIAN_POINT('',(5.626474607053,4.404753096554));
#2759 = CARTESIAN_POINT('',(5.626070219167,4.343995292962));
#2760 = CARTESIAN_POINT('',(5.624947413045,4.252232226879));
#2761 = CARTESIAN_POINT('',(5.623308749437,4.160008429472));
#2762 = CARTESIAN_POINT('',(5.62115457516,4.067489530237));
#2763 = CARTESIAN_POINT('',(5.618485204375,3.974841158212));
#2764 = CARTESIAN_POINT('',(5.615300907407,3.882228944138));
#2765 = CARTESIAN_POINT('',(5.611601905206,3.789818512395));
#2766 = CARTESIAN_POINT('',(5.607388364341,3.69777551111));
#2767 = CARTESIAN_POINT('',(5.602660408656,3.606265499788));
#2768 = CARTESIAN_POINT('',(5.597418088155,3.515454368668));
#2769 = CARTESIAN_POINT('',(5.591661526703,3.425506773674));
#2770 = CARTESIAN_POINT('',(5.585390421627,3.336591977262));
#2771 = CARTESIAN_POINT('',(5.578605981307,3.24886205007));
#2772 = CARTESIAN_POINT('',(5.571332206382,3.162403861711));
#2773 = CARTESIAN_POINT('',(5.563587916164,3.077348553564));
#2774 = CARTESIAN_POINT('',(5.555393046722,2.993816017702));
#2775 = CARTESIAN_POINT('',(5.546767036101,2.91192916044));
#2776 = CARTESIAN_POINT('',(5.537729242044,2.831810080429));
#2777 = CARTESIAN_POINT('',(5.528298815539,2.753581092735));
#2778 = CARTESIAN_POINT('',(5.51849470738,2.677364454433));
#2779 = CARTESIAN_POINT('',(5.508335674385,2.603282438141));
#2780 = CARTESIAN_POINT('',(5.501338651927,2.55539902091));
#2781 = CARTESIAN_POINT('',(5.497787143782,2.531853838974));
#2782 = ( GEOMETRIC_REPRESENTATION_CONTEXT(2) 
PARAMETRIC_REPRESENTATION_CONTEXT() REPRESENTATION_CONTEXT('2D SPACE',''
  ) );
#2783 = ORIENTED_EDGE('',*,*,#1193,.F.);
#2784 = ADVANCED_FACE('',(#2785),#2644,.T.);
#2785 = FACE_BOUND('',#2786,.T.);
#2786 = EDGE_LOOP('',(#2787,#2810,#2838,#2859));
#2787 = ORIENTED_EDGE('',*,*,#2788,.F.);
#2788 = EDGE_CURVE('',#2789,#2575,#2791,.T.);
#2789 = VERTEX_POINT('',#2790);
#2790 = CARTESIAN_POINT('',(36.299998836517,32.629307455744,-0.6));
#2791 = SURFACE_CURVE('',#2792,(#2796,#2803),.PCURVE_S1.);
#2792 = LINE('',#2793,#2794);
#2793 = CARTESIAN_POINT('',(36.299998836517,35.53000014782,-0.6));
#2794 = VECTOR('',#2795,1.);
#2795 = DIRECTION('',(1.110223024625E-16,1.,-1.067522139063E-16));
#2796 = PCURVE('',#2644,#2797);
#2797 = DEFINITIONAL_REPRESENTATION('',(#2798),#2802);
#2798 = LINE('',#2799,#2800);
#2799 = CARTESIAN_POINT('',(0.65,0.8));
#2800 = VECTOR('',#2801,1.);
#2801 = DIRECTION('',(1.,-1.265214063949E-48));
#2802 = ( GEOMETRIC_REPRESENTATION_CONTEXT(2) 
PARAMETRIC_REPRESENTATION_CONTEXT() REPRESENTATION_CONTEXT('2D SPACE',''
  ) );
#2803 = PCURVE('',#2590,#2804);
#2804 = DEFINITIONAL_REPRESENTATION('',(#2805),#2809);
#2805 = LINE('',#2806,#2807);
#2806 = CARTESIAN_POINT('',(0.565685424949,1.047705889747E-31));
#2807 = VECTOR('',#2808,1.);
#2808 = DIRECTION('',(-3.019408574392E-18,1.));
#2809 = ( GEOMETRIC_REPRESENTATION_CONTEXT(2) 
PARAMETRIC_REPRESENTATION_CONTEXT() REPRESENTATION_CONTEXT('2D SPACE',''
  ) );
#2810 = ORIENTED_EDGE('',*,*,#2811,.T.);
#2811 = EDGE_CURVE('',#2789,#2812,#2814,.T.);
#2812 = VERTEX_POINT('',#2813);
#2813 = CARTESIAN_POINT('',(35.35,32.629307455744,-0.6));
#2814 = SURFACE_CURVE('',#2815,(#2819,#2826),.PCURVE_S1.);
#2815 = LINE('',#2816,#2817);
#2816 = CARTESIAN_POINT('',(35.5,32.629307455744,-0.6));
#2817 = VECTOR('',#2818,1.);
#2818 = DIRECTION('',(-1.,0.,0.));
#2819 = PCURVE('',#2644,#2820);
#2820 = DEFINITIONAL_REPRESENTATION('',(#2821),#2825);
#2821 = LINE('',#2822,#2823);
#2822 = CARTESIAN_POINT('',(-2.250692692076,1.163482700656E-06));
#2823 = VECTOR('',#2824,1.);
#2824 = DIRECTION('',(-1.110223024625E-16,-1.));
#2825 = ( GEOMETRIC_REPRESENTATION_CONTEXT(2) 
PARAMETRIC_REPRESENTATION_CONTEXT() REPRESENTATION_CONTEXT('2D SPACE',''
  ) );
#2826 = PCURVE('',#2827,#2832);
#2827 = CYLINDRICAL_SURFACE('',#2828,3.05);
#2828 = AXIS2_PLACEMENT_3D('',#2829,#2830,#2831);
#2829 = CARTESIAN_POINT('',(35.699998836517,32.629307455744,2.45));
#2830 = DIRECTION('',(1.,-3.943341561133E-31,4.210632404822E-47));
#2831 = DIRECTION('',(-3.942445967999E-31,-0.999772884717,
    -2.131147540984E-02));
#2832 = DEFINITIONAL_REPRESENTATION('',(#2833),#2837);
#2833 = LINE('',#2834,#2835);
#2834 = CARTESIAN_POINT('',(1.549483237851,-0.199998836517));
#2835 = VECTOR('',#2836,1.);
#2836 = DIRECTION('',(0.,-1.));
#2837 = ( GEOMETRIC_REPRESENTATION_CONTEXT(2) 
PARAMETRIC_REPRESENTATION_CONTEXT() REPRESENTATION_CONTEXT('2D SPACE',''
  ) );
#2838 = ORIENTED_EDGE('',*,*,#2839,.F.);
#2839 = EDGE_CURVE('',#2629,#2812,#2840,.T.);
#2840 = SURFACE_CURVE('',#2841,(#2845,#2852),.PCURVE_S1.);
#2841 = LINE('',#2842,#2843);
#2842 = CARTESIAN_POINT('',(35.35,36.09999992609,-0.6));
#2843 = VECTOR('',#2844,1.);
#2844 = DIRECTION('',(2.237409414748E-16,-1.,1.067522139063E-16));
#2845 = PCURVE('',#2644,#2846);
#2846 = DEFINITIONAL_REPRESENTATION('',(#2847),#2851);
#2847 = LINE('',#2848,#2849);
#2848 = CARTESIAN_POINT('',(1.219999778271,-0.149998836517));
#2849 = VECTOR('',#2850,1.);
#2850 = DIRECTION('',(-1.,3.347632439373E-16));
#2851 = ( GEOMETRIC_REPRESENTATION_CONTEXT(2) 
PARAMETRIC_REPRESENTATION_CONTEXT() REPRESENTATION_CONTEXT('2D SPACE',''
  ) );
#2852 = PCURVE('',#1557,#2853);
#2853 = DEFINITIONAL_REPRESENTATION('',(#2854),#2858);
#2854 = LINE('',#2855,#2856);
#2855 = CARTESIAN_POINT('',(-0.919238815543,3.62999992609));
#2856 = VECTOR('',#2857,1.);
#2857 = DIRECTION('',(-2.336939513057E-16,-1.));
#2858 = ( GEOMETRIC_REPRESENTATION_CONTEXT(2) 
PARAMETRIC_REPRESENTATION_CONTEXT() REPRESENTATION_CONTEXT('2D SPACE',''
  ) );
#2859 = ORIENTED_EDGE('',*,*,#2628,.F.);
#2860 = ADVANCED_FACE('',(#2861),#1131,.T.);
#2861 = FACE_BOUND('',#2862,.T.);
#2862 = EDGE_LOOP('',(#2863,#2893,#2926,#2947,#2948,#2949,#2973,#3001));
#2863 = ORIENTED_EDGE('',*,*,#2864,.T.);
#2864 = EDGE_CURVE('',#2865,#2867,#2869,.T.);
#2865 = VERTEX_POINT('',#2866);
#2866 = CARTESIAN_POINT('',(37.099998836517,32.380000157356,2.385));
#2867 = VERTEX_POINT('',#2868);
#2868 = CARTESIAN_POINT('',(37.099998836517,30.380246540606,2.385));
#2869 = SURFACE_CURVE('',#2870,(#2874,#2881),.PCURVE_S1.);
#2870 = LINE('',#2871,#2872);
#2871 = CARTESIAN_POINT('',(37.099998836517,36.180000147819,2.385));
#2872 = VECTOR('',#2873,1.);
#2873 = DIRECTION('',(-1.110223024625E-16,-1.,1.067522139063E-16));
#2874 = PCURVE('',#1131,#2875);
#2875 = DEFINITIONAL_REPRESENTATION('',(#2876),#2880);
#2876 = LINE('',#2877,#2878);
#2877 = CARTESIAN_POINT('',(0.,-6.5E-02));
#2878 = VECTOR('',#2879,1.);
#2879 = DIRECTION('',(-1.,1.067522139063E-16));
#2880 = ( GEOMETRIC_REPRESENTATION_CONTEXT(2) 
PARAMETRIC_REPRESENTATION_CONTEXT() REPRESENTATION_CONTEXT('2D SPACE',''
  ) );
#2881 = PCURVE('',#2882,#2887);
#2882 = PLANE('',#2883);
#2883 = AXIS2_PLACEMENT_3D('',#2884,#2885,#2886);
#2884 = CARTESIAN_POINT('',(16.9,22.98,2.385));
#2885 = DIRECTION('',(0.,-1.067522139063E-16,-1.));
#2886 = DIRECTION('',(-1.,0.,0.));
#2887 = DEFINITIONAL_REPRESENTATION('',(#2888),#2892);
#2888 = LINE('',#2889,#2890);
#2889 = CARTESIAN_POINT('',(-20.19999883651,13.200000147819));
#2890 = VECTOR('',#2891,1.);
#2891 = DIRECTION('',(1.110223024625E-16,-1.));
#2892 = ( GEOMETRIC_REPRESENTATION_CONTEXT(2) 
PARAMETRIC_REPRESENTATION_CONTEXT() REPRESENTATION_CONTEXT('2D SPACE',''
  ) );
#2893 = ORIENTED_EDGE('',*,*,#2894,.F.);
#2894 = EDGE_CURVE('',#2895,#2867,#2897,.T.);
#2895 = VERTEX_POINT('',#2896);
#2896 = CARTESIAN_POINT('',(37.099998836517,32.629307455744,0.2));
#2897 = SURFACE_CURVE('',#2898,(#2903,#2914),.PCURVE_S1.);
#2898 = CIRCLE('',#2899,2.25);
#2899 = AXIS2_PLACEMENT_3D('',#2900,#2901,#2902);
#2900 = CARTESIAN_POINT('',(37.099998836517,32.629307455744,2.45));
#2901 = DIRECTION('',(-1.,1.110223024625E-16,0.));
#2902 = DIRECTION('',(-1.109970876009E-16,-0.999772884717,
    -2.131147540984E-02));
#2903 = PCURVE('',#1131,#2904);
#2904 = DEFINITIONAL_REPRESENTATION('',(#2905),#2913);
#2905 = ( BOUNDED_CURVE() B_SPLINE_CURVE(2,(#2906,#2907,#2908,#2909,
#2910,#2911,#2912),.UNSPECIFIED.,.T.,.F.) B_SPLINE_CURVE_WITH_KNOTS((1,2
    ,2,2,2,1),(-2.094395102393,0.,2.094395102393,4.188790204786,
6.28318530718,8.377580409573),.UNSPECIFIED.) CURVE() 
GEOMETRIC_REPRESENTATION_ITEM() RATIONAL_B_SPLINE_CURVE((1.,0.5,1.,0.5,
1.,0.5,1.)) REPRESENTATION_ITEM('') );
#2906 = CARTESIAN_POINT('',(-5.800181682689,-4.795081967213E-02));
#2907 = CARTESIAN_POINT('',(-5.883234938626,3.848278403138));
#2908 = CARTESIAN_POINT('',(-2.467474824737,1.972090021241));
#2909 = CARTESIAN_POINT('',(0.948285289152,9.590163934426E-02));
#2910 = CARTESIAN_POINT('',(-2.3844215688,-1.924139201569));
#2911 = CARTESIAN_POINT('',(-5.717128426753,-3.944180042482));
#2912 = CARTESIAN_POINT('',(-5.800181682689,-4.795081967213E-02));
#2913 = ( GEOMETRIC_REPRESENTATION_CONTEXT(2) 
PARAMETRIC_REPRESENTATION_CONTEXT() REPRESENTATION_CONTEXT('2D SPACE',''
  ) );
#2914 = PCURVE('',#2915,#2920);
#2915 = CONICAL_SURFACE('',#2916,2.65,0.785398163397);
#2916 = AXIS2_PLACEMENT_3D('',#2917,#2918,#2919);
#2917 = CARTESIAN_POINT('',(36.699998836517,32.629307455744,2.45));
#2918 = DIRECTION('',(-1.,0.,0.));
#2919 = DIRECTION('',(-0.,-0.999772884717,-2.131147540984E-02));
#2920 = DEFINITIONAL_REPRESENTATION('',(#2921),#2925);
#2921 = LINE('',#2922,#2923);
#2922 = CARTESIAN_POINT('',(8.881784197001E-16,-0.4));
#2923 = VECTOR('',#2924,1.);
#2924 = DIRECTION('',(1.,-1.018281975542E-16));
#2925 = ( GEOMETRIC_REPRESENTATION_CONTEXT(2) 
PARAMETRIC_REPRESENTATION_CONTEXT() REPRESENTATION_CONTEXT('2D SPACE',''
  ) );
#2926 = ORIENTED_EDGE('',*,*,#2927,.F.);
#2927 = EDGE_CURVE('',#2547,#2895,#2928,.T.);
#2928 = SURFACE_CURVE('',#2929,(#2933,#2940),.PCURVE_S1.);
#2929 = LINE('',#2930,#2931);
#2930 = CARTESIAN_POINT('',(37.099998836517,35.53000014782,0.2));
#2931 = VECTOR('',#2932,1.);
#2932 = DIRECTION('',(-1.110223024625E-16,-1.,1.067522139063E-16));
#2933 = PCURVE('',#1131,#2934);
#2934 = DEFINITIONAL_REPRESENTATION('',(#2935),#2939);
#2935 = LINE('',#2936,#2937);
#2936 = CARTESIAN_POINT('',(-0.65,-2.25));
#2937 = VECTOR('',#2938,1.);
#2938 = DIRECTION('',(-1.,1.067522139063E-16));
#2939 = ( GEOMETRIC_REPRESENTATION_CONTEXT(2) 
PARAMETRIC_REPRESENTATION_CONTEXT() REPRESENTATION_CONTEXT('2D SPACE',''
  ) );
#2940 = PCURVE('',#2590,#2941);
#2941 = DEFINITIONAL_REPRESENTATION('',(#2942),#2946);
#2942 = LINE('',#2943,#2944);
#2943 = CARTESIAN_POINT('',(-0.565685424949,-2.711709361697E-31));
#2944 = VECTOR('',#2945,1.);
#2945 = DIRECTION('',(3.019408574392E-18,-1.));
#2946 = ( GEOMETRIC_REPRESENTATION_CONTEXT(2) 
PARAMETRIC_REPRESENTATION_CONTEXT() REPRESENTATION_CONTEXT('2D SPACE',''
  ) );
#2947 = ORIENTED_EDGE('',*,*,#2546,.F.);
#2948 = ORIENTED_EDGE('',*,*,#1115,.T.);
#2949 = ORIENTED_EDGE('',*,*,#2950,.F.);
#2950 = EDGE_CURVE('',#2951,#1088,#2953,.T.);
#2951 = VERTEX_POINT('',#2952);
#2952 = CARTESIAN_POINT('',(37.099998836517,38.731691291807,1.2));
#2953 = SURFACE_CURVE('',#2954,(#2959,#2966),.PCURVE_S1.);
#2954 = CIRCLE('',#2955,1.25);
#2955 = AXIS2_PLACEMENT_3D('',#2956,#2957,#2958);
#2956 = CARTESIAN_POINT('',(37.099998836517,38.731691291807,2.45));
#2957 = DIRECTION('',(1.,-1.110223024625E-16,0.));
#2958 = DIRECTION('',(1.108720987031E-16,0.99864708481,
    -5.200000000001E-02));
#2959 = PCURVE('',#1131,#2960);
#2960 = DEFINITIONAL_REPRESENTATION('',(#2961),#2965);
#2961 = CIRCLE('',#2962,1.25);
#2962 = AXIS2_PLACEMENT_2D('',#2963,#2964);
#2963 = CARTESIAN_POINT('',(2.551691143987,0.));
#2964 = DIRECTION('',(0.99864708481,-5.200000000001E-02));
#2965 = ( GEOMETRIC_REPRESENTATION_CONTEXT(2) 
PARAMETRIC_REPRESENTATION_CONTEXT() REPRESENTATION_CONTEXT('2D SPACE',''
  ) );
#2966 = PCURVE('',#1103,#2967);
#2967 = DEFINITIONAL_REPRESENTATION('',(#2968),#2972);
#2968 = LINE('',#2969,#2970);
#2969 = CARTESIAN_POINT('',(6.28318530718,-1.4));
#2970 = VECTOR('',#2971,1.);
#2971 = DIRECTION('',(-1.,0.));
#2972 = ( GEOMETRIC_REPRESENTATION_CONTEXT(2) 
PARAMETRIC_REPRESENTATION_CONTEXT() REPRESENTATION_CONTEXT('2D SPACE',''
  ) );
#2973 = ORIENTED_EDGE('',*,*,#2974,.T.);
#2974 = EDGE_CURVE('',#2951,#2975,#2977,.T.);
#2975 = VERTEX_POINT('',#2976);
#2976 = CARTESIAN_POINT('',(37.099998836517,33.628309013369,1.2));
#2977 = SURFACE_CURVE('',#2978,(#2982,#2989),.PCURVE_S1.);
#2978 = LINE('',#2979,#2980);
#2979 = CARTESIAN_POINT('',(37.099998836517,37.48000014782,1.2));
#2980 = VECTOR('',#2981,1.);
#2981 = DIRECTION('',(-1.110223024625E-16,-1.,1.067522139063E-16));
#2982 = PCURVE('',#1131,#2983);
#2983 = DEFINITIONAL_REPRESENTATION('',(#2984),#2988);
#2984 = LINE('',#2985,#2986);
#2985 = CARTESIAN_POINT('',(1.3,-1.25));
#2986 = VECTOR('',#2987,1.);
#2987 = DIRECTION('',(-1.,1.067522139063E-16));
#2988 = ( GEOMETRIC_REPRESENTATION_CONTEXT(2) 
PARAMETRIC_REPRESENTATION_CONTEXT() REPRESENTATION_CONTEXT('2D SPACE',''
  ) );
#2989 = PCURVE('',#2990,#2995);
#2990 = PLANE('',#2991);
#2991 = AXIS2_PLACEMENT_3D('',#2992,#2993,#2994);
#2992 = CARTESIAN_POINT('',(35.499998836517,37.48000014782,1.2));
#2993 = DIRECTION('',(-1.541979640438E-50,1.067522139063E-16,1.));
#2994 = DIRECTION('',(-1.110223024625E-16,-1.,1.067522139063E-16));
#2995 = DEFINITIONAL_REPRESENTATION('',(#2996),#3000);
#2996 = LINE('',#2997,#2998);
#2997 = CARTESIAN_POINT('',(-1.7763568394E-16,1.6));
#2998 = VECTOR('',#2999,1.);
#2999 = DIRECTION('',(1.,1.265214063949E-48));
#3000 = ( GEOMETRIC_REPRESENTATION_CONTEXT(2) 
PARAMETRIC_REPRESENTATION_CONTEXT() REPRESENTATION_CONTEXT('2D SPACE',''
  ) );
#3001 = ORIENTED_EDGE('',*,*,#3002,.F.);
#3002 = EDGE_CURVE('',#2865,#2975,#3003,.T.);
#3003 = SURFACE_CURVE('',#3004,(#3009,#3016),.PCURVE_S1.);
#3004 = CIRCLE('',#3005,1.25);
#3005 = AXIS2_PLACEMENT_3D('',#3006,#3007,#3008);
#3006 = CARTESIAN_POINT('',(37.099998836517,33.628309013369,2.45));
#3007 = DIRECTION('',(1.,-1.110223024625E-16,0.));
#3008 = DIRECTION('',(-1.108720987031E-16,-0.99864708481,
    -5.199999999999E-02));
#3009 = PCURVE('',#1131,#3010);
#3010 = DEFINITIONAL_REPRESENTATION('',(#3011),#3015);
#3011 = CIRCLE('',#3012,1.25);
#3012 = AXIS2_PLACEMENT_2D('',#3013,#3014);
#3013 = CARTESIAN_POINT('',(-2.55169113445,0.));
#3014 = DIRECTION('',(-0.99864708481,-5.199999999999E-02));
#3015 = ( GEOMETRIC_REPRESENTATION_CONTEXT(2) 
PARAMETRIC_REPRESENTATION_CONTEXT() REPRESENTATION_CONTEXT('2D SPACE',''
  ) );
#3016 = PCURVE('',#3017,#3022);
#3017 = CYLINDRICAL_SURFACE('',#3018,1.25);
#3018 = AXIS2_PLACEMENT_3D('',#3019,#3020,#3021);
#3019 = CARTESIAN_POINT('',(35.699998836517,33.628309013369,2.45));
#3020 = DIRECTION('',(1.,1.44444745829E-34,1.543029758686E-64));
#3021 = DIRECTION('',(1.442493243383E-34,-0.99864708481,
    -5.199999999999E-02));
#3022 = DEFINITIONAL_REPRESENTATION('',(#3023),#3027);
#3023 = LINE('',#3024,#3025);
#3024 = CARTESIAN_POINT('',(0.,1.4));
#3025 = VECTOR('',#3026,1.);
#3026 = DIRECTION('',(1.,0.));
#3027 = ( GEOMETRIC_REPRESENTATION_CONTEXT(2) 
PARAMETRIC_REPRESENTATION_CONTEXT() REPRESENTATION_CONTEXT('2D SPACE',''
  ) );
#3028 = ADVANCED_FACE('',(#3029),#2882,.F.);
#3029 = FACE_BOUND('',#3030,.T.);
#3030 = EDGE_LOOP('',(#3031,#3032,#3055,#3078,#3111,#3139,#3162,#3190,
    #3213,#3236));
#3031 = ORIENTED_EDGE('',*,*,#2864,.F.);
#3032 = ORIENTED_EDGE('',*,*,#3033,.F.);
#3033 = EDGE_CURVE('',#3034,#2865,#3036,.T.);
#3034 = VERTEX_POINT('',#3035);
#3035 = CARTESIAN_POINT('',(35.499998836517,32.380000157356,2.385));
#3036 = SURFACE_CURVE('',#3037,(#3041,#3048),.PCURVE_S1.);
#3037 = LINE('',#3038,#3039);
#3038 = CARTESIAN_POINT('',(35.699998836517,32.380000157356,2.385));
#3039 = VECTOR('',#3040,1.);
#3040 = DIRECTION('',(1.,1.44444745829E-34,-1.541979640438E-50));
#3041 = PCURVE('',#2882,#3042);
#3042 = DEFINITIONAL_REPRESENTATION('',(#3043),#3047);
#3043 = LINE('',#3044,#3045);
#3044 = CARTESIAN_POINT('',(-18.79999883651,9.400000157356));
#3045 = VECTOR('',#3046,1.);
#3046 = DIRECTION('',(-1.,1.44444745829E-34));
#3047 = ( GEOMETRIC_REPRESENTATION_CONTEXT(2) 
PARAMETRIC_REPRESENTATION_CONTEXT() REPRESENTATION_CONTEXT('2D SPACE',''
  ) );
#3048 = PCURVE('',#3017,#3049);
#3049 = DEFINITIONAL_REPRESENTATION('',(#3050),#3054);
#3050 = LINE('',#3051,#3052);
#3051 = CARTESIAN_POINT('',(0.,0.));
#3052 = VECTOR('',#3053,1.);
#3053 = DIRECTION('',(0.,1.));
#3054 = ( GEOMETRIC_REPRESENTATION_CONTEXT(2) 
PARAMETRIC_REPRESENTATION_CONTEXT() REPRESENTATION_CONTEXT('2D SPACE',''
  ) );
#3055 = ORIENTED_EDGE('',*,*,#3056,.T.);
#3056 = EDGE_CURVE('',#3034,#3057,#3059,.T.);
#3057 = VERTEX_POINT('',#3058);
#3058 = CARTESIAN_POINT('',(35.5,31.880000157356,2.385));
#3059 = SURFACE_CURVE('',#3060,(#3064,#3071),.PCURVE_S1.);
#3060 = LINE('',#3061,#3062);
#3061 = CARTESIAN_POINT('',(35.5,22.98,2.385));
#3062 = VECTOR('',#3063,1.);
#3063 = DIRECTION('',(1.169887275685E-16,-1.,1.067522139063E-16));
#3064 = PCURVE('',#2882,#3065);
#3065 = DEFINITIONAL_REPRESENTATION('',(#3066),#3070);
#3066 = LINE('',#3067,#3068);
#3067 = CARTESIAN_POINT('',(-18.6,0.));
#3068 = VECTOR('',#3069,1.);
#3069 = DIRECTION('',(-1.169887275685E-16,-1.));
#3070 = ( GEOMETRIC_REPRESENTATION_CONTEXT(2) 
PARAMETRIC_REPRESENTATION_CONTEXT() REPRESENTATION_CONTEXT('2D SPACE',''
  ) );
#3071 = PCURVE('',#1075,#3072);
#3072 = DEFINITIONAL_REPRESENTATION('',(#3073),#3077);
#3073 = LINE('',#3074,#3075);
#3074 = CARTESIAN_POINT('',(-13.20000014781,-6.5E-02));
#3075 = VECTOR('',#3076,1.);
#3076 = DIRECTION('',(-1.,1.067522139063E-16));
#3077 = ( GEOMETRIC_REPRESENTATION_CONTEXT(2) 
PARAMETRIC_REPRESENTATION_CONTEXT() REPRESENTATION_CONTEXT('2D SPACE',''
  ) );
#3078 = ORIENTED_EDGE('',*,*,#3079,.F.);
#3079 = EDGE_CURVE('',#3080,#3057,#3082,.T.);
#3080 = VERTEX_POINT('',#3081);
#3081 = CARTESIAN_POINT('',(34.999998836517,31.380000157356,2.385));
#3082 = SURFACE_CURVE('',#3083,(#3088,#3099),.PCURVE_S1.);
#3083 = CIRCLE('',#3084,0.5);
#3084 = AXIS2_PLACEMENT_3D('',#3085,#3086,#3087);
#3085 = CARTESIAN_POINT('',(34.999998836517,31.880000157356,2.385));
#3086 = DIRECTION('',(0.,1.067522139063E-16,1.));
#3087 = DIRECTION('',(0.707106781187,-0.707106781187,7.54852143598E-17)
  );
#3088 = PCURVE('',#2882,#3089);
#3089 = DEFINITIONAL_REPRESENTATION('',(#3090),#3098);
#3090 = ( BOUNDED_CURVE() B_SPLINE_CURVE(2,(#3091,#3092,#3093,#3094,
#3095,#3096,#3097),.UNSPECIFIED.,.T.,.F.) B_SPLINE_CURVE_WITH_KNOTS((1,2
    ,2,2,2,1),(-2.094395102393,0.,2.094395102393,4.188790204786,
6.28318530718,8.377580409573),.UNSPECIFIED.) CURVE() 
GEOMETRIC_REPRESENTATION_ITEM() RATIONAL_B_SPLINE_CURVE((1.,0.5,1.,0.5,
1.,0.5,1.)) REPRESENTATION_ITEM('') );
#3091 = CARTESIAN_POINT('',(-18.45355222711,8.546446766763));
#3092 = CARTESIAN_POINT('',(-19.0659246628,9.158819202459));
#3093 = CARTESIAN_POINT('',(-18.22940835906,9.382963070501));
#3094 = CARTESIAN_POINT('',(-17.39289205533,9.607106938543));
#3095 = CARTESIAN_POINT('',(-17.61703592337,8.770590634805));
#3096 = CARTESIAN_POINT('',(-17.84117979141,7.934074331067));
#3097 = CARTESIAN_POINT('',(-18.45355222711,8.546446766763));
#3098 = ( GEOMETRIC_REPRESENTATION_CONTEXT(2) 
PARAMETRIC_REPRESENTATION_CONTEXT() REPRESENTATION_CONTEXT('2D SPACE',''
  ) );
#3099 = PCURVE('',#3100,#3105);
#3100 = CYLINDRICAL_SURFACE('',#3101,0.5);
#3101 = AXIS2_PLACEMENT_3D('',#3102,#3103,#3104);
#3102 = CARTESIAN_POINT('',(34.999998836517,31.880000157356,2.3425));
#3103 = DIRECTION('',(8.217301096052E-31,7.401486830834E-15,1.));
#3104 = DIRECTION('',(0.707106781187,-0.707106781187,5.233641528946E-15)
  );
#3105 = DEFINITIONAL_REPRESENTATION('',(#3106),#3110);
#3106 = LINE('',#3107,#3108);
#3107 = CARTESIAN_POINT('',(-6.28318530718,4.24999999999E-02));
#3108 = VECTOR('',#3109,1.);
#3109 = DIRECTION('',(1.,2.261727773485E-15));
#3110 = ( GEOMETRIC_REPRESENTATION_CONTEXT(2) 
PARAMETRIC_REPRESENTATION_CONTEXT() REPRESENTATION_CONTEXT('2D SPACE',''
  ) );
#3111 = ORIENTED_EDGE('',*,*,#3112,.F.);
#3112 = EDGE_CURVE('',#3113,#3080,#3115,.T.);
#3113 = VERTEX_POINT('',#3114);
#3114 = CARTESIAN_POINT('',(33.9,31.380000157356,2.385));
#3115 = SURFACE_CURVE('',#3116,(#3120,#3127),.PCURVE_S1.);
#3116 = LINE('',#3117,#3118);
#3117 = CARTESIAN_POINT('',(26.199999418259,31.380000157356,2.385));
#3118 = VECTOR('',#3119,1.);
#3119 = DIRECTION('',(1.,0.,0.));
#3120 = PCURVE('',#2882,#3121);
#3121 = DEFINITIONAL_REPRESENTATION('',(#3122),#3126);
#3122 = LINE('',#3123,#3124);
#3123 = CARTESIAN_POINT('',(-9.299999418259,8.400000157356));
#3124 = VECTOR('',#3125,1.);
#3125 = DIRECTION('',(-1.,0.));
#3126 = ( GEOMETRIC_REPRESENTATION_CONTEXT(2) 
PARAMETRIC_REPRESENTATION_CONTEXT() REPRESENTATION_CONTEXT('2D SPACE',''
  ) );
#3127 = PCURVE('',#3128,#3133);
#3128 = PLANE('',#3129);
#3129 = AXIS2_PLACEMENT_3D('',#3130,#3131,#3132);
#3130 = CARTESIAN_POINT('',(35.499998836517,31.380000157356,2.235));
#3131 = DIRECTION('',(0.,-1.,7.401486830834E-15));
#3132 = DIRECTION('',(8.217301096052E-31,7.401486830834E-15,1.));
#3133 = DEFINITIONAL_REPRESENTATION('',(#3134),#3138);
#3134 = LINE('',#3135,#3136);
#3135 = CARTESIAN_POINT('',(0.15,9.299999418259));
#3136 = VECTOR('',#3137,1.);
#3137 = DIRECTION('',(8.217301096052E-31,-1.));
#3138 = ( GEOMETRIC_REPRESENTATION_CONTEXT(2) 
PARAMETRIC_REPRESENTATION_CONTEXT() REPRESENTATION_CONTEXT('2D SPACE',''
  ) );
#3139 = ORIENTED_EDGE('',*,*,#3140,.F.);
#3140 = EDGE_CURVE('',#3141,#3113,#3143,.T.);
#3141 = VERTEX_POINT('',#3142);
#3142 = CARTESIAN_POINT('',(33.9,26.56951689364,2.385));
#3143 = SURFACE_CURVE('',#3144,(#3148,#3155),.PCURVE_S1.);
#3144 = LINE('',#3145,#3146);
#3145 = CARTESIAN_POINT('',(33.9,16.37999982797,2.385));
#3146 = VECTOR('',#3147,1.);
#3147 = DIRECTION('',(9.958396954279E-17,1.,-1.067522139063E-16));
#3148 = PCURVE('',#2882,#3149);
#3149 = DEFINITIONAL_REPRESENTATION('',(#3150),#3154);
#3150 = LINE('',#3151,#3152);
#3151 = CARTESIAN_POINT('',(-17.,-6.60000017203));
#3152 = VECTOR('',#3153,1.);
#3153 = DIRECTION('',(-9.958396954279E-17,1.));
#3154 = ( GEOMETRIC_REPRESENTATION_CONTEXT(2) 
PARAMETRIC_REPRESENTATION_CONTEXT() REPRESENTATION_CONTEXT('2D SPACE',''
  ) );
#3155 = PCURVE('',#986,#3156);
#3156 = DEFINITIONAL_REPRESENTATION('',(#3157),#3161);
#3157 = LINE('',#3158,#3159);
#3158 = CARTESIAN_POINT('',(12.37999982797,-2.835));
#3159 = VECTOR('',#3160,1.);
#3160 = DIRECTION('',(1.,1.067522139063E-16));
#3161 = ( GEOMETRIC_REPRESENTATION_CONTEXT(2) 
PARAMETRIC_REPRESENTATION_CONTEXT() REPRESENTATION_CONTEXT('2D SPACE',''
  ) );
#3162 = ORIENTED_EDGE('',*,*,#3163,.F.);
#3163 = EDGE_CURVE('',#3164,#3141,#3166,.T.);
#3164 = VERTEX_POINT('',#3165);
#3165 = CARTESIAN_POINT('',(35.5,26.56951689364,2.385));
#3166 = SURFACE_CURVE('',#3167,(#3171,#3178),.PCURVE_S1.);
#3167 = LINE('',#3168,#3169);
#3168 = CARTESIAN_POINT('',(35.85,26.56951689364,2.385));
#3169 = VECTOR('',#3170,1.);
#3170 = DIRECTION('',(-1.,0.,0.));
#3171 = PCURVE('',#2882,#3172);
#3172 = DEFINITIONAL_REPRESENTATION('',(#3173),#3177);
#3173 = LINE('',#3174,#3175);
#3174 = CARTESIAN_POINT('',(-18.95,3.58951689364));
#3175 = VECTOR('',#3176,1.);
#3176 = DIRECTION('',(1.,0.));
#3177 = ( GEOMETRIC_REPRESENTATION_CONTEXT(2) 
PARAMETRIC_REPRESENTATION_CONTEXT() REPRESENTATION_CONTEXT('2D SPACE',''
  ) );
#3178 = PCURVE('',#3179,#3184);
#3179 = CYLINDRICAL_SURFACE('',#3180,1.034000000001);
#3180 = AXIS2_PLACEMENT_3D('',#3181,#3182,#3183);
#3181 = CARTESIAN_POINT('',(35.85,25.626497855205,2.809112123322));
#3182 = DIRECTION('',(-1.,0.,0.));
#3183 = DIRECTION('',(0.,0.707106781187,-0.707106781187));
#3184 = DEFINITIONAL_REPRESENTATION('',(#3185),#3189);
#3185 = LINE('',#3186,#3187);
#3186 = CARTESIAN_POINT('',(5.920423722177,0.));
#3187 = VECTOR('',#3188,1.);
#3188 = DIRECTION('',(0.,1.));
#3189 = ( GEOMETRIC_REPRESENTATION_CONTEXT(2) 
PARAMETRIC_REPRESENTATION_CONTEXT() REPRESENTATION_CONTEXT('2D SPACE',''
  ) );
#3190 = ORIENTED_EDGE('',*,*,#3191,.F.);
#3191 = EDGE_CURVE('',#3192,#3164,#3194,.T.);
#3192 = VERTEX_POINT('',#3193);
#3193 = CARTESIAN_POINT('',(35.499998836517,29.580000157356,2.385));
#3194 = SURFACE_CURVE('',#3195,(#3199,#3206),.PCURVE_S1.);
#3195 = LINE('',#3196,#3197);
#3196 = CARTESIAN_POINT('',(35.5,22.98,2.385));
#3197 = VECTOR('',#3198,1.);
#3198 = DIRECTION('',(1.169887275685E-16,-1.,1.067522139063E-16));
#3199 = PCURVE('',#2882,#3200);
#3200 = DEFINITIONAL_REPRESENTATION('',(#3201),#3205);
#3201 = LINE('',#3202,#3203);
#3202 = CARTESIAN_POINT('',(-18.6,0.));
#3203 = VECTOR('',#3204,1.);
#3204 = DIRECTION('',(-1.169887275685E-16,-1.));
#3205 = ( GEOMETRIC_REPRESENTATION_CONTEXT(2) 
PARAMETRIC_REPRESENTATION_CONTEXT() REPRESENTATION_CONTEXT('2D SPACE',''
  ) );
#3206 = PCURVE('',#1590,#3207);
#3207 = DEFINITIONAL_REPRESENTATION('',(#3208),#3212);
#3208 = LINE('',#3209,#3210);
#3209 = CARTESIAN_POINT('',(18.98,-4.435));
#3210 = VECTOR('',#3211,1.);
#3211 = DIRECTION('',(1.,-1.067522139063E-16));
#3212 = ( GEOMETRIC_REPRESENTATION_CONTEXT(2) 
PARAMETRIC_REPRESENTATION_CONTEXT() REPRESENTATION_CONTEXT('2D SPACE',''
  ) );
#3213 = ORIENTED_EDGE('',*,*,#3214,.F.);
#3214 = EDGE_CURVE('',#3215,#3192,#3217,.T.);
#3215 = VERTEX_POINT('',#3216);
#3216 = CARTESIAN_POINT('',(36.299998836517,29.580000157356,2.385));
#3217 = SURFACE_CURVE('',#3218,(#3222,#3229),.PCURVE_S1.);
#3218 = LINE('',#3219,#3220);
#3219 = CARTESIAN_POINT('',(35.699998836517,29.580000157356,2.385));
#3220 = VECTOR('',#3221,1.);
#3221 = DIRECTION('',(-1.,3.943341561133E-31,-4.209604418395E-47));
#3222 = PCURVE('',#2882,#3223);
#3223 = DEFINITIONAL_REPRESENTATION('',(#3224),#3228);
#3224 = LINE('',#3225,#3226);
#3225 = CARTESIAN_POINT('',(-18.79999883651,6.600000157356));
#3226 = VECTOR('',#3227,1.);
#3227 = DIRECTION('',(1.,3.943341561133E-31));
#3228 = ( GEOMETRIC_REPRESENTATION_CONTEXT(2) 
PARAMETRIC_REPRESENTATION_CONTEXT() REPRESENTATION_CONTEXT('2D SPACE',''
  ) );
#3229 = PCURVE('',#2827,#3230);
#3230 = DEFINITIONAL_REPRESENTATION('',(#3231),#3235);
#3231 = LINE('',#3232,#3233);
#3232 = CARTESIAN_POINT('',(0.,0.));
#3233 = VECTOR('',#3234,1.);
#3234 = DIRECTION('',(0.,-1.));
#3235 = ( GEOMETRIC_REPRESENTATION_CONTEXT(2) 
PARAMETRIC_REPRESENTATION_CONTEXT() REPRESENTATION_CONTEXT('2D SPACE',''
  ) );
#3236 = ORIENTED_EDGE('',*,*,#3237,.F.);
#3237 = EDGE_CURVE('',#2867,#3215,#3238,.T.);
#3238 = SURFACE_CURVE('',#3239,(#3243,#3250),.PCURVE_S1.);
#3239 = ( BOUNDED_CURVE() B_SPLINE_CURVE(2,(#3240,#3241,#3242),
.UNSPECIFIED.,.F.,.F.) B_SPLINE_CURVE_WITH_KNOTS((3,3),(0.,
0.128262132074),.PIECEWISE_BEZIER_KNOTS.) CURVE() 
GEOMETRIC_REPRESENTATION_ITEM() RATIONAL_B_SPLINE_CURVE((1.,
1.020574658432,1.017826922889)) REPRESENTATION_ITEM('') );
#3240 = CARTESIAN_POINT('',(37.099998836517,30.380246540606,2.385));
#3241 = CARTESIAN_POINT('',(36.760413387963,30.040519299738,2.385));
#3242 = CARTESIAN_POINT('',(36.299998836517,29.580000157356,2.385));
#3243 = PCURVE('',#2882,#3244);
#3244 = DEFINITIONAL_REPRESENTATION('',(#3245),#3249);
#3245 = ( BOUNDED_CURVE() B_SPLINE_CURVE(2,(#3246,#3247,#3248),
.UNSPECIFIED.,.F.,.F.) B_SPLINE_CURVE_WITH_KNOTS((3,3),(0.,
0.128262132074),.PIECEWISE_BEZIER_KNOTS.) CURVE() 
GEOMETRIC_REPRESENTATION_ITEM() RATIONAL_B_SPLINE_CURVE((1.,
1.020574658432,1.017826922889)) REPRESENTATION_ITEM('') );
#3246 = CARTESIAN_POINT('',(-20.19999883651,7.400246540606));
#3247 = CARTESIAN_POINT('',(-19.86041338796,7.060519299738));
#3248 = CARTESIAN_POINT('',(-19.39999883651,6.600000157356));
#3249 = ( GEOMETRIC_REPRESENTATION_CONTEXT(2) 
PARAMETRIC_REPRESENTATION_CONTEXT() REPRESENTATION_CONTEXT('2D SPACE',''
  ) );
#3250 = PCURVE('',#2915,#3251);
#3251 = DEFINITIONAL_REPRESENTATION('',(#3252),#3278);
#3252 = B_SPLINE_CURVE_WITH_KNOTS('',3,(#3253,#3254,#3255,#3256,#3257,
    #3258,#3259,#3260,#3261,#3262,#3263,#3264,#3265,#3266,#3267,#3268,
    #3269,#3270,#3271,#3272,#3273,#3274,#3275,#3276,#3277),
  .UNSPECIFIED.,.F.,.F.,(4,1,1,1,1,1,1,1,1,1,1,1,1,1,1,1,1,1,1,1,1,1,4),
  (0.,5.830096912455E-03,1.166019382491E-02,1.749029073737E-02,
    2.332038764982E-02,2.915048456228E-02,3.498058147473E-02,
    4.081067838719E-02,4.664077529964E-02,5.24708722121E-02,
    5.830096912455E-02,6.413106603701E-02,6.996116294946E-02,
    7.579125986192E-02,8.162135677438E-02,8.745145368683E-02,
    9.328155059929E-02,9.911164751174E-02,0.104941744424,0.110771841337,
    0.116601938249,0.122432035162,0.128262132074),
  .QUASI_UNIFORM_KNOTS.);
#3253 = CARTESIAN_POINT('',(6.275605487435,-0.4));
#3254 = CARTESIAN_POINT('',(6.275740386298,-0.389497794372));
#3255 = CARTESIAN_POINT('',(6.276008044193,-0.368365897862));
#3256 = CARTESIAN_POINT('',(6.276403256968,-0.336278357317));
#3257 = CARTESIAN_POINT('',(6.276792342884,-0.303793951062));
#3258 = CARTESIAN_POINT('',(6.277175442935,-0.270905263864));
#3259 = CARTESIAN_POINT('',(6.277552694265,-0.237604712621));
#3260 = CARTESIAN_POINT('',(6.277924229742,-0.203884518274));
#3261 = CARTESIAN_POINT('',(6.278290178272,-0.169736705713));
#3262 = CARTESIAN_POINT('',(6.278650664907,-0.135153095893));
#3263 = CARTESIAN_POINT('',(6.279005810998,-0.100125299729));
#3264 = CARTESIAN_POINT('',(6.279355734326,-6.464471120004E-02));
#3265 = CARTESIAN_POINT('',(6.279700549237,-2.870250032834E-02));
#3266 = CARTESIAN_POINT('',(6.280040366761,7.710394151635E-03));
#3267 = CARTESIAN_POINT('',(6.280375294736,4.460327240739E-02));
#3268 = CARTESIAN_POINT('',(6.280705437921,8.198568143121E-02));
#3269 = CARTESIAN_POINT('',(6.281030898102,0.119867423261));
#3270 = CARTESIAN_POINT('',(6.281351774199,0.158258563604));
#3271 = CARTESIAN_POINT('',(6.281668162368,0.197169440542));
#3272 = CARTESIAN_POINT('',(6.281980156091,0.236610674615));
#3273 = CARTESIAN_POINT('',(6.282287846287,0.276593175469));
#3274 = CARTESIAN_POINT('',(6.282591321324,0.317128163186));
#3275 = CARTESIAN_POINT('',(6.282890667393,0.358227136713));
#3276 = CARTESIAN_POINT('',(6.283087534142,0.386010406732));
#3277 = CARTESIAN_POINT('',(6.28318530718,0.4));
#3278 = ( GEOMETRIC_REPRESENTATION_CONTEXT(2) 
PARAMETRIC_REPRESENTATION_CONTEXT() REPRESENTATION_CONTEXT('2D SPACE',''
  ) );
#3279 = ADVANCED_FACE('',(#3280),#3294,.T.);
#3280 = FACE_BOUND('',#3281,.T.);
#3281 = EDGE_LOOP('',(#3282,#3339,#3363,#3391));
#3282 = ORIENTED_EDGE('',*,*,#3283,.F.);
#3283 = EDGE_CURVE('',#3284,#3286,#3288,.T.);
#3284 = VERTEX_POINT('',#3285);
#3285 = CARTESIAN_POINT('',(-2.5,16.379307002749,2.385));
#3286 = VERTEX_POINT('',#3287);
#3287 = CARTESIAN_POINT('',(-3.3,15.579060619499,2.385));
#3288 = SURFACE_CURVE('',#3289,(#3293,#3327),.PCURVE_S1.);
#3289 = ( BOUNDED_CURVE() B_SPLINE_CURVE(2,(#3290,#3291,#3292),
.UNSPECIFIED.,.F.,.F.) B_SPLINE_CURVE_WITH_KNOTS((3,3),(
9.803964123296E-02,0.226301773306),.PIECEWISE_BEZIER_KNOTS.) CURVE() 
GEOMETRIC_REPRESENTATION_ITEM() RATIONAL_B_SPLINE_CURVE((1.017826922815,
1.020574658347,1.)) REPRESENTATION_ITEM('') );
#3290 = CARTESIAN_POINT('',(-2.5,16.379307002749,2.385));
#3291 = CARTESIAN_POINT('',(-2.960414551481,15.918787860332,2.385));
#3292 = CARTESIAN_POINT('',(-3.3,15.579060619499,2.385));
#3293 = PCURVE('',#3294,#3299);
#3294 = CONICAL_SURFACE('',#3295,2.65,0.785398163397);
#3295 = AXIS2_PLACEMENT_3D('',#3296,#3297,#3298);
#3296 = CARTESIAN_POINT('',(-2.9,13.329999704361,2.45));
#3297 = DIRECTION('',(1.,0.,0.));
#3298 = DIRECTION('',(0.,-0.707106781187,-0.707106781187));
#3299 = DEFINITIONAL_REPRESENTATION('',(#3300),#3326);
#3300 = B_SPLINE_CURVE_WITH_KNOTS('',3,(#3301,#3302,#3303,#3304,#3305,
    #3306,#3307,#3308,#3309,#3310,#3311,#3312,#3313,#3314,#3315,#3316,
    #3317,#3318,#3319,#3320,#3321,#3322,#3323,#3324,#3325),
  .UNSPECIFIED.,.F.,.F.,(4,1,1,1,1,1,1,1,1,1,1,1,1,1,1,1,1,1,1,1,1,1,4),
  (9.803964123296E-02,0.103869738145,0.109699835058,0.11552993197,
    0.121360028883,0.127190125795,0.133020222708,0.13885031962,
    0.144680416532,0.150510513445,0.156340610357,0.16217070727,
    0.168000804182,0.173830901095,0.179660998007,0.185491094919,
    0.191321191832,0.197151288744,0.202981385657,0.208811482569,
    0.214641579482,0.220471676394,0.226301773306),
  .QUASI_UNIFORM_KNOTS.);
#3301 = CARTESIAN_POINT('',(2.334881401249,0.4));
#3302 = CARTESIAN_POINT('',(2.334783628211,0.386010406731));
#3303 = CARTESIAN_POINT('',(2.334586761462,0.35822713671));
#3304 = CARTESIAN_POINT('',(2.334287415393,0.317128163181));
#3305 = CARTESIAN_POINT('',(2.333983940356,0.276593175461));
#3306 = CARTESIAN_POINT('',(2.33367625016,0.236610674604));
#3307 = CARTESIAN_POINT('',(2.333364256437,0.197169440528));
#3308 = CARTESIAN_POINT('',(2.333047868268,0.158258563588));
#3309 = CARTESIAN_POINT('',(2.33272699217,0.119867423242));
#3310 = CARTESIAN_POINT('',(2.33240153199,8.198568141085E-02));
#3311 = CARTESIAN_POINT('',(2.332071388805,4.460327238535E-02));
#3312 = CARTESIAN_POINT('',(2.33173646083,7.71039412824E-03));
#3313 = CARTESIAN_POINT('',(2.331396643306,-2.870250035273E-02));
#3314 = CARTESIAN_POINT('',(2.331051828395,-6.464471122499E-02));
#3315 = CARTESIAN_POINT('',(2.330701905067,-0.100125299755));
#3316 = CARTESIAN_POINT('',(2.330346758976,-0.135153095918));
#3317 = CARTESIAN_POINT('',(2.329986272341,-0.169736705737));
#3318 = CARTESIAN_POINT('',(2.329620323811,-0.203884518297));
#3319 = CARTESIAN_POINT('',(2.329248788334,-0.237604712642));
#3320 = CARTESIAN_POINT('',(2.328871537004,-0.270905263882));
#3321 = CARTESIAN_POINT('',(2.328488436953,-0.303793951077));
#3322 = CARTESIAN_POINT('',(2.328099351037,-0.336278357328));
#3323 = CARTESIAN_POINT('',(2.327704138262,-0.368365897868));
#3324 = CARTESIAN_POINT('',(2.327436480367,-0.389497794374));
#3325 = CARTESIAN_POINT('',(2.327301581504,-0.4));
#3326 = ( GEOMETRIC_REPRESENTATION_CONTEXT(2) 
PARAMETRIC_REPRESENTATION_CONTEXT() REPRESENTATION_CONTEXT('2D SPACE',''
  ) );
#3327 = PCURVE('',#3328,#3333);
#3328 = PLANE('',#3329);
#3329 = AXIS2_PLACEMENT_3D('',#3330,#3331,#3332);
#3330 = CARTESIAN_POINT('',(-2.099998645782,9.779999704361,2.385));
#3331 = DIRECTION('',(1.387778780781E-17,1.102216608582E-16,-1.));
#3332 = DIRECTION('',(1.,1.873501354055E-15,1.387778780781E-17));
#3333 = DEFINITIONAL_REPRESENTATION('',(#3334),#3338);
#3334 = ( BOUNDED_CURVE() B_SPLINE_CURVE(2,(#3335,#3336,#3337),
.UNSPECIFIED.,.F.,.F.) B_SPLINE_CURVE_WITH_KNOTS((3,3),(
9.803964123296E-02,0.226301773306),.PIECEWISE_BEZIER_KNOTS.) CURVE() 
GEOMETRIC_REPRESENTATION_ITEM() RATIONAL_B_SPLINE_CURVE((1.017826922815,
1.020574658347,1.)) REPRESENTATION_ITEM('') );
#3335 = CARTESIAN_POINT('',(-0.400001354218,-6.599307298388));
#3336 = CARTESIAN_POINT('',(-0.860415905699,-6.138788155971));
#3337 = CARTESIAN_POINT('',(-1.200001354218,-5.799060915138));
#3338 = ( GEOMETRIC_REPRESENTATION_CONTEXT(2) 
PARAMETRIC_REPRESENTATION_CONTEXT() REPRESENTATION_CONTEXT('2D SPACE',''
  ) );
#3339 = ORIENTED_EDGE('',*,*,#3340,.F.);
#3340 = EDGE_CURVE('',#3341,#3284,#3343,.T.);
#3341 = VERTEX_POINT('',#3342);
#3342 = CARTESIAN_POINT('',(-2.5,13.329999704361,-0.6));
#3343 = SURFACE_CURVE('',#3344,(#3349,#3356),.PCURVE_S1.);
#3344 = CIRCLE('',#3345,3.05);
#3345 = AXIS2_PLACEMENT_3D('',#3346,#3347,#3348);
#3346 = CARTESIAN_POINT('',(-2.5,13.329999704361,2.45));
#3347 = DIRECTION('',(1.,1.110223024625E-16,0.));
#3348 = DIRECTION('',(7.850462293419E-17,-0.707106781187,-0.707106781187
    ));
#3349 = PCURVE('',#3294,#3350);
#3350 = DEFINITIONAL_REPRESENTATION('',(#3351),#3355);
#3351 = LINE('',#3352,#3353);
#3352 = CARTESIAN_POINT('',(-1.110223024625E-16,0.4));
#3353 = VECTOR('',#3354,1.);
#3354 = DIRECTION('',(1.,-5.066503529464E-17));
#3355 = ( GEOMETRIC_REPRESENTATION_CONTEXT(2) 
PARAMETRIC_REPRESENTATION_CONTEXT() REPRESENTATION_CONTEXT('2D SPACE',''
  ) );
#3356 = PCURVE('',#410,#3357);
#3357 = DEFINITIONAL_REPRESENTATION('',(#3358),#3362);
#3358 = LINE('',#3359,#3360);
#3359 = CARTESIAN_POINT('',(3.14159265359,-0.8));
#3360 = VECTOR('',#3361,1.);
#3361 = DIRECTION('',(1.,-2.866047202072E-16));
#3362 = ( GEOMETRIC_REPRESENTATION_CONTEXT(2) 
PARAMETRIC_REPRESENTATION_CONTEXT() REPRESENTATION_CONTEXT('2D SPACE',''
  ) );
#3363 = ORIENTED_EDGE('',*,*,#3364,.T.);
#3364 = EDGE_CURVE('',#3341,#3365,#3367,.T.);
#3365 = VERTEX_POINT('',#3366);
#3366 = CARTESIAN_POINT('',(-3.3,13.329999704361,0.2));
#3367 = SURFACE_CURVE('',#3368,(#3372,#3379),.PCURVE_S1.);
#3368 = LINE('',#3369,#3370);
#3369 = CARTESIAN_POINT('',(-2.5,13.329999704361,-0.6));
#3370 = VECTOR('',#3371,1.);
#3371 = DIRECTION('',(-0.707106781187,0.,0.707106781187));
#3372 = PCURVE('',#3294,#3373);
#3373 = DEFINITIONAL_REPRESENTATION('',(#3374),#3378);
#3374 = LINE('',#3375,#3376);
#3375 = CARTESIAN_POINT('',(0.785398163397,0.4));
#3376 = VECTOR('',#3377,1.);
#3377 = DIRECTION('',(2.775557561563E-16,-1.));
#3378 = ( GEOMETRIC_REPRESENTATION_CONTEXT(2) 
PARAMETRIC_REPRESENTATION_CONTEXT() REPRESENTATION_CONTEXT('2D SPACE',''
  ) );
#3379 = PCURVE('',#3380,#3385);
#3380 = PLANE('',#3381);
#3381 = AXIS2_PLACEMENT_3D('',#3382,#3383,#3384);
#3382 = CARTESIAN_POINT('',(-2.899998645782,10.429999704361,-0.2));
#3383 = DIRECTION('',(-0.707106781187,-1.168322405254E-15,
    -0.707106781187));
#3384 = DIRECTION('',(-0.707106781187,0.,0.707106781187));
#3385 = DEFINITIONAL_REPRESENTATION('',(#3386),#3390);
#3386 = LINE('',#3387,#3388);
#3387 = CARTESIAN_POINT('',(-0.565684467373,2.9));
#3388 = VECTOR('',#3389,1.);
#3389 = DIRECTION('',(1.,0.));
#3390 = ( GEOMETRIC_REPRESENTATION_CONTEXT(2) 
PARAMETRIC_REPRESENTATION_CONTEXT() REPRESENTATION_CONTEXT('2D SPACE',''
  ) );
#3391 = ORIENTED_EDGE('',*,*,#3392,.F.);
#3392 = EDGE_CURVE('',#3286,#3365,#3393,.T.);
#3393 = SURFACE_CURVE('',#3394,(#3399,#3406),.PCURVE_S1.);
#3394 = CIRCLE('',#3395,2.25);
#3395 = AXIS2_PLACEMENT_3D('',#3396,#3397,#3398);
#3396 = CARTESIAN_POINT('',(-3.3,13.329999704361,2.45));
#3397 = DIRECTION('',(-1.,-1.110223024625E-16,0.));
#3398 = DIRECTION('',(7.850462293419E-17,-0.707106781187,-0.707106781187
    ));
#3399 = PCURVE('',#3294,#3400);
#3400 = DEFINITIONAL_REPRESENTATION('',(#3401),#3405);
#3401 = LINE('',#3402,#3403);
#3402 = CARTESIAN_POINT('',(6.28318530718,-0.4));
#3403 = VECTOR('',#3404,1.);
#3404 = DIRECTION('',(-1.,4.073127902167E-16));
#3405 = ( GEOMETRIC_REPRESENTATION_CONTEXT(2) 
PARAMETRIC_REPRESENTATION_CONTEXT() REPRESENTATION_CONTEXT('2D SPACE',''
  ) );
#3406 = PCURVE('',#2211,#3407);
#3407 = DEFINITIONAL_REPRESENTATION('',(#3408),#3412);
#3408 = CIRCLE('',#3409,2.25);
#3409 = AXIS2_PLACEMENT_2D('',#3410,#3411);
#3410 = CARTESIAN_POINT('',(-3.55,-1.231653667944E-17));
#3411 = DIRECTION('',(0.707106781187,-0.707106781187));
#3412 = ( GEOMETRIC_REPRESENTATION_CONTEXT(2) 
PARAMETRIC_REPRESENTATION_CONTEXT() REPRESENTATION_CONTEXT('2D SPACE',''
  ) );
#3413 = ADVANCED_FACE('',(#3414),#410,.T.);
#3414 = FACE_BOUND('',#3415,.T.);
#3415 = EDGE_LOOP('',(#3416,#3417,#3440,#3466,#3467));
#3416 = ORIENTED_EDGE('',*,*,#3340,.T.);
#3417 = ORIENTED_EDGE('',*,*,#3418,.T.);
#3418 = EDGE_CURVE('',#3284,#3419,#3421,.T.);
#3419 = VERTEX_POINT('',#3420);
#3420 = CARTESIAN_POINT('',(-1.7,16.379307002749,2.385));
#3421 = SURFACE_CURVE('',#3422,(#3426,#3433),.PCURVE_S1.);
#3422 = LINE('',#3423,#3424);
#3423 = CARTESIAN_POINT('',(-1.7,16.379307002749,2.385));
#3424 = VECTOR('',#3425,1.);
#3425 = DIRECTION('',(1.,-1.44444745829E-34,4.111945707834E-50));
#3426 = PCURVE('',#410,#3427);
#3427 = DEFINITIONAL_REPRESENTATION('',(#3428),#3432);
#3428 = LINE('',#3429,#3430);
#3429 = CARTESIAN_POINT('',(5.476474054838,0.));
#3430 = VECTOR('',#3431,1.);
#3431 = DIRECTION('',(0.,1.));
#3432 = ( GEOMETRIC_REPRESENTATION_CONTEXT(2) 
PARAMETRIC_REPRESENTATION_CONTEXT() REPRESENTATION_CONTEXT('2D SPACE',''
  ) );
#3433 = PCURVE('',#3328,#3434);
#3434 = DEFINITIONAL_REPRESENTATION('',(#3435),#3439);
#3435 = LINE('',#3436,#3437);
#3436 = CARTESIAN_POINT('',(0.399998645782,-6.599307298388));
#3437 = VECTOR('',#3438,1.);
#3438 = DIRECTION('',(1.,1.873501354055E-15));
#3439 = ( GEOMETRIC_REPRESENTATION_CONTEXT(2) 
PARAMETRIC_REPRESENTATION_CONTEXT() REPRESENTATION_CONTEXT('2D SPACE',''
  ) );
#3440 = ORIENTED_EDGE('',*,*,#3441,.F.);
#3441 = EDGE_CURVE('',#390,#3419,#3442,.T.);
#3442 = SURFACE_CURVE('',#3443,(#3448,#3455),.PCURVE_S1.);
#3443 = CIRCLE('',#3444,3.05);
#3444 = AXIS2_PLACEMENT_3D('',#3445,#3446,#3447);
#3445 = CARTESIAN_POINT('',(-1.7,13.329999704361,2.45));
#3446 = DIRECTION('',(1.,8.774154567638E-17,0.));
#3447 = DIRECTION('',(-6.204264193956E-17,0.707106781187,0.707106781187)
  );
#3448 = PCURVE('',#410,#3449);
#3449 = DEFINITIONAL_REPRESENTATION('',(#3450),#3454);
#3450 = LINE('',#3451,#3452);
#3451 = CARTESIAN_POINT('',(0.,7.629403807168E-16));
#3452 = VECTOR('',#3453,1.);
#3453 = DIRECTION('',(1.,-1.798575097369E-16));
#3454 = ( GEOMETRIC_REPRESENTATION_CONTEXT(2) 
PARAMETRIC_REPRESENTATION_CONTEXT() REPRESENTATION_CONTEXT('2D SPACE',''
  ) );
#3455 = PCURVE('',#458,#3456);
#3456 = DEFINITIONAL_REPRESENTATION('',(#3457),#3465);
#3457 = ( BOUNDED_CURVE() B_SPLINE_CURVE(2,(#3458,#3459,#3460,#3461,
#3462,#3463,#3464),.UNSPECIFIED.,.T.,.F.) B_SPLINE_CURVE_WITH_KNOTS((1,2
    ,2,2,2,1),(-2.094395102393,0.,2.094395102393,4.188790204786,
6.28318530718,8.377580409573),.UNSPECIFIED.) CURVE() 
GEOMETRIC_REPRESENTATION_ITEM() RATIONAL_B_SPLINE_CURVE((1.,0.5,1.,0.5,
1.,0.5,1.)) REPRESENTATION_ITEM('') );
#3458 = CARTESIAN_POINT('',(11.48667538698,-6.656675682619));
#3459 = CARTESIAN_POINT('',(7.751203529236,-10.39214754036));
#3460 = CARTESIAN_POINT('',(6.383925934179,-5.289398087563));
#3461 = CARTESIAN_POINT('',(5.016648339123,-0.186648634762));
#3462 = CARTESIAN_POINT('',(10.119397791924,-1.553926229818));
#3463 = CARTESIAN_POINT('',(15.222147244724,-2.921203824875));
#3464 = CARTESIAN_POINT('',(11.48667538698,-6.656675682619));
#3465 = ( GEOMETRIC_REPRESENTATION_CONTEXT(2) 
PARAMETRIC_REPRESENTATION_CONTEXT() REPRESENTATION_CONTEXT('2D SPACE',''
  ) );
#3466 = ORIENTED_EDGE('',*,*,#389,.F.);
#3467 = ORIENTED_EDGE('',*,*,#3468,.F.);
#3468 = EDGE_CURVE('',#3341,#362,#3469,.T.);
#3469 = SURFACE_CURVE('',#3470,(#3474,#3481),.PCURVE_S1.);
#3470 = LINE('',#3471,#3472);
#3471 = CARTESIAN_POINT('',(-1.700001163483,13.329999704361,-0.6));
#3472 = VECTOR('',#3473,1.);
#3473 = DIRECTION('',(1.,2.22044604925E-15,0.));
#3474 = PCURVE('',#410,#3475);
#3475 = DEFINITIONAL_REPRESENTATION('',(#3476),#3480);
#3476 = LINE('',#3477,#3478);
#3477 = CARTESIAN_POINT('',(3.926990816987,-1.163482669986E-06));
#3478 = VECTOR('',#3479,1.);
#3479 = DIRECTION('',(4.67462326158E-16,1.));
#3480 = ( GEOMETRIC_REPRESENTATION_CONTEXT(2) 
PARAMETRIC_REPRESENTATION_CONTEXT() REPRESENTATION_CONTEXT('2D SPACE',''
  ) );
#3481 = PCURVE('',#377,#3482);
#3482 = DEFINITIONAL_REPRESENTATION('',(#3483),#3487);
#3483 = LINE('',#3484,#3485);
#3484 = CARTESIAN_POINT('',(-2.25,2.517700316038E-06));
#3485 = VECTOR('',#3486,1.);
#3486 = DIRECTION('',(-4.579669976579E-16,-1.));
#3487 = ( GEOMETRIC_REPRESENTATION_CONTEXT(2) 
PARAMETRIC_REPRESENTATION_CONTEXT() REPRESENTATION_CONTEXT('2D SPACE',''
  ) );
#3488 = ADVANCED_FACE('',(#3489),#458,.T.);
#3489 = FACE_BOUND('',#3490,.T.);
#3490 = EDGE_LOOP('',(#3491,#3492,#3515,#3541));
#3491 = ORIENTED_EDGE('',*,*,#3441,.T.);
#3492 = ORIENTED_EDGE('',*,*,#3493,.T.);
#3493 = EDGE_CURVE('',#3419,#3494,#3496,.T.);
#3494 = VERTEX_POINT('',#3495);
#3495 = CARTESIAN_POINT('',(-1.699998853207,29.580000157356,2.385));
#3496 = SURFACE_CURVE('',#3497,(#3501,#3508),.PCURVE_S1.);
#3497 = LINE('',#3498,#3499);
#3498 = CARTESIAN_POINT('',(-1.7,16.379999852181,2.385));
#3499 = VECTOR('',#3500,1.);
#3500 = DIRECTION('',(-8.774154567638E-17,1.,1.102216608582E-16));
#3501 = PCURVE('',#458,#3502);
#3502 = DEFINITIONAL_REPRESENTATION('',(#3503),#3507);
#3503 = LINE('',#3504,#3505);
#3504 = CARTESIAN_POINT('',(12.379999852181,-4.435));
#3505 = VECTOR('',#3506,1.);
#3506 = DIRECTION('',(1.,-1.102216608582E-16));
#3507 = ( GEOMETRIC_REPRESENTATION_CONTEXT(2) 
PARAMETRIC_REPRESENTATION_CONTEXT() REPRESENTATION_CONTEXT('2D SPACE',''
  ) );
#3508 = PCURVE('',#3328,#3509);
#3509 = DEFINITIONAL_REPRESENTATION('',(#3510),#3514);
#3510 = LINE('',#3511,#3512);
#3511 = CARTESIAN_POINT('',(0.399998645782,-6.60000014782));
#3512 = VECTOR('',#3513,1.);
#3513 = DIRECTION('',(1.785759808379E-15,-1.));
#3514 = ( GEOMETRIC_REPRESENTATION_CONTEXT(2) 
PARAMETRIC_REPRESENTATION_CONTEXT() REPRESENTATION_CONTEXT('2D SPACE',''
  ) );
#3515 = ORIENTED_EDGE('',*,*,#3516,.T.);
#3516 = EDGE_CURVE('',#3494,#22,#3517,.T.);
#3517 = SURFACE_CURVE('',#3518,(#3523,#3534),.PCURVE_S1.);
#3518 = CIRCLE('',#3519,3.05);
#3519 = AXIS2_PLACEMENT_3D('',#3520,#3521,#3522);
#3520 = CARTESIAN_POINT('',(-1.7,32.629307455744,2.45));
#3521 = DIRECTION('',(1.,8.774154567638E-17,0.));
#3522 = DIRECTION('',(8.772161823043E-17,-0.999772884717,
    -2.131147540984E-02));
#3523 = PCURVE('',#458,#3524);
#3524 = DEFINITIONAL_REPRESENTATION('',(#3525),#3533);
#3525 = ( BOUNDED_CURVE() B_SPLINE_CURVE(2,(#3526,#3527,#3528,#3529,
#3530,#3531,#3532),.UNSPECIFIED.,.T.,.F.) B_SPLINE_CURVE_WITH_KNOTS((1,2
    ,2,2,2,1),(-2.094395102393,0.,2.094395102393,4.188790204786,
6.28318530718,8.377580409573),.UNSPECIFIED.) CURVE() 
GEOMETRIC_REPRESENTATION_ITEM() RATIONAL_B_SPLINE_CURVE((1.,0.5,1.,0.5,
1.,0.5,1.)) REPRESENTATION_ITEM('') );
#3526 = CARTESIAN_POINT('',(25.580000157356,-4.435));
#3527 = CARTESIAN_POINT('',(25.692583459848,0.846555168698));
#3528 = CARTESIAN_POINT('',(30.210252756184,-1.891722415651));
#3529 = CARTESIAN_POINT('',(34.727922052519,-4.63));
#3530 = CARTESIAN_POINT('',(30.097669453692,-7.173277584349));
#3531 = CARTESIAN_POINT('',(25.467416854864,-9.716555168698));
#3532 = CARTESIAN_POINT('',(25.580000157356,-4.435));
#3533 = ( GEOMETRIC_REPRESENTATION_CONTEXT(2) 
PARAMETRIC_REPRESENTATION_CONTEXT() REPRESENTATION_CONTEXT('2D SPACE',''
  ) );
#3534 = PCURVE('',#49,#3535);
#3535 = DEFINITIONAL_REPRESENTATION('',(#3536),#3540);
#3536 = LINE('',#3537,#3538);
#3537 = CARTESIAN_POINT('',(0.,0.199998853207));
#3538 = VECTOR('',#3539,1.);
#3539 = DIRECTION('',(1.,2.87772015579E-15));
#3540 = ( GEOMETRIC_REPRESENTATION_CONTEXT(2) 
PARAMETRIC_REPRESENTATION_CONTEXT() REPRESENTATION_CONTEXT('2D SPACE',''
  ) );
#3541 = ORIENTED_EDGE('',*,*,#444,.F.);
#3542 = ADVANCED_FACE('',(#3543),#3328,.F.);
#3543 = FACE_BOUND('',#3544,.T.);
#3544 = EDGE_LOOP('',(#3545,#3580,#3608,#3631,#3659,#3692,#3715,#3743,
    #3766,#3816,#3837,#3838,#3839,#3840,#3863,#3891));
#3545 = ORIENTED_EDGE('',*,*,#3546,.F.);
#3546 = EDGE_CURVE('',#3547,#3549,#3551,.T.);
#3547 = VERTEX_POINT('',#3548);
#3548 = CARTESIAN_POINT('',(-1.199998645782,14.579999704361,2.385));
#3549 = VERTEX_POINT('',#3550);
#3550 = CARTESIAN_POINT('',(-1.7,14.079999704361,2.385));
#3551 = SURFACE_CURVE('',#3552,(#3557,#3568),.PCURVE_S1.);
#3552 = CIRCLE('',#3553,0.5);
#3553 = AXIS2_PLACEMENT_3D('',#3554,#3555,#3556);
#3554 = CARTESIAN_POINT('',(-1.199998645782,14.079999704361,2.385));
#3555 = DIRECTION('',(-1.387778780781E-17,-1.102216608582E-16,1.));
#3556 = DIRECTION('',(-0.707106781187,0.707106781187,6.812540595972E-17)
  );
#3557 = PCURVE('',#3328,#3558);
#3558 = DEFINITIONAL_REPRESENTATION('',(#3559),#3567);
#3559 = ( BOUNDED_CURVE() B_SPLINE_CURVE(2,(#3560,#3561,#3562,#3563,
#3564,#3565,#3566),.UNSPECIFIED.,.T.,.F.) B_SPLINE_CURVE_WITH_KNOTS((1,2
    ,2,2,2,1),(-2.094395102393,0.,2.094395102393,4.188790204786,
6.28318530718,8.377580409573),.UNSPECIFIED.) CURVE() 
GEOMETRIC_REPRESENTATION_ITEM() RATIONAL_B_SPLINE_CURVE((1.,0.5,1.,0.5,
1.,0.5,1.)) REPRESENTATION_ITEM('') );
#3560 = CARTESIAN_POINT('',(0.546446609407,-4.653553390593));
#3561 = CARTESIAN_POINT('',(-6.592582628907E-02,-4.041180954897));
#3562 = CARTESIAN_POINT('',(0.770590477449,-3.817037086855));
#3563 = CARTESIAN_POINT('',(1.607106781187,-3.592893218813));
#3564 = CARTESIAN_POINT('',(1.382962913145,-4.429409522551));
#3565 = CARTESIAN_POINT('',(1.158819045103,-5.265925826289));
#3566 = CARTESIAN_POINT('',(0.546446609407,-4.653553390593));
#3567 = ( GEOMETRIC_REPRESENTATION_CONTEXT(2) 
PARAMETRIC_REPRESENTATION_CONTEXT() REPRESENTATION_CONTEXT('2D SPACE',''
  ) );
#3568 = PCURVE('',#3569,#3574);
#3569 = CYLINDRICAL_SURFACE('',#3570,0.5);
#3570 = AXIS2_PLACEMENT_3D('',#3571,#3572,#3573);
#3571 = CARTESIAN_POINT('',(-1.199998645782,14.079999704361,2.3425));
#3572 = DIRECTION('',(-1.38777878078E-17,-7.404956277786E-15,1.));
#3573 = DIRECTION('',(-0.707106781187,0.707106781187,5.226281720546E-15)
  );
#3574 = DEFINITIONAL_REPRESENTATION('',(#3575),#3579);
#3575 = LINE('',#3576,#3577);
#3576 = CARTESIAN_POINT('',(-8.881784197001E-16,4.249999999999E-02));
#3577 = VECTOR('',#3578,1.);
#3578 = DIRECTION('',(1.,2.261727773485E-15));
#3579 = ( GEOMETRIC_REPRESENTATION_CONTEXT(2) 
PARAMETRIC_REPRESENTATION_CONTEXT() REPRESENTATION_CONTEXT('2D SPACE',''
  ) );
#3580 = ORIENTED_EDGE('',*,*,#3581,.F.);
#3581 = EDGE_CURVE('',#3582,#3547,#3584,.T.);
#3582 = VERTEX_POINT('',#3583);
#3583 = CARTESIAN_POINT('',(-0.100000207424,14.579999704361,2.385));
#3584 = SURFACE_CURVE('',#3585,(#3589,#3596),.PCURVE_S1.);
#3585 = LINE('',#3586,#3587);
#3586 = CARTESIAN_POINT('',(7.600000677109,14.579999704361,2.385));
#3587 = VECTOR('',#3588,1.);
#3588 = DIRECTION('',(-1.,-1.387781262328E-15,1.478461095888E-31));
#3589 = PCURVE('',#3328,#3590);
#3590 = DEFINITIONAL_REPRESENTATION('',(#3591),#3595);
#3591 = LINE('',#3592,#3593);
#3592 = CARTESIAN_POINT('',(9.699999322891,-4.8));
#3593 = VECTOR('',#3594,1.);
#3594 = DIRECTION('',(-1.,-4.857200917272E-16));
#3595 = ( GEOMETRIC_REPRESENTATION_CONTEXT(2) 
PARAMETRIC_REPRESENTATION_CONTEXT() REPRESENTATION_CONTEXT('2D SPACE',''
  ) );
#3596 = PCURVE('',#3597,#3602);
#3597 = PLANE('',#3598);
#3598 = AXIS2_PLACEMENT_3D('',#3599,#3600,#3601);
#3599 = CARTESIAN_POINT('',(-1.699998645782,14.579999704361,2.235));
#3600 = DIRECTION('',(-1.387781262328E-15,1.,7.404956277786E-15));
#3601 = DIRECTION('',(-1.38777878078E-17,-7.404956277786E-15,1.));
#3602 = DEFINITIONAL_REPRESENTATION('',(#3603),#3607);
#3603 = LINE('',#3604,#3605);
#3604 = CARTESIAN_POINT('',(0.15,9.299999322891));
#3605 = VECTOR('',#3606,1.);
#3606 = DIRECTION('',(1.387778780781E-17,-1.));
#3607 = ( GEOMETRIC_REPRESENTATION_CONTEXT(2) 
PARAMETRIC_REPRESENTATION_CONTEXT() REPRESENTATION_CONTEXT('2D SPACE',''
  ) );
#3608 = ORIENTED_EDGE('',*,*,#3609,.F.);
#3609 = EDGE_CURVE('',#3610,#3582,#3612,.T.);
#3610 = VERTEX_POINT('',#3611);
#3611 = CARTESIAN_POINT('',(-0.100000207424,31.380000157356,2.385));
#3612 = SURFACE_CURVE('',#3613,(#3617,#3624),.PCURVE_S1.);
#3613 = LINE('',#3614,#3615);
#3614 = CARTESIAN_POINT('',(-0.100000207424,29.580000250709,2.385));
#3615 = VECTOR('',#3616,1.);
#3616 = DIRECTION('',(1.773917384512E-15,-1.,1.067522139063E-16));
#3617 = PCURVE('',#3328,#3618);
#3618 = DEFINITIONAL_REPRESENTATION('',(#3619),#3623);
#3619 = LINE('',#3620,#3621);
#3620 = CARTESIAN_POINT('',(1.999998438358,-19.80000054634));
#3621 = VECTOR('',#3622,1.);
#3622 = DIRECTION('',(-9.958396954279E-17,1.));
#3623 = ( GEOMETRIC_REPRESENTATION_CONTEXT(2) 
PARAMETRIC_REPRESENTATION_CONTEXT() REPRESENTATION_CONTEXT('2D SPACE',''
  ) );
#3624 = PCURVE('',#864,#3625);
#3625 = DEFINITIONAL_REPRESENTATION('',(#3626),#3630);
#3626 = LINE('',#3627,#3628);
#3627 = CARTESIAN_POINT('',(12.379999749291,-2.835));
#3628 = VECTOR('',#3629,1.);
#3629 = DIRECTION('',(1.,-1.067522139063E-16));
#3630 = ( GEOMETRIC_REPRESENTATION_CONTEXT(2) 
PARAMETRIC_REPRESENTATION_CONTEXT() REPRESENTATION_CONTEXT('2D SPACE',''
  ) );
#3631 = ORIENTED_EDGE('',*,*,#3632,.F.);
#3632 = EDGE_CURVE('',#3633,#3610,#3635,.T.);
#3633 = VERTEX_POINT('',#3634);
#3634 = CARTESIAN_POINT('',(-1.199998645782,31.380000157356,2.385));
#3635 = SURFACE_CURVE('',#3636,(#3640,#3647),.PCURVE_S1.);
#3636 = LINE('',#3637,#3638);
#3637 = CARTESIAN_POINT('',(7.600000573397,31.380000157356,2.385));
#3638 = VECTOR('',#3639,1.);
#3639 = DIRECTION('',(1.,2.775562524655E-15,-2.956922191774E-31));
#3640 = PCURVE('',#3328,#3641);
#3641 = DEFINITIONAL_REPRESENTATION('',(#3642),#3646);
#3642 = LINE('',#3643,#3644);
#3643 = CARTESIAN_POINT('',(9.699999219179,-21.60000045299));
#3644 = VECTOR('',#3645,1.);
#3645 = DIRECTION('',(1.,-9.020611706005E-16));
#3646 = ( GEOMETRIC_REPRESENTATION_CONTEXT(2) 
PARAMETRIC_REPRESENTATION_CONTEXT() REPRESENTATION_CONTEXT('2D SPACE',''
  ) );
#3647 = PCURVE('',#3648,#3653);
#3648 = PLANE('',#3649);
#3649 = AXIS2_PLACEMENT_3D('',#3650,#3651,#3652);
#3650 = CARTESIAN_POINT('',(-1.699998853207,31.380000157356,2.535));
#3651 = DIRECTION('',(2.775562524655E-15,-1.,-7.404956277786E-15));
#3652 = DIRECTION('',(2.775557561562E-17,7.404956277786E-15,-1.));
#3653 = DEFINITIONAL_REPRESENTATION('',(#3654),#3658);
#3654 = LINE('',#3655,#3656);
#3655 = CARTESIAN_POINT('',(0.15,9.299999426603));
#3656 = VECTOR('',#3657,1.);
#3657 = DIRECTION('',(2.775557561564E-17,1.));
#3658 = ( GEOMETRIC_REPRESENTATION_CONTEXT(2) 
PARAMETRIC_REPRESENTATION_CONTEXT() REPRESENTATION_CONTEXT('2D SPACE',''
  ) );
#3659 = ORIENTED_EDGE('',*,*,#3660,.F.);
#3660 = EDGE_CURVE('',#3661,#3633,#3663,.T.);
#3661 = VERTEX_POINT('',#3662);
#3662 = CARTESIAN_POINT('',(-1.7,31.880000157356,2.385));
#3663 = SURFACE_CURVE('',#3664,(#3669,#3680),.PCURVE_S1.);
#3664 = CIRCLE('',#3665,0.5);
#3665 = AXIS2_PLACEMENT_3D('',#3666,#3667,#3668);
#3666 = CARTESIAN_POINT('',(-1.199998645782,31.880000157356,2.385));
#3667 = DIRECTION('',(-1.387778780781E-17,-1.102216608582E-16,1.));
#3668 = DIRECTION('',(-0.707106781187,-0.707106781187,
    -8.775156169326E-17));
#3669 = PCURVE('',#3328,#3670);
#3670 = DEFINITIONAL_REPRESENTATION('',(#3671),#3679);
#3671 = ( BOUNDED_CURVE() B_SPLINE_CURVE(2,(#3672,#3673,#3674,#3675,
#3676,#3677,#3678),.UNSPECIFIED.,.T.,.F.) B_SPLINE_CURVE_WITH_KNOTS((1,2
    ,2,2,2,1),(-2.094395102393,0.,2.094395102393,4.188790204786,
6.28318530718,8.377580409573),.UNSPECIFIED.) CURVE() 
GEOMETRIC_REPRESENTATION_ITEM() RATIONAL_B_SPLINE_CURVE((1.,0.5,1.,0.5,
1.,0.5,1.)) REPRESENTATION_ITEM('') );
#3672 = CARTESIAN_POINT('',(0.546446609407,-21.7464470624));
#3673 = CARTESIAN_POINT('',(1.158819045103,-21.1340746267));
#3674 = CARTESIAN_POINT('',(1.382962913145,-21.97059093044));
#3675 = CARTESIAN_POINT('',(1.607106781187,-22.80710723418));
#3676 = CARTESIAN_POINT('',(0.770590477449,-22.58296336614));
#3677 = CARTESIAN_POINT('',(-6.592582628906E-02,-22.35881949809));
#3678 = CARTESIAN_POINT('',(0.546446609407,-21.7464470624));
#3679 = ( GEOMETRIC_REPRESENTATION_CONTEXT(2) 
PARAMETRIC_REPRESENTATION_CONTEXT() REPRESENTATION_CONTEXT('2D SPACE',''
  ) );
#3680 = PCURVE('',#3681,#3686);
#3681 = CYLINDRICAL_SURFACE('',#3682,0.5);
#3682 = AXIS2_PLACEMENT_3D('',#3683,#3684,#3685);
#3683 = CARTESIAN_POINT('',(-1.199998645782,31.880000157356,2.4925));
#3684 = DIRECTION('',(1.38777878078E-17,7.404956277786E-15,-1.));
#3685 = DIRECTION('',(-0.707106781187,-0.707106781187,
    -5.245907876279E-15));
#3686 = DEFINITIONAL_REPRESENTATION('',(#3687),#3691);
#3687 = LINE('',#3688,#3689);
#3688 = CARTESIAN_POINT('',(12.566370614359,0.1075));
#3689 = VECTOR('',#3690,1.);
#3690 = DIRECTION('',(-1.,-2.544443745171E-15));
#3691 = ( GEOMETRIC_REPRESENTATION_CONTEXT(2) 
PARAMETRIC_REPRESENTATION_CONTEXT() REPRESENTATION_CONTEXT('2D SPACE',''
  ) );
#3692 = ORIENTED_EDGE('',*,*,#3693,.T.);
#3693 = EDGE_CURVE('',#3661,#3694,#3696,.T.);
#3694 = VERTEX_POINT('',#3695);
#3695 = CARTESIAN_POINT('',(-1.699998853207,32.380000157356,2.385));
#3696 = SURFACE_CURVE('',#3697,(#3701,#3708),.PCURVE_S1.);
#3697 = LINE('',#3698,#3699);
#3698 = CARTESIAN_POINT('',(-1.7,16.379999852181,2.385));
#3699 = VECTOR('',#3700,1.);
#3700 = DIRECTION('',(-8.774154567638E-17,1.,1.102216608582E-16));
#3701 = PCURVE('',#3328,#3702);
#3702 = DEFINITIONAL_REPRESENTATION('',(#3703),#3707);
#3703 = LINE('',#3704,#3705);
#3704 = CARTESIAN_POINT('',(0.399998645782,-6.60000014782));
#3705 = VECTOR('',#3706,1.);
#3706 = DIRECTION('',(1.785759808379E-15,-1.));
#3707 = ( GEOMETRIC_REPRESENTATION_CONTEXT(2) 
PARAMETRIC_REPRESENTATION_CONTEXT() REPRESENTATION_CONTEXT('2D SPACE',''
  ) );
#3708 = PCURVE('',#775,#3709);
#3709 = DEFINITIONAL_REPRESENTATION('',(#3710),#3714);
#3710 = LINE('',#3711,#3712);
#3711 = CARTESIAN_POINT('',(-6.60000014782,-6.5E-02));
#3712 = VECTOR('',#3713,1.);
#3713 = DIRECTION('',(-1.,1.067522139063E-16));
#3714 = ( GEOMETRIC_REPRESENTATION_CONTEXT(2) 
PARAMETRIC_REPRESENTATION_CONTEXT() REPRESENTATION_CONTEXT('2D SPACE',''
  ) );
#3715 = ORIENTED_EDGE('',*,*,#3716,.F.);
#3716 = EDGE_CURVE('',#3717,#3694,#3719,.T.);
#3717 = VERTEX_POINT('',#3718);
#3718 = CARTESIAN_POINT('',(-3.299998853207,32.380000157356,2.385));
#3719 = SURFACE_CURVE('',#3720,(#3724,#3731),.PCURVE_S1.);
#3720 = LINE('',#3721,#3722);
#3721 = CARTESIAN_POINT('',(-1.899998853207,32.380000157356,2.385));
#3722 = VECTOR('',#3723,1.);
#3723 = DIRECTION('',(1.,1.873501354055E-15,2.775557561563E-17));
#3724 = PCURVE('',#3328,#3725);
#3725 = DEFINITIONAL_REPRESENTATION('',(#3726),#3730);
#3726 = LINE('',#3727,#3728);
#3727 = CARTESIAN_POINT('',(0.199999792576,-22.60000045299));
#3728 = VECTOR('',#3729,1.);
#3729 = DIRECTION('',(1.,-1.529632821215E-33));
#3730 = ( GEOMETRIC_REPRESENTATION_CONTEXT(2) 
PARAMETRIC_REPRESENTATION_CONTEXT() REPRESENTATION_CONTEXT('2D SPACE',''
  ) );
#3731 = PCURVE('',#3732,#3737);
#3732 = CYLINDRICAL_SURFACE('',#3733,1.25);
#3733 = AXIS2_PLACEMENT_3D('',#3734,#3735,#3736);
#3734 = CARTESIAN_POINT('',(-1.899998853207,33.628309013369,2.45));
#3735 = DIRECTION('',(1.,1.873501354055E-15,-2.000004173018E-31));
#3736 = DIRECTION('',(1.870966665615E-15,-0.99864708481,-5.2E-02));
#3737 = DEFINITIONAL_REPRESENTATION('',(#3738),#3742);
#3738 = LINE('',#3739,#3740);
#3739 = CARTESIAN_POINT('',(0.,7.771561172376E-15));
#3740 = VECTOR('',#3741,1.);
#3741 = DIRECTION('',(0.,1.));
#3742 = ( GEOMETRIC_REPRESENTATION_CONTEXT(2) 
PARAMETRIC_REPRESENTATION_CONTEXT() REPRESENTATION_CONTEXT('2D SPACE',''
  ) );
#3743 = ORIENTED_EDGE('',*,*,#3744,.F.);
#3744 = EDGE_CURVE('',#3745,#3717,#3747,.T.);
#3745 = VERTEX_POINT('',#3746);
#3746 = CARTESIAN_POINT('',(-3.299998853207,30.380246540606,2.385));
#3747 = SURFACE_CURVE('',#3748,(#3752,#3759),.PCURVE_S1.);
#3748 = LINE('',#3749,#3750);
#3749 = CARTESIAN_POINT('',(-3.299998853207,36.180000157356,2.385));
#3750 = VECTOR('',#3751,1.);
#3751 = DIRECTION('',(-1.762479051592E-15,1.,1.102216608582E-16));
#3752 = PCURVE('',#3328,#3753);
#3753 = DEFINITIONAL_REPRESENTATION('',(#3754),#3758);
#3754 = LINE('',#3755,#3756);
#3755 = CARTESIAN_POINT('',(-1.200000207424,-26.40000045299));
#3756 = VECTOR('',#3757,1.);
#3757 = DIRECTION('',(1.110223024625E-16,-1.));
#3758 = ( GEOMETRIC_REPRESENTATION_CONTEXT(2) 
PARAMETRIC_REPRESENTATION_CONTEXT() REPRESENTATION_CONTEXT('2D SPACE',''
  ) );
#3759 = PCURVE('',#719,#3760);
#3760 = DEFINITIONAL_REPRESENTATION('',(#3761),#3765);
#3761 = LINE('',#3762,#3763);
#3762 = CARTESIAN_POINT('',(-26.40000045299,-6.5E-02));
#3763 = VECTOR('',#3764,1.);
#3764 = DIRECTION('',(-1.,1.067522139063E-16));
#3765 = ( GEOMETRIC_REPRESENTATION_CONTEXT(2) 
PARAMETRIC_REPRESENTATION_CONTEXT() REPRESENTATION_CONTEXT('2D SPACE',''
  ) );
#3766 = ORIENTED_EDGE('',*,*,#3767,.F.);
#3767 = EDGE_CURVE('',#3768,#3745,#3770,.T.);
#3768 = VERTEX_POINT('',#3769);
#3769 = CARTESIAN_POINT('',(-2.499998645782,29.580000157356,2.385));
#3770 = SURFACE_CURVE('',#3771,(#3775,#3782),.PCURVE_S1.);
#3771 = ( BOUNDED_CURVE() B_SPLINE_CURVE(2,(#3772,#3773,#3774),
.UNSPECIFIED.,.F.,.F.) B_SPLINE_CURVE_WITH_KNOTS((3,3),(
9.803961100065E-02,0.226301754111),.PIECEWISE_BEZIER_KNOTS.) CURVE() 
GEOMETRIC_REPRESENTATION_ITEM() RATIONAL_B_SPLINE_CURVE((1.01782692573,
1.020574667645,1.00000000616)) REPRESENTATION_ITEM('') );
#3772 = CARTESIAN_POINT('',(-2.499998645782,29.580000157356,2.385));
#3773 = CARTESIAN_POINT('',(-2.960413267093,30.040519369618,2.385));
#3774 = CARTESIAN_POINT('',(-3.299998749451,30.380246644318,2.385));
#3775 = PCURVE('',#3328,#3776);
#3776 = DEFINITIONAL_REPRESENTATION('',(#3777),#3781);
#3777 = ( BOUNDED_CURVE() B_SPLINE_CURVE(2,(#3778,#3779,#3780),
.UNSPECIFIED.,.F.,.F.) B_SPLINE_CURVE_WITH_KNOTS((3,3),(
9.803961100065E-02,0.226301754111),.PIECEWISE_BEZIER_KNOTS.) CURVE() 
GEOMETRIC_REPRESENTATION_ITEM() RATIONAL_B_SPLINE_CURVE((1.01782692573,
1.020574667645,1.00000000616)) REPRESENTATION_ITEM('') );
#3778 = CARTESIAN_POINT('',(-0.4,-19.80000045299));
#3779 = CARTESIAN_POINT('',(-0.86041462131,-20.26051966525));
#3780 = CARTESIAN_POINT('',(-1.200000103669,-20.60024693995));
#3781 = ( GEOMETRIC_REPRESENTATION_CONTEXT(2) 
PARAMETRIC_REPRESENTATION_CONTEXT() REPRESENTATION_CONTEXT('2D SPACE',''
  ) );
#3782 = PCURVE('',#3783,#3788);
#3783 = CONICAL_SURFACE('',#3784,2.65,0.785398163397);
#3784 = AXIS2_PLACEMENT_3D('',#3785,#3786,#3787);
#3785 = CARTESIAN_POINT('',(-2.899998645782,32.629307455744,2.45));
#3786 = DIRECTION('',(1.,0.,0.));
#3787 = DIRECTION('',(0.,-0.999772884717,-2.131147540984E-02));
#3788 = DEFINITIONAL_REPRESENTATION('',(#3789),#3815);
#3789 = B_SPLINE_CURVE_WITH_KNOTS('',3,(#3790,#3791,#3792,#3793,#3794,
    #3795,#3796,#3797,#3798,#3799,#3800,#3801,#3802,#3803,#3804,#3805,
    #3806,#3807,#3808,#3809,#3810,#3811,#3812,#3813,#3814),
  .UNSPECIFIED.,.F.,.F.,(4,1,1,1,1,1,1,1,1,1,1,1,1,1,1,1,1,1,1,1,1,1,4),
  (9.803961100065E-02,0.103869708415,0.109699805829,0.115529903243,
    0.121360000657,0.127190098071,0.133020195485,0.138850292899,
    0.144680390314,0.150510487728,0.156340585142,0.162170682556,
    0.16800077997,0.173830877384,0.179660974798,0.185491072212,
    0.191321169626,0.197151267041,0.202981364455,0.208811461869,
    0.214641559283,0.220471656697,0.226301754111),
  .QUASI_UNIFORM_KNOTS.);
#3790 = CARTESIAN_POINT('',(0.,0.4));
#3791 = CARTESIAN_POINT('',(9.777305313596E-05,0.386010404522));
#3792 = CARTESIAN_POINT('',(2.946398328878E-04,0.358227130156));
#3793 = CARTESIAN_POINT('',(5.939859499767E-04,0.317128150325));
#3794 = CARTESIAN_POINT('',(8.974610363186E-04,0.27659315651));
#3795 = CARTESIAN_POINT('',(1.205151282008E-03,0.236610649757));
#3796 = CARTESIAN_POINT('',(1.517145056046E-03,0.197169409978));
#3797 = CARTESIAN_POINT('',(1.833533277854E-03,0.15825852752));
#3798 = CARTESIAN_POINT('',(2.154409428656E-03,0.119867381837));
#3799 = CARTESIAN_POINT('',(2.479869664095E-03,8.19856348409E-02));
#3800 = CARTESIAN_POINT('',(2.81001290471E-03,4.460322081826E-02));
#3801 = CARTESIAN_POINT('',(3.144940937577E-03,7.710337725591E-03));
#3802 = CARTESIAN_POINT('',(3.484758520462E-03,-2.870256143498E-02));
#3803 = CARTESIAN_POINT('',(3.829573491085E-03,-6.464477683627E-02));
#3804 = CARTESIAN_POINT('',(4.179496881079E-03,-0.100125369749));
#3805 = CARTESIAN_POINT('',(4.534643035163E-03,-0.135153170156));
#3806 = CARTESIAN_POINT('',(4.895129735395E-03,-0.169736784083));
#3807 = CARTESIAN_POINT('',(5.261078332106E-03,-0.20388460062));
#3808 = CARTESIAN_POINT('',(5.632613876963E-03,-0.237604798816));
#3809 = CARTESIAN_POINT('',(6.009865276595E-03,-0.270905353785));
#3810 = CARTESIAN_POINT('',(6.392965399489E-03,-0.303794044592));
#3811 = CARTESIAN_POINT('',(6.782051388996E-03,-0.336278454341));
#3812 = CARTESIAN_POINT('',(7.177264240456E-03,-0.36836599827));
#3813 = CARTESIAN_POINT('',(7.444922186791E-03,-0.389497896966));
#3814 = CARTESIAN_POINT('',(7.579821076564E-03,-0.400000103669));
#3815 = ( GEOMETRIC_REPRESENTATION_CONTEXT(2) 
PARAMETRIC_REPRESENTATION_CONTEXT() REPRESENTATION_CONTEXT('2D SPACE',''
  ) );
#3816 = ORIENTED_EDGE('',*,*,#3817,.F.);
#3817 = EDGE_CURVE('',#3494,#3768,#3818,.T.);
#3818 = SURFACE_CURVE('',#3819,(#3823,#3830),.PCURVE_S1.);
#3819 = LINE('',#3820,#3821);
#3820 = CARTESIAN_POINT('',(-1.899998853207,29.580000157356,2.385));
#3821 = VECTOR('',#3822,1.);
#3822 = DIRECTION('',(-1.,-1.873501354055E-15,-2.775557561563E-17));
#3823 = PCURVE('',#3328,#3824);
#3824 = DEFINITIONAL_REPRESENTATION('',(#3825),#3829);
#3825 = LINE('',#3826,#3827);
#3826 = CARTESIAN_POINT('',(0.199999792576,-19.80000045299));
#3827 = VECTOR('',#3828,1.);
#3828 = DIRECTION('',(-1.,1.529632821215E-33));
#3829 = ( GEOMETRIC_REPRESENTATION_CONTEXT(2) 
PARAMETRIC_REPRESENTATION_CONTEXT() REPRESENTATION_CONTEXT('2D SPACE',''
  ) );
#3830 = PCURVE('',#49,#3831);
#3831 = DEFINITIONAL_REPRESENTATION('',(#3832),#3836);
#3832 = LINE('',#3833,#3834);
#3833 = CARTESIAN_POINT('',(0.,-5.551115123126E-15));
#3834 = VECTOR('',#3835,1.);
#3835 = DIRECTION('',(0.,-1.));
#3836 = ( GEOMETRIC_REPRESENTATION_CONTEXT(2) 
PARAMETRIC_REPRESENTATION_CONTEXT() REPRESENTATION_CONTEXT('2D SPACE',''
  ) );
#3837 = ORIENTED_EDGE('',*,*,#3493,.F.);
#3838 = ORIENTED_EDGE('',*,*,#3418,.F.);
#3839 = ORIENTED_EDGE('',*,*,#3283,.T.);
#3840 = ORIENTED_EDGE('',*,*,#3841,.F.);
#3841 = EDGE_CURVE('',#3842,#3286,#3844,.T.);
#3842 = VERTEX_POINT('',#3843);
#3843 = CARTESIAN_POINT('',(-3.299998645782,13.579999704361,2.385));
#3844 = SURFACE_CURVE('',#3845,(#3849,#3856),.PCURVE_S1.);
#3845 = LINE('',#3846,#3847);
#3846 = CARTESIAN_POINT('',(-3.299998645782,9.779999704361,2.385));
#3847 = VECTOR('',#3848,1.);
#3848 = DIRECTION('',(-1.762479051592E-15,1.,1.102216608582E-16));
#3849 = PCURVE('',#3328,#3850);
#3850 = DEFINITIONAL_REPRESENTATION('',(#3851),#3855);
#3851 = LINE('',#3852,#3853);
#3852 = CARTESIAN_POINT('',(-1.2,-2.248201624866E-15));
#3853 = VECTOR('',#3854,1.);
#3854 = DIRECTION('',(1.110223024625E-16,-1.));
#3855 = ( GEOMETRIC_REPRESENTATION_CONTEXT(2) 
PARAMETRIC_REPRESENTATION_CONTEXT() REPRESENTATION_CONTEXT('2D SPACE',''
  ) );
#3856 = PCURVE('',#2211,#3857);
#3857 = DEFINITIONAL_REPRESENTATION('',(#3858),#3862);
#3858 = LINE('',#3859,#3860);
#3859 = CARTESIAN_POINT('',(2.25514051877E-19,-6.5E-02));
#3860 = VECTOR('',#3861,1.);
#3861 = DIRECTION('',(-1.,1.067522139063E-16));
#3862 = ( GEOMETRIC_REPRESENTATION_CONTEXT(2) 
PARAMETRIC_REPRESENTATION_CONTEXT() REPRESENTATION_CONTEXT('2D SPACE',''
  ) );
#3863 = ORIENTED_EDGE('',*,*,#3864,.F.);
#3864 = EDGE_CURVE('',#3865,#3842,#3867,.T.);
#3865 = VERTEX_POINT('',#3866);
#3866 = CARTESIAN_POINT('',(-1.699998645782,13.579999704361,2.385));
#3867 = SURFACE_CURVE('',#3868,(#3872,#3879),.PCURVE_S1.);
#3868 = LINE('',#3869,#3870);
#3869 = CARTESIAN_POINT('',(-1.899998645782,13.579999704361,2.385));
#3870 = VECTOR('',#3871,1.);
#3871 = DIRECTION('',(-1.,-1.873501354055E-15,-1.387778780781E-17));
#3872 = PCURVE('',#3328,#3873);
#3873 = DEFINITIONAL_REPRESENTATION('',(#3874),#3878);
#3874 = LINE('',#3875,#3876);
#3875 = CARTESIAN_POINT('',(0.2,-3.8));
#3876 = VECTOR('',#3877,1.);
#3877 = DIRECTION('',(-1.,1.529632821215E-33));
#3878 = ( GEOMETRIC_REPRESENTATION_CONTEXT(2) 
PARAMETRIC_REPRESENTATION_CONTEXT() REPRESENTATION_CONTEXT('2D SPACE',''
  ) );
#3879 = PCURVE('',#3880,#3885);
#3880 = CYLINDRICAL_SURFACE('',#3881,1.25);
#3881 = AXIS2_PLACEMENT_3D('',#3882,#3883,#3884);
#3882 = CARTESIAN_POINT('',(-1.899998645782,12.331690848348,2.45));
#3883 = DIRECTION('',(-1.,-1.873501354055E-15,2.000004173018E-31));
#3884 = DIRECTION('',(-1.870966665615E-15,0.99864708481,-5.2E-02));
#3885 = DEFINITIONAL_REPRESENTATION('',(#3886),#3890);
#3886 = LINE('',#3887,#3888);
#3887 = CARTESIAN_POINT('',(0.,-2.442490654175E-15));
#3888 = VECTOR('',#3889,1.);
#3889 = DIRECTION('',(0.,1.));
#3890 = ( GEOMETRIC_REPRESENTATION_CONTEXT(2) 
PARAMETRIC_REPRESENTATION_CONTEXT() REPRESENTATION_CONTEXT('2D SPACE',''
  ) );
#3891 = ORIENTED_EDGE('',*,*,#3892,.T.);
#3892 = EDGE_CURVE('',#3865,#3549,#3893,.T.);
#3893 = SURFACE_CURVE('',#3894,(#3898,#3905),.PCURVE_S1.);
#3894 = LINE('',#3895,#3896);
#3895 = CARTESIAN_POINT('',(-1.7,16.379999852181,2.385));
#3896 = VECTOR('',#3897,1.);
#3897 = DIRECTION('',(-8.774154567638E-17,1.,1.102216608582E-16));
#3898 = PCURVE('',#3328,#3899);
#3899 = DEFINITIONAL_REPRESENTATION('',(#3900),#3904);
#3900 = LINE('',#3901,#3902);
#3901 = CARTESIAN_POINT('',(0.399998645782,-6.60000014782));
#3902 = VECTOR('',#3903,1.);
#3903 = DIRECTION('',(1.785759808379E-15,-1.));
#3904 = ( GEOMETRIC_REPRESENTATION_CONTEXT(2) 
PARAMETRIC_REPRESENTATION_CONTEXT() REPRESENTATION_CONTEXT('2D SPACE',''
  ) );
#3905 = PCURVE('',#2155,#3906);
#3906 = DEFINITIONAL_REPRESENTATION('',(#3907),#3911);
#3907 = LINE('',#3908,#3909);
#3908 = CARTESIAN_POINT('',(-6.60000014782,-6.5E-02));
#3909 = VECTOR('',#3910,1.);
#3910 = DIRECTION('',(-1.,1.067522139063E-16));
#3911 = ( GEOMETRIC_REPRESENTATION_CONTEXT(2) 
PARAMETRIC_REPRESENTATION_CONTEXT() REPRESENTATION_CONTEXT('2D SPACE',''
  ) );
#3912 = ADVANCED_FACE('',(#3913),#3927,.F.);
#3913 = FACE_BOUND('',#3914,.T.);
#3914 = EDGE_LOOP('',(#3915,#3950,#3973,#3996));
#3915 = ORIENTED_EDGE('',*,*,#3916,.F.);
#3916 = EDGE_CURVE('',#3917,#3919,#3921,.T.);
#3917 = VERTEX_POINT('',#3918);
#3918 = CARTESIAN_POINT('',(-3.299998645782,39.530692849432,0.2));
#3919 = VERTEX_POINT('',#3920);
#3920 = CARTESIAN_POINT('',(-2.499998853207,39.530692849432,-0.6));
#3921 = SURFACE_CURVE('',#3922,(#3926,#3938),.PCURVE_S1.);
#3922 = LINE('',#3923,#3924);
#3923 = CARTESIAN_POINT('',(-3.299998645782,39.530692849432,0.2));
#3924 = VECTOR('',#3925,1.);
#3925 = DIRECTION('',(0.707106689517,0.,-0.707106872856));
#3926 = PCURVE('',#3927,#3932);
#3927 = PLANE('',#3928);
#3928 = AXIS2_PLACEMENT_3D('',#3929,#3930,#3931);
#3929 = CARTESIAN_POINT('',(-2.9,35.53000014782,-0.2));
#3930 = DIRECTION('',(0.707106781187,1.53989837294E-16,0.707106781187));
#3931 = DIRECTION('',(0.707106781187,0.,-0.707106781187));
#3932 = DEFINITIONAL_REPRESENTATION('',(#3933),#3937);
#3933 = LINE('',#3934,#3935);
#3934 = CARTESIAN_POINT('',(-0.565684467373,4.000692701612));
#3935 = VECTOR('',#3936,1.);
#3936 = DIRECTION('',(1.,1.996326601042E-23));
#3937 = ( GEOMETRIC_REPRESENTATION_CONTEXT(2) 
PARAMETRIC_REPRESENTATION_CONTEXT() REPRESENTATION_CONTEXT('2D SPACE',''
  ) );
#3938 = PCURVE('',#3939,#3944);
#3939 = PLANE('',#3940);
#3940 = AXIS2_PLACEMENT_3D('',#3941,#3942,#3943);
#3941 = CARTESIAN_POINT('',(-2.899998749494,23.629999930859,-0.2));
#3942 = DIRECTION('',(-0.707106872856,-1.168322576923E-15,
    -0.707106689517));
#3943 = DIRECTION('',(-0.707106689517,-9.860761315263E-32,0.707106872856
    ));
#3944 = DEFINITIONAL_REPRESENTATION('',(#3945),#3949);
#3945 = LINE('',#3946,#3947);
#3946 = CARTESIAN_POINT('',(0.565685351614,15.900692918573));
#3947 = VECTOR('',#3948,1.);
#3948 = DIRECTION('',(-1.,-9.860761315263E-32));
#3949 = ( GEOMETRIC_REPRESENTATION_CONTEXT(2) 
PARAMETRIC_REPRESENTATION_CONTEXT() REPRESENTATION_CONTEXT('2D SPACE',''
  ) );
#3950 = ORIENTED_EDGE('',*,*,#3951,.F.);
#3951 = EDGE_CURVE('',#3952,#3917,#3954,.T.);
#3952 = VERTEX_POINT('',#3953);
#3953 = CARTESIAN_POINT('',(-3.3,39.72999985218,0.2));
#3954 = SURFACE_CURVE('',#3955,(#3959,#3966),.PCURVE_S1.);
#3955 = LINE('',#3956,#3957);
#3956 = CARTESIAN_POINT('',(-3.3,35.53000014782,0.2));
#3957 = VECTOR('',#3958,1.);
#3958 = DIRECTION('',(1.110223024625E-16,-1.,1.067522139063E-16));
#3959 = PCURVE('',#3927,#3960);
#3960 = DEFINITIONAL_REPRESENTATION('',(#3961),#3965);
#3961 = LINE('',#3962,#3963);
#3962 = CARTESIAN_POINT('',(-0.565685424949,-1.232595164408E-32));
#3963 = VECTOR('',#3964,1.);
#3964 = DIRECTION('',(3.019408574392E-18,-1.));
#3965 = ( GEOMETRIC_REPRESENTATION_CONTEXT(2) 
PARAMETRIC_REPRESENTATION_CONTEXT() REPRESENTATION_CONTEXT('2D SPACE',''
  ) );
#3966 = PCURVE('',#719,#3967);
#3967 = DEFINITIONAL_REPRESENTATION('',(#3968),#3972);
#3968 = LINE('',#3969,#3970);
#3969 = CARTESIAN_POINT('',(-25.75000044345,-2.25));
#3970 = VECTOR('',#3971,1.);
#3971 = DIRECTION('',(1.,1.102216608582E-16));
#3972 = ( GEOMETRIC_REPRESENTATION_CONTEXT(2) 
PARAMETRIC_REPRESENTATION_CONTEXT() REPRESENTATION_CONTEXT('2D SPACE',''
  ) );
#3973 = ORIENTED_EDGE('',*,*,#3974,.F.);
#3974 = EDGE_CURVE('',#3975,#3952,#3977,.T.);
#3975 = VERTEX_POINT('',#3976);
#3976 = CARTESIAN_POINT('',(-2.5,39.72999985218,-0.6));
#3977 = SURFACE_CURVE('',#3978,(#3982,#3989),.PCURVE_S1.);
#3978 = LINE('',#3979,#3980);
#3979 = CARTESIAN_POINT('',(-2.5,39.72999985218,-0.6));
#3980 = VECTOR('',#3981,1.);
#3981 = DIRECTION('',(-0.707106781187,0.,0.707106781187));
#3982 = PCURVE('',#3927,#3983);
#3983 = DEFINITIONAL_REPRESENTATION('',(#3984),#3988);
#3984 = LINE('',#3985,#3986);
#3985 = CARTESIAN_POINT('',(0.565685424949,4.199999704361));
#3986 = VECTOR('',#3987,1.);
#3987 = DIRECTION('',(-1.,0.));
#3988 = ( GEOMETRIC_REPRESENTATION_CONTEXT(2) 
PARAMETRIC_REPRESENTATION_CONTEXT() REPRESENTATION_CONTEXT('2D SPACE',''
  ) );
#3989 = PCURVE('',#669,#3990);
#3990 = DEFINITIONAL_REPRESENTATION('',(#3991),#3995);
#3991 = LINE('',#3992,#3993);
#3992 = CARTESIAN_POINT('',(0.785398163397,0.4));
#3993 = VECTOR('',#3994,1.);
#3994 = DIRECTION('',(2.775557561563E-16,-1.));
#3995 = ( GEOMETRIC_REPRESENTATION_CONTEXT(2) 
PARAMETRIC_REPRESENTATION_CONTEXT() REPRESENTATION_CONTEXT('2D SPACE',''
  ) );
#3996 = ORIENTED_EDGE('',*,*,#3997,.F.);
#3997 = EDGE_CURVE('',#3919,#3975,#3998,.T.);
#3998 = SURFACE_CURVE('',#3999,(#4003,#4010),.PCURVE_S1.);
#3999 = LINE('',#4000,#4001);
#4000 = CARTESIAN_POINT('',(-2.5,35.53000014782,-0.6));
#4001 = VECTOR('',#4002,1.);
#4002 = DIRECTION('',(-1.110223024625E-16,1.,-1.067522139063E-16));
#4003 = PCURVE('',#3927,#4004);
#4004 = DEFINITIONAL_REPRESENTATION('',(#4005),#4009);
#4005 = LINE('',#4006,#4007);
#4006 = CARTESIAN_POINT('',(0.565685424949,-1.848892746612E-32));
#4007 = VECTOR('',#4008,1.);
#4008 = DIRECTION('',(-3.019408574392E-18,1.));
#4009 = ( GEOMETRIC_REPRESENTATION_CONTEXT(2) 
PARAMETRIC_REPRESENTATION_CONTEXT() REPRESENTATION_CONTEXT('2D SPACE',''
  ) );
#4010 = PCURVE('',#99,#4011);
#4011 = DEFINITIONAL_REPRESENTATION('',(#4012),#4016);
#4012 = LINE('',#4013,#4014);
#4013 = CARTESIAN_POINT('',(1.950000009537,0.800001146793));
#4014 = VECTOR('',#4015,1.);
#4015 = DIRECTION('',(-1.,-1.65145674913E-15));
#4016 = ( GEOMETRIC_REPRESENTATION_CONTEXT(2) 
PARAMETRIC_REPRESENTATION_CONTEXT() REPRESENTATION_CONTEXT('2D SPACE',''
  ) );
#4017 = ADVANCED_FACE('',(#4018),#669,.T.);
#4018 = FACE_BOUND('',#4019,.T.);
#4019 = EDGE_LOOP('',(#4020,#4021,#4043,#4044));
#4020 = ORIENTED_EDGE('',*,*,#653,.F.);
#4021 = ORIENTED_EDGE('',*,*,#4022,.F.);
#4022 = EDGE_CURVE('',#3975,#631,#4023,.T.);
#4023 = SURFACE_CURVE('',#4024,(#4029,#4036),.PCURVE_S1.);
#4024 = CIRCLE('',#4025,3.05);
#4025 = AXIS2_PLACEMENT_3D('',#4026,#4027,#4028);
#4026 = CARTESIAN_POINT('',(-2.5,39.72999985218,2.45));
#4027 = DIRECTION('',(1.,1.110223024625E-16,0.));
#4028 = DIRECTION('',(7.850462293419E-17,-0.707106781187,-0.707106781187
    ));
#4029 = PCURVE('',#669,#4030);
#4030 = DEFINITIONAL_REPRESENTATION('',(#4031),#4035);
#4031 = LINE('',#4032,#4033);
#4032 = CARTESIAN_POINT('',(1.110223024625E-16,0.4));
#4033 = VECTOR('',#4034,1.);
#4034 = DIRECTION('',(1.,-1.013300705893E-15));
#4035 = ( GEOMETRIC_REPRESENTATION_CONTEXT(2) 
PARAMETRIC_REPRESENTATION_CONTEXT() REPRESENTATION_CONTEXT('2D SPACE',''
  ) );
#4036 = PCURVE('',#132,#4037);
#4037 = DEFINITIONAL_REPRESENTATION('',(#4038),#4042);
#4038 = LINE('',#4039,#4040);
#4039 = CARTESIAN_POINT('',(3.14159265359,-0.8));
#4040 = VECTOR('',#4041,1.);
#4041 = DIRECTION('',(1.,-2.866047202072E-16));
#4042 = ( GEOMETRIC_REPRESENTATION_CONTEXT(2) 
PARAMETRIC_REPRESENTATION_CONTEXT() REPRESENTATION_CONTEXT('2D SPACE',''
  ) );
#4043 = ORIENTED_EDGE('',*,*,#3974,.T.);
#4044 = ORIENTED_EDGE('',*,*,#4045,.F.);
#4045 = EDGE_CURVE('',#654,#3952,#4046,.T.);
#4046 = SURFACE_CURVE('',#4047,(#4052,#4059),.PCURVE_S1.);
#4047 = CIRCLE('',#4048,2.25);
#4048 = AXIS2_PLACEMENT_3D('',#4049,#4050,#4051);
#4049 = CARTESIAN_POINT('',(-3.3,39.72999985218,2.45));
#4050 = DIRECTION('',(-1.,-1.110223024625E-16,0.));
#4051 = DIRECTION('',(7.850462293419E-17,-0.707106781187,-0.707106781187
    ));
#4052 = PCURVE('',#669,#4053);
#4053 = DEFINITIONAL_REPRESENTATION('',(#4054),#4058);
#4054 = LINE('',#4055,#4056);
#4055 = CARTESIAN_POINT('',(6.28318530718,-0.4));
#4056 = VECTOR('',#4057,1.);
#4057 = DIRECTION('',(-1.,1.476508864535E-15));
#4058 = ( GEOMETRIC_REPRESENTATION_CONTEXT(2) 
PARAMETRIC_REPRESENTATION_CONTEXT() REPRESENTATION_CONTEXT('2D SPACE',''
  ) );
#4059 = PCURVE('',#719,#4060);
#4060 = DEFINITIONAL_REPRESENTATION('',(#4061),#4065);
#4061 = CIRCLE('',#4062,2.25);
#4062 = AXIS2_PLACEMENT_2D('',#4063,#4064);
#4063 = CARTESIAN_POINT('',(-29.95000014782,-1.039099367239E-16));
#4064 = DIRECTION('',(0.707106781187,-0.707106781187));
#4065 = ( GEOMETRIC_REPRESENTATION_CONTEXT(2) 
PARAMETRIC_REPRESENTATION_CONTEXT() REPRESENTATION_CONTEXT('2D SPACE',''
  ) );
#4066 = ADVANCED_FACE('',(#4067),#132,.T.);
#4067 = FACE_BOUND('',#4068,.T.);
#4068 = EDGE_LOOP('',(#4069,#4070,#4071,#4072,#4098,#4099));
#4069 = ORIENTED_EDGE('',*,*,#4022,.T.);
#4070 = ORIENTED_EDGE('',*,*,#630,.T.);
#4071 = ORIENTED_EDGE('',*,*,#473,.F.);
#4072 = ORIENTED_EDGE('',*,*,#4073,.F.);
#4073 = EDGE_CURVE('',#112,#474,#4074,.T.);
#4074 = SURFACE_CURVE('',#4075,(#4080,#4087),.PCURVE_S1.);
#4075 = CIRCLE('',#4076,3.05);
#4076 = AXIS2_PLACEMENT_3D('',#4077,#4078,#4079);
#4077 = CARTESIAN_POINT('',(-1.7,39.72999985218,2.45));
#4078 = DIRECTION('',(1.,8.774154567638E-17,0.));
#4079 = DIRECTION('',(-6.204264193956E-17,0.707106781187,0.707106781187)
  );
#4080 = PCURVE('',#132,#4081);
#4081 = DEFINITIONAL_REPRESENTATION('',(#4082),#4086);
#4082 = LINE('',#4083,#4084);
#4083 = CARTESIAN_POINT('',(8.881784197001E-16,1.69874874158E-15));
#4084 = VECTOR('',#4085,1.);
#4085 = DIRECTION('',(1.,-4.00467357675E-16));
#4086 = ( GEOMETRIC_REPRESENTATION_CONTEXT(2) 
PARAMETRIC_REPRESENTATION_CONTEXT() REPRESENTATION_CONTEXT('2D SPACE',''
  ) );
#4087 = PCURVE('',#182,#4088);
#4088 = DEFINITIONAL_REPRESENTATION('',(#4089),#4097);
#4089 = ( BOUNDED_CURVE() B_SPLINE_CURVE(2,(#4090,#4091,#4092,#4093,
#4094,#4095,#4096),.UNSPECIFIED.,.T.,.F.) B_SPLINE_CURVE_WITH_KNOTS((1,2
    ,2,2,2,1),(-2.094395102393,0.,2.094395102393,4.188790204786,
6.28318530718,8.377580409573),.UNSPECIFIED.) CURVE() 
GEOMETRIC_REPRESENTATION_ITEM() RATIONAL_B_SPLINE_CURVE((1.,0.5,1.,0.5,
1.,0.5,1.)) REPRESENTATION_ITEM('') );
#4090 = CARTESIAN_POINT('',(37.886675534799,-6.656675682619));
#4091 = CARTESIAN_POINT('',(34.151203677055,-10.39214754036));
#4092 = CARTESIAN_POINT('',(32.783926081999,-5.289398087563));
#4093 = CARTESIAN_POINT('',(31.416648486943,-0.186648634762));
#4094 = CARTESIAN_POINT('',(36.519397939743,-1.553926229818));
#4095 = CARTESIAN_POINT('',(41.622147392544,-2.921203824875));
#4096 = CARTESIAN_POINT('',(37.886675534799,-6.656675682619));
#4097 = ( GEOMETRIC_REPRESENTATION_CONTEXT(2) 
PARAMETRIC_REPRESENTATION_CONTEXT() REPRESENTATION_CONTEXT('2D SPACE',''
  ) );
#4098 = ORIENTED_EDGE('',*,*,#111,.F.);
#4099 = ORIENTED_EDGE('',*,*,#4100,.F.);
#4100 = EDGE_CURVE('',#3975,#84,#4101,.T.);
#4101 = SURFACE_CURVE('',#4102,(#4106,#4113),.PCURVE_S1.);
#4102 = LINE('',#4103,#4104);
#4103 = CARTESIAN_POINT('',(-1.700001163483,39.72999985218,-0.6));
#4104 = VECTOR('',#4105,1.);
#4105 = DIRECTION('',(1.,0.,0.));
#4106 = PCURVE('',#132,#4107);
#4107 = DEFINITIONAL_REPRESENTATION('',(#4108),#4112);
#4108 = LINE('',#4109,#4110);
#4109 = CARTESIAN_POINT('',(3.926990816987,-1.163482669986E-06));
#4110 = VECTOR('',#4111,1.);
#4111 = DIRECTION('',(0.,1.));
#4112 = ( GEOMETRIC_REPRESENTATION_CONTEXT(2) 
PARAMETRIC_REPRESENTATION_CONTEXT() REPRESENTATION_CONTEXT('2D SPACE',''
  ) );
#4113 = PCURVE('',#99,#4114);
#4114 = DEFINITIONAL_REPRESENTATION('',(#4115),#4119);
#4115 = LINE('',#4116,#4117);
#4116 = CARTESIAN_POINT('',(-2.249999694824,2.310276026072E-06));
#4117 = VECTOR('',#4118,1.);
#4118 = DIRECTION('',(1.762479051592E-15,-1.));
#4119 = ( GEOMETRIC_REPRESENTATION_CONTEXT(2) 
PARAMETRIC_REPRESENTATION_CONTEXT() REPRESENTATION_CONTEXT('2D SPACE',''
  ) );
#4120 = ADVANCED_FACE('',(#4121),#4135,.F.);
#4121 = FACE_BOUND('',#4122,.F.);
#4122 = EDGE_LOOP('',(#4123,#4158,#4186,#4214));
#4123 = ORIENTED_EDGE('',*,*,#4124,.F.);
#4124 = EDGE_CURVE('',#4125,#4127,#4129,.T.);
#4125 = VERTEX_POINT('',#4126);
#4126 = CARTESIAN_POINT('',(1.9001,12.49,-2.05));
#4127 = VERTEX_POINT('',#4128);
#4128 = CARTESIAN_POINT('',(1.9001,12.49,-0.449999731779));
#4129 = SURFACE_CURVE('',#4130,(#4134,#4146),.PCURVE_S1.);
#4130 = LINE('',#4131,#4132);
#4131 = CARTESIAN_POINT('',(1.9001,12.49,-2.500000006139));
#4132 = VECTOR('',#4133,1.);
#4133 = DIRECTION('',(0.,0.,1.));
#4134 = PCURVE('',#4135,#4140);
#4135 = CYLINDRICAL_SURFACE('',#4136,1.5);
#4136 = AXIS2_PLACEMENT_3D('',#4137,#4138,#4139);
#4137 = CARTESIAN_POINT('',(3.4001,12.49,-2.500000006139));
#4138 = DIRECTION('',(0.,0.,-1.));
#4139 = DIRECTION('',(-0.707106781187,-0.707106781187,-0.));
#4140 = DEFINITIONAL_REPRESENTATION('',(#4141),#4145);
#4141 = LINE('',#4142,#4143);
#4142 = CARTESIAN_POINT('',(7.068583470577,0.));
#4143 = VECTOR('',#4144,1.);
#4144 = DIRECTION('',(0.,-1.));
#4145 = ( GEOMETRIC_REPRESENTATION_CONTEXT(2) 
PARAMETRIC_REPRESENTATION_CONTEXT() REPRESENTATION_CONTEXT('2D SPACE',''
  ) );
#4146 = PCURVE('',#4147,#4152);
#4147 = PLANE('',#4148);
#4148 = AXIS2_PLACEMENT_3D('',#4149,#4150,#4151);
#4149 = CARTESIAN_POINT('',(1.9001,10.99,-3.));
#4150 = DIRECTION('',(-1.,0.,0.));
#4151 = DIRECTION('',(0.,0.,1.));
#4152 = DEFINITIONAL_REPRESENTATION('',(#4153),#4157);
#4153 = LINE('',#4154,#4155);
#4154 = CARTESIAN_POINT('',(0.499999993861,1.5));
#4155 = VECTOR('',#4156,1.);
#4156 = DIRECTION('',(1.,0.));
#4157 = ( GEOMETRIC_REPRESENTATION_CONTEXT(2) 
PARAMETRIC_REPRESENTATION_CONTEXT() REPRESENTATION_CONTEXT('2D SPACE',''
  ) );
#4158 = ORIENTED_EDGE('',*,*,#4159,.F.);
#4159 = EDGE_CURVE('',#4160,#4125,#4162,.T.);
#4160 = VERTEX_POINT('',#4161);
#4161 = CARTESIAN_POINT('',(3.4001,10.99,-2.05));
#4162 = SURFACE_CURVE('',#4163,(#4168,#4175),.PCURVE_S1.);
#4163 = CIRCLE('',#4164,1.5);
#4164 = AXIS2_PLACEMENT_3D('',#4165,#4166,#4167);
#4165 = CARTESIAN_POINT('',(3.4001,12.49,-2.05));
#4166 = DIRECTION('',(0.,0.,-1.));
#4167 = DIRECTION('',(-0.707106781187,-0.707106781187,-0.));
#4168 = PCURVE('',#4135,#4169);
#4169 = DEFINITIONAL_REPRESENTATION('',(#4170),#4174);
#4170 = LINE('',#4171,#4172);
#4171 = CARTESIAN_POINT('',(0.,-0.450000006139));
#4172 = VECTOR('',#4173,1.);
#4173 = DIRECTION('',(1.,0.));
#4174 = ( GEOMETRIC_REPRESENTATION_CONTEXT(2) 
PARAMETRIC_REPRESENTATION_CONTEXT() REPRESENTATION_CONTEXT('2D SPACE',''
  ) );
#4175 = PCURVE('',#238,#4176);
#4176 = DEFINITIONAL_REPRESENTATION('',(#4177),#4185);
#4177 = ( BOUNDED_CURVE() B_SPLINE_CURVE(2,(#4178,#4179,#4180,#4181,
#4182,#4183,#4184),.UNSPECIFIED.,.T.,.F.) B_SPLINE_CURVE_WITH_KNOTS((1,2
    ,2,2,2,1),(-2.094395102393,0.,2.094395102393,4.188790204786,
6.28318530718,8.377580409573),.UNSPECIFIED.) CURVE() 
GEOMETRIC_REPRESENTATION_ITEM() RATIONAL_B_SPLINE_CURVE((1.,0.5,1.,0.5,
1.,0.5,1.)) REPRESENTATION_ITEM('') );
#4178 = CARTESIAN_POINT('',(14.56056017178,11.55066017178));
#4179 = CARTESIAN_POINT('',(16.397677478867,9.713542864692));
#4180 = CARTESIAN_POINT('',(13.888128567654,9.041111260566));
#4181 = CARTESIAN_POINT('',(11.37857965644,8.36867965644));
#4182 = CARTESIAN_POINT('',(12.051011260566,10.878228567654));
#4183 = CARTESIAN_POINT('',(12.723442864692,13.387777478867));
#4184 = CARTESIAN_POINT('',(14.56056017178,11.55066017178));
#4185 = ( GEOMETRIC_REPRESENTATION_CONTEXT(2) 
PARAMETRIC_REPRESENTATION_CONTEXT() REPRESENTATION_CONTEXT('2D SPACE',''
  ) );
#4186 = ORIENTED_EDGE('',*,*,#4187,.F.);
#4187 = EDGE_CURVE('',#4188,#4160,#4190,.T.);
#4188 = VERTEX_POINT('',#4189);
#4189 = CARTESIAN_POINT('',(3.4001,10.99,-0.449999731779));
#4190 = SURFACE_CURVE('',#4191,(#4195,#4202),.PCURVE_S1.);
#4191 = LINE('',#4192,#4193);
#4192 = CARTESIAN_POINT('',(3.4001,10.99,-2.500000006139));
#4193 = VECTOR('',#4194,1.);
#4194 = DIRECTION('',(0.,0.,-1.));
#4195 = PCURVE('',#4135,#4196);
#4196 = DEFINITIONAL_REPRESENTATION('',(#4197),#4201);
#4197 = LINE('',#4198,#4199);
#4198 = CARTESIAN_POINT('',(5.497787143782,0.));
#4199 = VECTOR('',#4200,1.);
#4200 = DIRECTION('',(0.,1.));
#4201 = ( GEOMETRIC_REPRESENTATION_CONTEXT(2) 
PARAMETRIC_REPRESENTATION_CONTEXT() REPRESENTATION_CONTEXT('2D SPACE',''
  ) );
#4202 = PCURVE('',#4203,#4208);
#4203 = PLANE('',#4204);
#4204 = AXIS2_PLACEMENT_3D('',#4205,#4206,#4207);
#4205 = CARTESIAN_POINT('',(31.9001,10.99,-2.000000012279));
#4206 = DIRECTION('',(0.,-1.,0.));
#4207 = DIRECTION('',(-1.,0.,3.063161954089E-33));
#4208 = DEFINITIONAL_REPRESENTATION('',(#4209),#4213);
#4209 = LINE('',#4210,#4211);
#4210 = CARTESIAN_POINT('',(28.5,0.499999993861));
#4211 = VECTOR('',#4212,1.);
#4212 = DIRECTION('',(-3.063161954089E-33,1.));
#4213 = ( GEOMETRIC_REPRESENTATION_CONTEXT(2) 
PARAMETRIC_REPRESENTATION_CONTEXT() REPRESENTATION_CONTEXT('2D SPACE',''
  ) );
#4214 = ORIENTED_EDGE('',*,*,#4215,.F.);
#4215 = EDGE_CURVE('',#4127,#4188,#4216,.T.);
#4216 = SURFACE_CURVE('',#4217,(#4222,#4229),.PCURVE_S1.);
#4217 = CIRCLE('',#4218,1.5);
#4218 = AXIS2_PLACEMENT_3D('',#4219,#4220,#4221);
#4219 = CARTESIAN_POINT('',(3.4001,12.49,-0.449999713898));
#4220 = DIRECTION('',(0.,0.,1.));
#4221 = DIRECTION('',(-0.707106781187,-0.707106781187,0.));
#4222 = PCURVE('',#4135,#4223);
#4223 = DEFINITIONAL_REPRESENTATION('',(#4224),#4228);
#4224 = LINE('',#4225,#4226);
#4225 = CARTESIAN_POINT('',(12.566370614359,-2.050000292242));
#4226 = VECTOR('',#4227,1.);
#4227 = DIRECTION('',(-1.,0.));
#4228 = ( GEOMETRIC_REPRESENTATION_CONTEXT(2) 
PARAMETRIC_REPRESENTATION_CONTEXT() REPRESENTATION_CONTEXT('2D SPACE',''
  ) );
#4229 = PCURVE('',#4230,#4235);
#4230 = PLANE('',#4231);
#4231 = AXIS2_PLACEMENT_3D('',#4232,#4233,#4234);
#4232 = CARTESIAN_POINT('',(16.9,22.98,-0.449999713898));
#4233 = DIRECTION('',(0.,0.,1.));
#4234 = DIRECTION('',(-1.,0.,0.));
#4235 = DEFINITIONAL_REPRESENTATION('',(#4236),#4240);
#4236 = CIRCLE('',#4237,1.5);
#4237 = AXIS2_PLACEMENT_2D('',#4238,#4239);
#4238 = CARTESIAN_POINT('',(13.4999,10.49));
#4239 = DIRECTION('',(0.707106781187,0.707106781187));
#4240 = ( GEOMETRIC_REPRESENTATION_CONTEXT(2) 
PARAMETRIC_REPRESENTATION_CONTEXT() REPRESENTATION_CONTEXT('2D SPACE',''
  ) );
#4241 = ADVANCED_FACE('',(#4242),#4203,.F.);
#4242 = FACE_BOUND('',#4243,.T.);
#4243 = EDGE_LOOP('',(#4244,#4245,#4268,#4296));
#4244 = ORIENTED_EDGE('',*,*,#4187,.F.);
#4245 = ORIENTED_EDGE('',*,*,#4246,.F.);
#4246 = EDGE_CURVE('',#4247,#4188,#4249,.T.);
#4247 = VERTEX_POINT('',#4248);
#4248 = CARTESIAN_POINT('',(30.4001,10.99,-0.449999731779));
#4249 = SURFACE_CURVE('',#4250,(#4254,#4261),.PCURVE_S1.);
#4250 = LINE('',#4251,#4252);
#4251 = CARTESIAN_POINT('',(24.40355,10.99,-0.449999731779));
#4252 = VECTOR('',#4253,1.);
#4253 = DIRECTION('',(-1.,0.,0.));
#4254 = PCURVE('',#4203,#4255);
#4255 = DEFINITIONAL_REPRESENTATION('',(#4256),#4260);
#4256 = LINE('',#4257,#4258);
#4257 = CARTESIAN_POINT('',(7.49655,-1.550000280499));
#4258 = VECTOR('',#4259,1.);
#4259 = DIRECTION('',(1.,3.063161954089E-33));
#4260 = ( GEOMETRIC_REPRESENTATION_CONTEXT(2) 
PARAMETRIC_REPRESENTATION_CONTEXT() REPRESENTATION_CONTEXT('2D SPACE',''
  ) );
#4261 = PCURVE('',#4230,#4262);
#4262 = DEFINITIONAL_REPRESENTATION('',(#4263),#4267);
#4263 = LINE('',#4264,#4265);
#4264 = CARTESIAN_POINT('',(-7.50355,11.99));
#4265 = VECTOR('',#4266,1.);
#4266 = DIRECTION('',(1.,0.));
#4267 = ( GEOMETRIC_REPRESENTATION_CONTEXT(2) 
PARAMETRIC_REPRESENTATION_CONTEXT() REPRESENTATION_CONTEXT('2D SPACE',''
  ) );
#4268 = ORIENTED_EDGE('',*,*,#4269,.F.);
#4269 = EDGE_CURVE('',#4270,#4247,#4272,.T.);
#4270 = VERTEX_POINT('',#4271);
#4271 = CARTESIAN_POINT('',(30.4001,10.99,-2.05));
#4272 = SURFACE_CURVE('',#4273,(#4277,#4284),.PCURVE_S1.);
#4273 = LINE('',#4274,#4275);
#4274 = CARTESIAN_POINT('',(30.4001,10.99,-2.000000012279));
#4275 = VECTOR('',#4276,1.);
#4276 = DIRECTION('',(0.,0.,1.));
#4277 = PCURVE('',#4203,#4278);
#4278 = DEFINITIONAL_REPRESENTATION('',(#4279),#4283);
#4279 = LINE('',#4280,#4281);
#4280 = CARTESIAN_POINT('',(1.5,4.594742931133E-33));
#4281 = VECTOR('',#4282,1.);
#4282 = DIRECTION('',(3.063161954089E-33,-1.));
#4283 = ( GEOMETRIC_REPRESENTATION_CONTEXT(2) 
PARAMETRIC_REPRESENTATION_CONTEXT() REPRESENTATION_CONTEXT('2D SPACE',''
  ) );
#4284 = PCURVE('',#4285,#4290);
#4285 = CYLINDRICAL_SURFACE('',#4286,1.5);
#4286 = AXIS2_PLACEMENT_3D('',#4287,#4288,#4289);
#4287 = CARTESIAN_POINT('',(30.4001,12.49,-2.000000012279));
#4288 = DIRECTION('',(0.,0.,-1.));
#4289 = DIRECTION('',(0.707106781187,-0.707106781187,0.));
#4290 = DEFINITIONAL_REPRESENTATION('',(#4291),#4295);
#4291 = LINE('',#4292,#4293);
#4292 = CARTESIAN_POINT('',(7.068583470577,0.));
#4293 = VECTOR('',#4294,1.);
#4294 = DIRECTION('',(0.,-1.));
#4295 = ( GEOMETRIC_REPRESENTATION_CONTEXT(2) 
PARAMETRIC_REPRESENTATION_CONTEXT() REPRESENTATION_CONTEXT('2D SPACE',''
  ) );
#4296 = ORIENTED_EDGE('',*,*,#4297,.F.);
#4297 = EDGE_CURVE('',#4160,#4270,#4298,.T.);
#4298 = SURFACE_CURVE('',#4299,(#4303,#4310),.PCURVE_S1.);
#4299 = LINE('',#4300,#4301);
#4300 = CARTESIAN_POINT('',(24.40355,10.99,-2.05));
#4301 = VECTOR('',#4302,1.);
#4302 = DIRECTION('',(1.,0.,0.));
#4303 = PCURVE('',#4203,#4304);
#4304 = DEFINITIONAL_REPRESENTATION('',(#4305),#4309);
#4305 = LINE('',#4306,#4307);
#4306 = CARTESIAN_POINT('',(7.49655,4.999998772144E-02));
#4307 = VECTOR('',#4308,1.);
#4308 = DIRECTION('',(-1.,-3.063161954089E-33));
#4309 = ( GEOMETRIC_REPRESENTATION_CONTEXT(2) 
PARAMETRIC_REPRESENTATION_CONTEXT() REPRESENTATION_CONTEXT('2D SPACE',''
  ) );
#4310 = PCURVE('',#238,#4311);
#4311 = DEFINITIONAL_REPRESENTATION('',(#4312),#4316);
#4312 = LINE('',#4313,#4314);
#4313 = CARTESIAN_POINT('',(-7.50355,11.99));
#4314 = VECTOR('',#4315,1.);
#4315 = DIRECTION('',(-1.,0.));
#4316 = ( GEOMETRIC_REPRESENTATION_CONTEXT(2) 
PARAMETRIC_REPRESENTATION_CONTEXT() REPRESENTATION_CONTEXT('2D SPACE',''
  ) );
#4317 = ADVANCED_FACE('',(#4318),#4285,.F.);
#4318 = FACE_BOUND('',#4319,.F.);
#4319 = EDGE_LOOP('',(#4320,#4321,#4349,#4377));
#4320 = ORIENTED_EDGE('',*,*,#4269,.F.);
#4321 = ORIENTED_EDGE('',*,*,#4322,.F.);
#4322 = EDGE_CURVE('',#4323,#4270,#4325,.T.);
#4323 = VERTEX_POINT('',#4324);
#4324 = CARTESIAN_POINT('',(31.9001,12.49,-2.05));
#4325 = SURFACE_CURVE('',#4326,(#4331,#4338),.PCURVE_S1.);
#4326 = CIRCLE('',#4327,1.5);
#4327 = AXIS2_PLACEMENT_3D('',#4328,#4329,#4330);
#4328 = CARTESIAN_POINT('',(30.4001,12.49,-2.05));
#4329 = DIRECTION('',(0.,0.,-1.));
#4330 = DIRECTION('',(0.707106781187,-0.707106781187,0.));
#4331 = PCURVE('',#4285,#4332);
#4332 = DEFINITIONAL_REPRESENTATION('',(#4333),#4337);
#4333 = LINE('',#4334,#4335);
#4334 = CARTESIAN_POINT('',(-8.881784197001E-16,4.999998772144E-02));
#4335 = VECTOR('',#4336,1.);
#4336 = DIRECTION('',(1.,0.));
#4337 = ( GEOMETRIC_REPRESENTATION_CONTEXT(2) 
PARAMETRIC_REPRESENTATION_CONTEXT() REPRESENTATION_CONTEXT('2D SPACE',''
  ) );
#4338 = PCURVE('',#238,#4339);
#4339 = DEFINITIONAL_REPRESENTATION('',(#4340),#4348);
#4340 = ( BOUNDED_CURVE() B_SPLINE_CURVE(2,(#4341,#4342,#4343,#4344,
#4345,#4346,#4347),.UNSPECIFIED.,.T.,.F.) B_SPLINE_CURVE_WITH_KNOTS((1,2
    ,2,2,2,1),(-2.094395102393,0.,2.094395102393,4.188790204786,
6.28318530718,8.377580409573),.UNSPECIFIED.) CURVE() 
GEOMETRIC_REPRESENTATION_ITEM() RATIONAL_B_SPLINE_CURVE((1.,0.5,1.,0.5,
1.,0.5,1.)) REPRESENTATION_ITEM('') );
#4341 = CARTESIAN_POINT('',(-14.56076017178,11.55066017178));
#4342 = CARTESIAN_POINT('',(-12.72364286469,13.387777478867));
#4343 = CARTESIAN_POINT('',(-12.05121126056,10.878228567654));
#4344 = CARTESIAN_POINT('',(-11.37877965644,8.36867965644));
#4345 = CARTESIAN_POINT('',(-13.88832856765,9.041111260566));
#4346 = CARTESIAN_POINT('',(-16.39787747886,9.713542864692));
#4347 = CARTESIAN_POINT('',(-14.56076017178,11.55066017178));
#4348 = ( GEOMETRIC_REPRESENTATION_CONTEXT(2) 
PARAMETRIC_REPRESENTATION_CONTEXT() REPRESENTATION_CONTEXT('2D SPACE',''
  ) );
#4349 = ORIENTED_EDGE('',*,*,#4350,.F.);
#4350 = EDGE_CURVE('',#4351,#4323,#4353,.T.);
#4351 = VERTEX_POINT('',#4352);
#4352 = CARTESIAN_POINT('',(31.9001,12.49,-0.449999731779));
#4353 = SURFACE_CURVE('',#4354,(#4358,#4365),.PCURVE_S1.);
#4354 = LINE('',#4355,#4356);
#4355 = CARTESIAN_POINT('',(31.9001,12.49,-2.000000012279));
#4356 = VECTOR('',#4357,1.);
#4357 = DIRECTION('',(0.,0.,-1.));
#4358 = PCURVE('',#4285,#4359);
#4359 = DEFINITIONAL_REPRESENTATION('',(#4360),#4364);
#4360 = LINE('',#4361,#4362);
#4361 = CARTESIAN_POINT('',(5.497787143782,0.));
#4362 = VECTOR('',#4363,1.);
#4363 = DIRECTION('',(0.,1.));
#4364 = ( GEOMETRIC_REPRESENTATION_CONTEXT(2) 
PARAMETRIC_REPRESENTATION_CONTEXT() REPRESENTATION_CONTEXT('2D SPACE',''
  ) );
#4365 = PCURVE('',#4366,#4371);
#4366 = PLANE('',#4367);
#4367 = AXIS2_PLACEMENT_3D('',#4368,#4369,#4370);
#4368 = CARTESIAN_POINT('',(31.9001,10.99,-2.000000012279));
#4369 = DIRECTION('',(1.,0.,0.));
#4370 = DIRECTION('',(0.,0.,-1.));
#4371 = DEFINITIONAL_REPRESENTATION('',(#4372),#4376);
#4372 = LINE('',#4373,#4374);
#4373 = CARTESIAN_POINT('',(0.,1.5));
#4374 = VECTOR('',#4375,1.);
#4375 = DIRECTION('',(1.,0.));
#4376 = ( GEOMETRIC_REPRESENTATION_CONTEXT(2) 
PARAMETRIC_REPRESENTATION_CONTEXT() REPRESENTATION_CONTEXT('2D SPACE',''
  ) );
#4377 = ORIENTED_EDGE('',*,*,#4378,.F.);
#4378 = EDGE_CURVE('',#4247,#4351,#4379,.T.);
#4379 = SURFACE_CURVE('',#4380,(#4385,#4392),.PCURVE_S1.);
#4380 = CIRCLE('',#4381,1.5);
#4381 = AXIS2_PLACEMENT_3D('',#4382,#4383,#4384);
#4382 = CARTESIAN_POINT('',(30.4001,12.49,-0.449999713898));
#4383 = DIRECTION('',(-0.,0.,1.));
#4384 = DIRECTION('',(0.707106781187,-0.707106781187,0.));
#4385 = PCURVE('',#4285,#4386);
#4386 = DEFINITIONAL_REPRESENTATION('',(#4387),#4391);
#4387 = LINE('',#4388,#4389);
#4388 = CARTESIAN_POINT('',(12.566370614359,-1.550000298381));
#4389 = VECTOR('',#4390,1.);
#4390 = DIRECTION('',(-1.,0.));
#4391 = ( GEOMETRIC_REPRESENTATION_CONTEXT(2) 
PARAMETRIC_REPRESENTATION_CONTEXT() REPRESENTATION_CONTEXT('2D SPACE',''
  ) );
#4392 = PCURVE('',#4230,#4393);
#4393 = DEFINITIONAL_REPRESENTATION('',(#4394),#4398);
#4394 = CIRCLE('',#4395,1.5);
#4395 = AXIS2_PLACEMENT_2D('',#4396,#4397);
#4396 = CARTESIAN_POINT('',(-13.5001,10.49));
#4397 = DIRECTION('',(-0.707106781187,0.707106781187));
#4398 = ( GEOMETRIC_REPRESENTATION_CONTEXT(2) 
PARAMETRIC_REPRESENTATION_CONTEXT() REPRESENTATION_CONTEXT('2D SPACE',''
  ) );
#4399 = ADVANCED_FACE('',(#4400),#4366,.F.);
#4400 = FACE_BOUND('',#4401,.T.);
#4401 = EDGE_LOOP('',(#4402,#4403,#4426,#4454));
#4402 = ORIENTED_EDGE('',*,*,#4350,.F.);
#4403 = ORIENTED_EDGE('',*,*,#4404,.F.);
#4404 = EDGE_CURVE('',#4405,#4351,#4407,.T.);
#4405 = VERTEX_POINT('',#4406);
#4406 = CARTESIAN_POINT('',(31.9001,39.49,-0.449999731779));
#4407 = SURFACE_CURVE('',#4408,(#4412,#4419),.PCURVE_S1.);
#4408 = LINE('',#4409,#4410);
#4409 = CARTESIAN_POINT('',(31.9001,16.985,-0.449999731779));
#4410 = VECTOR('',#4411,1.);
#4411 = DIRECTION('',(0.,-1.,0.));
#4412 = PCURVE('',#4366,#4413);
#4413 = DEFINITIONAL_REPRESENTATION('',(#4414),#4418);
#4414 = LINE('',#4415,#4416);
#4415 = CARTESIAN_POINT('',(-1.550000280499,5.995));
#4416 = VECTOR('',#4417,1.);
#4417 = DIRECTION('',(0.,-1.));
#4418 = ( GEOMETRIC_REPRESENTATION_CONTEXT(2) 
PARAMETRIC_REPRESENTATION_CONTEXT() REPRESENTATION_CONTEXT('2D SPACE',''
  ) );
#4419 = PCURVE('',#4230,#4420);
#4420 = DEFINITIONAL_REPRESENTATION('',(#4421),#4425);
#4421 = LINE('',#4422,#4423);
#4422 = CARTESIAN_POINT('',(-15.0001,5.995));
#4423 = VECTOR('',#4424,1.);
#4424 = DIRECTION('',(0.,1.));
#4425 = ( GEOMETRIC_REPRESENTATION_CONTEXT(2) 
PARAMETRIC_REPRESENTATION_CONTEXT() REPRESENTATION_CONTEXT('2D SPACE',''
  ) );
#4426 = ORIENTED_EDGE('',*,*,#4427,.F.);
#4427 = EDGE_CURVE('',#4428,#4405,#4430,.T.);
#4428 = VERTEX_POINT('',#4429);
#4429 = CARTESIAN_POINT('',(31.9001,39.49,-2.05));
#4430 = SURFACE_CURVE('',#4431,(#4435,#4442),.PCURVE_S1.);
#4431 = LINE('',#4432,#4433);
#4432 = CARTESIAN_POINT('',(31.9001,39.49,-2.000000012279));
#4433 = VECTOR('',#4434,1.);
#4434 = DIRECTION('',(0.,0.,1.));
#4435 = PCURVE('',#4366,#4436);
#4436 = DEFINITIONAL_REPRESENTATION('',(#4437),#4441);
#4437 = LINE('',#4438,#4439);
#4438 = CARTESIAN_POINT('',(0.,28.5));
#4439 = VECTOR('',#4440,1.);
#4440 = DIRECTION('',(-1.,0.));
#4441 = ( GEOMETRIC_REPRESENTATION_CONTEXT(2) 
PARAMETRIC_REPRESENTATION_CONTEXT() REPRESENTATION_CONTEXT('2D SPACE',''
  ) );
#4442 = PCURVE('',#4443,#4448);
#4443 = CYLINDRICAL_SURFACE('',#4444,1.5);
#4444 = AXIS2_PLACEMENT_3D('',#4445,#4446,#4447);
#4445 = CARTESIAN_POINT('',(30.4001,39.49,-2.000000012279));
#4446 = DIRECTION('',(0.,0.,-1.));
#4447 = DIRECTION('',(0.707106781187,0.707106781187,0.));
#4448 = DEFINITIONAL_REPRESENTATION('',(#4449),#4453);
#4449 = LINE('',#4450,#4451);
#4450 = CARTESIAN_POINT('',(7.068583470577,0.));
#4451 = VECTOR('',#4452,1.);
#4452 = DIRECTION('',(0.,-1.));
#4453 = ( GEOMETRIC_REPRESENTATION_CONTEXT(2) 
PARAMETRIC_REPRESENTATION_CONTEXT() REPRESENTATION_CONTEXT('2D SPACE',''
  ) );
#4454 = ORIENTED_EDGE('',*,*,#4455,.F.);
#4455 = EDGE_CURVE('',#4323,#4428,#4456,.T.);
#4456 = SURFACE_CURVE('',#4457,(#4461,#4468),.PCURVE_S1.);
#4457 = LINE('',#4458,#4459);
#4458 = CARTESIAN_POINT('',(31.9001,31.985,-2.05));
#4459 = VECTOR('',#4460,1.);
#4460 = DIRECTION('',(0.,1.,0.));
#4461 = PCURVE('',#4366,#4462);
#4462 = DEFINITIONAL_REPRESENTATION('',(#4463),#4467);
#4463 = LINE('',#4464,#4465);
#4464 = CARTESIAN_POINT('',(4.999998772144E-02,20.995));
#4465 = VECTOR('',#4466,1.);
#4466 = DIRECTION('',(0.,1.));
#4467 = ( GEOMETRIC_REPRESENTATION_CONTEXT(2) 
PARAMETRIC_REPRESENTATION_CONTEXT() REPRESENTATION_CONTEXT('2D SPACE',''
  ) );
#4468 = PCURVE('',#238,#4469);
#4469 = DEFINITIONAL_REPRESENTATION('',(#4470),#4474);
#4470 = LINE('',#4471,#4472);
#4471 = CARTESIAN_POINT('',(-15.0001,-9.005));
#4472 = VECTOR('',#4473,1.);
#4473 = DIRECTION('',(0.,-1.));
#4474 = ( GEOMETRIC_REPRESENTATION_CONTEXT(2) 
PARAMETRIC_REPRESENTATION_CONTEXT() REPRESENTATION_CONTEXT('2D SPACE',''
  ) );
#4475 = ADVANCED_FACE('',(#4476),#4443,.F.);
#4476 = FACE_BOUND('',#4477,.F.);
#4477 = EDGE_LOOP('',(#4478,#4607,#4636,#4664,#4686,#4687));
#4478 = ORIENTED_EDGE('',*,*,#4479,.F.);
#4479 = EDGE_CURVE('',#4480,#4482,#4484,.T.);
#4480 = VERTEX_POINT('',#4481);
#4481 = CARTESIAN_POINT('',(31.408091205983,40.600834699072,-2.85));
#4482 = VERTEX_POINT('',#4483);
#4483 = CARTESIAN_POINT('',(31.835726660756,39.924713803471,-2.05));
#4484 = SURFACE_CURVE('',#4485,(#4500,#4551),.PCURVE_S1.);
#4485 = B_SPLINE_CURVE_WITH_KNOTS('',3,(#4486,#4487,#4488,#4489,#4490,
    #4491,#4492,#4493,#4494,#4495,#4496,#4497,#4498,#4499),
  .UNSPECIFIED.,.F.,.F.,(4,2,2,2,2,2,4),(-0.746960309418,-0.746343672849
    ,-0.713614017543,-0.679597580657,-0.644101944468,-0.610138804704,
    -0.603032269722),.UNSPECIFIED.);
#4486 = CARTESIAN_POINT('',(31.408091205983,40.600834699072,-2.85));
#4487 = CARTESIAN_POINT('',(31.409416417015,40.599632178959,
    -2.849999999999));
#4488 = CARTESIAN_POINT('',(31.410740003291,40.598426809076,
    -2.849994408058));
#4489 = CARTESIAN_POINT('',(31.482227854402,40.533089227404,
    -2.849387872491));
#4490 = CARTESIAN_POINT('',(31.544750270396,40.463543427266,
    -2.833040680928));
#4491 = CARTESIAN_POINT('',(31.654514086491,40.317706859115,
    -2.765273237129));
#4492 = CARTESIAN_POINT('',(31.698854973146,40.244200028415,
    -2.713756117838));
#4493 = CARTESIAN_POINT('',(31.768862682791,40.10851993966,
    -2.578665982927));
#4494 = CARTESIAN_POINT('',(31.793064638757,40.048443133181,
    -2.495138680107));
#4495 = CARTESIAN_POINT('',(31.824599292402,39.962042730348,
    -2.311709616035));
#4496 = CARTESIAN_POINT('',(31.832548166693,39.935153084058,
    -2.214113692448));
#4497 = CARTESIAN_POINT('',(31.835476305992,39.925543203154,
    -2.092206351172));
#4498 = CARTESIAN_POINT('',(31.835726660756,39.924713803471,
    -2.071091101236));
#4499 = CARTESIAN_POINT('',(31.835726660756,39.924713803471,-2.05));
#4500 = PCURVE('',#4443,#4501);
#4501 = DEFINITIONAL_REPRESENTATION('',(#4502),#4550);
#4502 = B_SPLINE_CURVE_WITH_KNOTS('',3,(#4503,#4504,#4505,#4506,#4507,
    #4508,#4509,#4510,#4511,#4512,#4513,#4514,#4515,#4516,#4517,#4518,
    #4519,#4520,#4521,#4522,#4523,#4524,#4525,#4526,#4527,#4528,#4529,
    #4530,#4531,#4532,#4533,#4534,#4535,#4536,#4537,#4538,#4539,#4540,
    #4541,#4542,#4543,#4544,#4545,#4546,#4547,#4548,#4549),
  .UNSPECIFIED.,.F.,.F.,(4,1,1,1,1,1,1,1,1,1,1,1,1,1,1,1,1,1,1,1,1,1,1,1
    ,1,1,1,1,1,1,1,1,1,1,1,1,1,1,1,1,1,1,1,1,4),(-0.746960309418,
    -0.743689217607,-0.740418125796,-0.737147033984,-0.733875942173,
    -0.730604850362,-0.727333758551,-0.724062666739,-0.720791574928,
    -0.717520483117,-0.714249391306,-0.710978299494,-0.707707207683,
    -0.704436115872,-0.70116502406,-0.697893932249,-0.694622840438,
    -0.691351748627,-0.688080656815,-0.684809565004,-0.681538473193,
    -0.678267381381,-0.67499628957,-0.671725197759,-0.668454105948,
    -0.665183014136,-0.661911922325,-0.658640830514,-0.655369738703,
    -0.652098646891,-0.64882755508,-0.645556463269,-0.642285371457,
    -0.639014279646,-0.635743187835,-0.632472096024,-0.629201004212,
    -0.625929912401,-0.62265882059,-0.619387728779,-0.616116636967,
    -0.612845545156,-0.609574453345,-0.606303361533,-0.603032269722),
  .QUASI_UNIFORM_KNOTS.);
#4503 = CARTESIAN_POINT('',(6.234685407937,0.849999987721));
#4504 = CARTESIAN_POINT('',(6.241022114578,0.849999814902));
#4505 = CARTESIAN_POINT('',(6.253671341125,0.849685170028));
#4506 = CARTESIAN_POINT('',(6.272564363666,0.848263592703));
#4507 = CARTESIAN_POINT('',(6.291367036183,0.845885730418));
#4508 = CARTESIAN_POINT('',(6.310074290765,0.842544777463));
#4509 = CARTESIAN_POINT('',(6.328679462755,0.838233970334));
#4510 = CARTESIAN_POINT('',(6.347176028513,0.83294650746));
#4511 = CARTESIAN_POINT('',(6.365556909799,0.826675697343));
#4512 = CARTESIAN_POINT('',(6.383815711456,0.819414446255));
#4513 = CARTESIAN_POINT('',(6.401942657192,0.811157159313));
#4514 = CARTESIAN_POINT('',(6.419939796345,0.801892648487));
#4515 = CARTESIAN_POINT('',(6.437764424035,0.791630599491));
#4516 = CARTESIAN_POINT('',(6.455274942727,0.780448827245));
#4517 = CARTESIAN_POINT('',(6.472493191225,0.768344722652));
#4518 = CARTESIAN_POINT('',(6.489400485094,0.755335151234));
#4519 = CARTESIAN_POINT('',(6.505988203972,0.741431754688));
#4520 = CARTESIAN_POINT('',(6.522244268287,0.726647595396));
#4521 = CARTESIAN_POINT('',(6.538156882134,0.710995276831));
#4522 = CARTESIAN_POINT('',(6.553713312512,0.694487817406));
#4523 = CARTESIAN_POINT('',(6.568901245417,0.677137034691));
#4524 = CARTESIAN_POINT('',(6.58370478473,0.658959134685));
#4525 = CARTESIAN_POINT('',(6.59811928794,0.639953970513));
#4526 = CARTESIAN_POINT('',(6.612070094735,0.62021685989));
#4527 = CARTESIAN_POINT('',(6.62554782492,0.599766997975));
#4528 = CARTESIAN_POINT('',(6.638540175315,0.578625046561));
#4529 = CARTESIAN_POINT('',(6.651035005553,0.556811275151));
#4530 = CARTESIAN_POINT('',(6.663019537546,0.534346055785));
#4531 = CARTESIAN_POINT('',(6.67448059206,0.511249742635));
#4532 = CARTESIAN_POINT('',(6.685404558522,0.487542658814));
#4533 = CARTESIAN_POINT('',(6.695777391112,0.463245269531));
#4534 = CARTESIAN_POINT('',(6.705584764232,0.438377502676));
#4535 = CARTESIAN_POINT('',(6.714811563804,0.41296129332));
#4536 = CARTESIAN_POINT('',(6.72344387791,0.38701108513));
#4537 = CARTESIAN_POINT('',(6.731436806414,0.360644414922));
#4538 = CARTESIAN_POINT('',(6.738785961592,0.333874304611));
#4539 = CARTESIAN_POINT('',(6.74548058575,0.306729131136));
#4540 = CARTESIAN_POINT('',(6.751511492734,0.279233141163));
#4541 = CARTESIAN_POINT('',(6.756868920078,0.251411747426));
#4542 = CARTESIAN_POINT('',(6.76154310395,0.223289828668));
#4543 = CARTESIAN_POINT('',(6.765524088094,0.194893233522));
#4544 = CARTESIAN_POINT('',(6.768801914545,0.166244465055));
#4545 = CARTESIAN_POINT('',(6.771366098869,0.137378438706));
#4546 = CARTESIAN_POINT('',(6.773207636603,0.108283765991));
#4547 = CARTESIAN_POINT('',(6.774311108512,7.913548618277E-02));
#4548 = CARTESIAN_POINT('',(6.774556383496,5.970229597185E-02));
#4549 = CARTESIAN_POINT('',(6.77455599188,4.999998772144E-02));
#4550 = ( GEOMETRIC_REPRESENTATION_CONTEXT(2) 
PARAMETRIC_REPRESENTATION_CONTEXT() REPRESENTATION_CONTEXT('2D SPACE',''
  ) );
#4551 = PCURVE('',#4552,#4557);
#4552 = TOROIDAL_SURFACE('',#4553,2.8,0.8);
#4553 = AXIS2_PLACEMENT_3D('',#4554,#4555,#4556);
#4554 = CARTESIAN_POINT('',(29.9,42.96,-2.05));
#4555 = DIRECTION('',(0.,0.,-1.));
#4556 = DIRECTION('',(0.111108352871,0.993808298377,0.));
#4557 = DEFINITIONAL_REPRESENTATION('',(#4558),#4606);
#4558 = B_SPLINE_CURVE_WITH_KNOTS('',3,(#4559,#4560,#4561,#4562,#4563,
    #4564,#4565,#4566,#4567,#4568,#4569,#4570,#4571,#4572,#4573,#4574,
    #4575,#4576,#4577,#4578,#4579,#4580,#4581,#4582,#4583,#4584,#4585,
    #4586,#4587,#4588,#4589,#4590,#4591,#4592,#4593,#4594,#4595,#4596,
    #4597,#4598,#4599,#4600,#4601,#4602,#4603,#4604,#4605),
  .UNSPECIFIED.,.F.,.F.,(4,1,1,1,1,1,1,1,1,1,1,1,1,1,1,1,1,1,1,1,1,1,1,1
    ,1,1,1,1,1,1,1,1,1,1,1,1,1,1,1,1,1,1,1,1,4),(-0.746960309418,
    -0.743689217607,-0.740418125796,-0.737147033984,-0.733875942173,
    -0.730604850362,-0.727333758551,-0.724062666739,-0.720791574928,
    -0.717520483117,-0.714249391306,-0.710978299494,-0.707707207683,
    -0.704436115872,-0.70116502406,-0.697893932249,-0.694622840438,
    -0.691351748627,-0.688080656815,-0.684809565004,-0.681538473193,
    -0.678267381381,-0.67499628957,-0.671725197759,-0.668454105948,
    -0.665183014136,-0.661911922325,-0.658640830514,-0.655369738703,
    -0.652098646891,-0.64882755508,-0.645556463269,-0.642285371457,
    -0.639014279646,-0.635743187835,-0.632472096024,-0.629201004212,
    -0.625929912401,-0.62265882059,-0.619387728779,-0.616116636967,
    -0.612845545156,-0.609574453345,-0.606303361533,-0.603032269722),
  .QUASI_UNIFORM_KNOTS.);
#4559 = CARTESIAN_POINT('',(8.744660346332,1.5707963262));
#4560 = CARTESIAN_POINT('',(8.743770734296,1.559330079784));
#4561 = CARTESIAN_POINT('',(8.742075526777,1.536373622045));
#4562 = CARTESIAN_POINT('',(8.739776160028,1.501861295678));
#4563 = CARTESIAN_POINT('',(8.737711745926,1.467268707023));
#4564 = CARTESIAN_POINT('',(8.735873396183,1.432582304761));
#4565 = CARTESIAN_POINT('',(8.734252682656,1.39778955179));
#4566 = CARTESIAN_POINT('',(8.732841410299,1.36287558821));
#4567 = CARTESIAN_POINT('',(8.731631693096,1.327824680479));
#4568 = CARTESIAN_POINT('',(8.730615890718,1.292617900134));
#4569 = CARTESIAN_POINT('',(8.72978678989,1.257241193729));
#4570 = CARTESIAN_POINT('',(8.729136938112,1.221655757038));
#4571 = CARTESIAN_POINT('',(8.728661116454,1.185908904595));
#4572 = CARTESIAN_POINT('',(8.728351301786,1.150250358933));
#4573 = CARTESIAN_POINT('',(8.728194071261,1.114606798434));
#4574 = CARTESIAN_POINT('',(8.728177986168,1.078983139057));
#4575 = CARTESIAN_POINT('',(8.728291710254,1.043363121251));
#4576 = CARTESIAN_POINT('',(8.728524478728,1.007735976848));
#4577 = CARTESIAN_POINT('',(8.728865948285,0.972089077443));
#4578 = CARTESIAN_POINT('',(8.729306175915,0.93641053811));
#4579 = CARTESIAN_POINT('',(8.729835705274,0.900685983202));
#4580 = CARTESIAN_POINT('',(8.730445097865,0.864908677711));
#4581 = CARTESIAN_POINT('',(8.731126581229,0.829042008574));
#4582 = CARTESIAN_POINT('',(8.731865174403,0.793223670353));
#4583 = CARTESIAN_POINT('',(8.732651142549,0.75743694538));
#4584 = CARTESIAN_POINT('',(8.73347508958,0.721670099887));
#4585 = CARTESIAN_POINT('',(8.734327894477,0.685910335407));
#4586 = CARTESIAN_POINT('',(8.735200694573,0.650145305924));
#4587 = CARTESIAN_POINT('',(8.736084857277,0.614362619863));
#4588 = CARTESIAN_POINT('',(8.736971956165,0.578549801338));
#4589 = CARTESIAN_POINT('',(8.737853745472,0.542694403363));
#4590 = CARTESIAN_POINT('',(8.738722140311,0.506783037415));
#4591 = CARTESIAN_POINT('',(8.739569178536,0.47080457898));
#4592 = CARTESIAN_POINT('',(8.74038705259,0.434737756282));
#4593 = CARTESIAN_POINT('',(8.741163095446,0.398700313605));
#4594 = CARTESIAN_POINT('',(8.741894155221,0.362662489816));
#4595 = CARTESIAN_POINT('',(8.742575523827,0.326616351702));
#4596 = CARTESIAN_POINT('',(8.743202885164,0.290547939605));
#4597 = CARTESIAN_POINT('',(8.743771778393,0.254444714639));
#4598 = CARTESIAN_POINT('',(8.744277717064,0.218293105116));
#4599 = CARTESIAN_POINT('',(8.744716168434,0.182080377805));
#4600 = CARTESIAN_POINT('',(8.745082434452,0.145789141545));
#4601 = CARTESIAN_POINT('',(8.745372063604,0.109417035339));
#4602 = CARTESIAN_POINT('',(8.745579234944,7.290309303095E-02));
#4603 = CARTESIAN_POINT('',(8.745703055329,3.641936641869E-02));
#4604 = CARTESIAN_POINT('',(8.745730614801,1.21278709366E-02));
#4605 = CARTESIAN_POINT('',(8.745730708688,0.));
#4606 = ( GEOMETRIC_REPRESENTATION_CONTEXT(2) 
PARAMETRIC_REPRESENTATION_CONTEXT() REPRESENTATION_CONTEXT('2D SPACE',''
  ) );
#4607 = ORIENTED_EDGE('',*,*,#4608,.F.);
#4608 = EDGE_CURVE('',#4609,#4480,#4611,.T.);
#4609 = VERTEX_POINT('',#4610);
#4610 = CARTESIAN_POINT('',(30.4001,40.99,-2.85));
#4611 = SURFACE_CURVE('',#4612,(#4617,#4624),.PCURVE_S1.);
#4612 = CIRCLE('',#4613,1.5);
#4613 = AXIS2_PLACEMENT_3D('',#4614,#4615,#4616);
#4614 = CARTESIAN_POINT('',(30.4001,39.49,-2.85));
#4615 = DIRECTION('',(0.,0.,-1.));
#4616 = DIRECTION('',(0.707106781187,0.707106781187,0.));
#4617 = PCURVE('',#4443,#4618);
#4618 = DEFINITIONAL_REPRESENTATION('',(#4619),#4623);
#4619 = LINE('',#4620,#4621);
#4620 = CARTESIAN_POINT('',(-1.7763568394E-15,0.849999987721));
#4621 = VECTOR('',#4622,1.);
#4622 = DIRECTION('',(1.,0.));
#4623 = ( GEOMETRIC_REPRESENTATION_CONTEXT(2) 
PARAMETRIC_REPRESENTATION_CONTEXT() REPRESENTATION_CONTEXT('2D SPACE',''
  ) );
#4624 = PCURVE('',#4625,#4630);
#4625 = PLANE('',#4626);
#4626 = AXIS2_PLACEMENT_3D('',#4627,#4628,#4629);
#4627 = CARTESIAN_POINT('',(16.9,23.23,-2.85));
#4628 = DIRECTION('',(0.,0.,-1.));
#4629 = DIRECTION('',(1.,0.,0.));
#4630 = DEFINITIONAL_REPRESENTATION('',(#4631),#4635);
#4631 = CIRCLE('',#4632,1.5);
#4632 = AXIS2_PLACEMENT_2D('',#4633,#4634);
#4633 = CARTESIAN_POINT('',(13.5001,-16.26));
#4634 = DIRECTION('',(0.707106781187,-0.707106781187));
#4635 = ( GEOMETRIC_REPRESENTATION_CONTEXT(2) 
PARAMETRIC_REPRESENTATION_CONTEXT() REPRESENTATION_CONTEXT('2D SPACE',''
  ) );
#4636 = ORIENTED_EDGE('',*,*,#4637,.F.);
#4637 = EDGE_CURVE('',#4638,#4609,#4640,.T.);
#4638 = VERTEX_POINT('',#4639);
#4639 = CARTESIAN_POINT('',(30.4001,40.99,-0.449999713898));
#4640 = SURFACE_CURVE('',#4641,(#4645,#4652),.PCURVE_S1.);
#4641 = LINE('',#4642,#4643);
#4642 = CARTESIAN_POINT('',(30.4001,40.99,-2.000000012279));
#4643 = VECTOR('',#4644,1.);
#4644 = DIRECTION('',(0.,0.,-1.));
#4645 = PCURVE('',#4443,#4646);
#4646 = DEFINITIONAL_REPRESENTATION('',(#4647),#4651);
#4647 = LINE('',#4648,#4649);
#4648 = CARTESIAN_POINT('',(5.497787143782,0.));
#4649 = VECTOR('',#4650,1.);
#4650 = DIRECTION('',(0.,1.));
#4651 = ( GEOMETRIC_REPRESENTATION_CONTEXT(2) 
PARAMETRIC_REPRESENTATION_CONTEXT() REPRESENTATION_CONTEXT('2D SPACE',''
  ) );
#4652 = PCURVE('',#4653,#4658);
#4653 = PLANE('',#4654);
#4654 = AXIS2_PLACEMENT_3D('',#4655,#4656,#4657);
#4655 = CARTESIAN_POINT('',(31.9001,40.99,-2.000000012279));
#4656 = DIRECTION('',(0.,1.,0.));
#4657 = DIRECTION('',(0.,0.,1.));
#4658 = DEFINITIONAL_REPRESENTATION('',(#4659),#4663);
#4659 = LINE('',#4660,#4661);
#4660 = CARTESIAN_POINT('',(0.,-1.5));
#4661 = VECTOR('',#4662,1.);
#4662 = DIRECTION('',(-1.,0.));
#4663 = ( GEOMETRIC_REPRESENTATION_CONTEXT(2) 
PARAMETRIC_REPRESENTATION_CONTEXT() REPRESENTATION_CONTEXT('2D SPACE',''
  ) );
#4664 = ORIENTED_EDGE('',*,*,#4665,.F.);
#4665 = EDGE_CURVE('',#4405,#4638,#4666,.T.);
#4666 = SURFACE_CURVE('',#4667,(#4672,#4679),.PCURVE_S1.);
#4667 = CIRCLE('',#4668,1.5);
#4668 = AXIS2_PLACEMENT_3D('',#4669,#4670,#4671);
#4669 = CARTESIAN_POINT('',(30.4001,39.49,-0.449999713898));
#4670 = DIRECTION('',(0.,-0.,1.));
#4671 = DIRECTION('',(0.707106781187,0.707106781187,0.));
#4672 = PCURVE('',#4443,#4673);
#4673 = DEFINITIONAL_REPRESENTATION('',(#4674),#4678);
#4674 = LINE('',#4675,#4676);
#4675 = CARTESIAN_POINT('',(12.566370614359,-1.550000298381));
#4676 = VECTOR('',#4677,1.);
#4677 = DIRECTION('',(-1.,0.));
#4678 = ( GEOMETRIC_REPRESENTATION_CONTEXT(2) 
PARAMETRIC_REPRESENTATION_CONTEXT() REPRESENTATION_CONTEXT('2D SPACE',''
  ) );
#4679 = PCURVE('',#4230,#4680);
#4680 = DEFINITIONAL_REPRESENTATION('',(#4681),#4685);
#4681 = CIRCLE('',#4682,1.5);
#4682 = AXIS2_PLACEMENT_2D('',#4683,#4684);
#4683 = CARTESIAN_POINT('',(-13.5001,-16.51));
#4684 = DIRECTION('',(-0.707106781187,-0.707106781187));
#4685 = ( GEOMETRIC_REPRESENTATION_CONTEXT(2) 
PARAMETRIC_REPRESENTATION_CONTEXT() REPRESENTATION_CONTEXT('2D SPACE',''
  ) );
#4686 = ORIENTED_EDGE('',*,*,#4427,.F.);
#4687 = ORIENTED_EDGE('',*,*,#4688,.F.);
#4688 = EDGE_CURVE('',#4482,#4428,#4689,.T.);
#4689 = SURFACE_CURVE('',#4690,(#4695,#4702),.PCURVE_S1.);
#4690 = CIRCLE('',#4691,1.5);
#4691 = AXIS2_PLACEMENT_3D('',#4692,#4693,#4694);
#4692 = CARTESIAN_POINT('',(30.4001,39.49,-2.05));
#4693 = DIRECTION('',(0.,0.,-1.));
#4694 = DIRECTION('',(0.707106781187,0.707106781187,0.));
#4695 = PCURVE('',#4443,#4696);
#4696 = DEFINITIONAL_REPRESENTATION('',(#4697),#4701);
#4697 = LINE('',#4698,#4699);
#4698 = CARTESIAN_POINT('',(6.28318530718,4.999998772144E-02));
#4699 = VECTOR('',#4700,1.);
#4700 = DIRECTION('',(1.,0.));
#4701 = ( GEOMETRIC_REPRESENTATION_CONTEXT(2) 
PARAMETRIC_REPRESENTATION_CONTEXT() REPRESENTATION_CONTEXT('2D SPACE',''
  ) );
#4702 = PCURVE('',#238,#4703);
#4703 = DEFINITIONAL_REPRESENTATION('',(#4704),#4712);
#4704 = ( BOUNDED_CURVE() B_SPLINE_CURVE(2,(#4705,#4706,#4707,#4708,
#4709,#4710,#4711),.UNSPECIFIED.,.T.,.F.) B_SPLINE_CURVE_WITH_KNOTS((1,2
    ,2,2,2,1),(-2.094395102393,0.,2.094395102393,4.188790204786,
6.28318530718,8.377580409573),.UNSPECIFIED.) CURVE() 
GEOMETRIC_REPRESENTATION_ITEM() RATIONAL_B_SPLINE_CURVE((1.,0.5,1.,0.5,
1.,0.5,1.)) REPRESENTATION_ITEM('') );
#4705 = CARTESIAN_POINT('',(-14.56076017178,-17.57066017178));
#4706 = CARTESIAN_POINT('',(-16.39787747886,-15.73354286469));
#4707 = CARTESIAN_POINT('',(-13.88832856765,-15.06111126056));
#4708 = CARTESIAN_POINT('',(-11.37877965644,-14.38867965644));
#4709 = CARTESIAN_POINT('',(-12.05121126056,-16.89822856765));
#4710 = CARTESIAN_POINT('',(-12.72364286469,-19.40777747886));
#4711 = CARTESIAN_POINT('',(-14.56076017178,-17.57066017178));
#4712 = ( GEOMETRIC_REPRESENTATION_CONTEXT(2) 
PARAMETRIC_REPRESENTATION_CONTEXT() REPRESENTATION_CONTEXT('2D SPACE',''
  ) );
#4713 = ADVANCED_FACE('',(#4714),#4653,.F.);
#4714 = FACE_BOUND('',#4715,.T.);
#4715 = EDGE_LOOP('',(#4716,#4717,#4740,#4768,#4796,#4824,#4852,#4875,
    #4898,#4962,#4990,#5049,#5072,#5100,#5128,#5151));
#4716 = ORIENTED_EDGE('',*,*,#4637,.F.);
#4717 = ORIENTED_EDGE('',*,*,#4718,.T.);
#4718 = EDGE_CURVE('',#4638,#4719,#4721,.T.);
#4719 = VERTEX_POINT('',#4720);
#4720 = CARTESIAN_POINT('',(3.4001,40.99,-0.449999713898));
#4721 = SURFACE_CURVE('',#4722,(#4726,#4733),.PCURVE_S1.);
#4722 = LINE('',#4723,#4724);
#4723 = CARTESIAN_POINT('',(8.9,40.99,-0.449999713898));
#4724 = VECTOR('',#4725,1.);
#4725 = DIRECTION('',(-1.,0.,0.));
#4726 = PCURVE('',#4653,#4727);
#4727 = DEFINITIONAL_REPRESENTATION('',(#4728),#4732);
#4728 = LINE('',#4729,#4730);
#4729 = CARTESIAN_POINT('',(1.550000298381,-23.0001));
#4730 = VECTOR('',#4731,1.);
#4731 = DIRECTION('',(0.,-1.));
#4732 = ( GEOMETRIC_REPRESENTATION_CONTEXT(2) 
PARAMETRIC_REPRESENTATION_CONTEXT() REPRESENTATION_CONTEXT('2D SPACE',''
  ) );
#4733 = PCURVE('',#4230,#4734);
#4734 = DEFINITIONAL_REPRESENTATION('',(#4735),#4739);
#4735 = LINE('',#4736,#4737);
#4736 = CARTESIAN_POINT('',(8.,-18.01));
#4737 = VECTOR('',#4738,1.);
#4738 = DIRECTION('',(1.,0.));
#4739 = ( GEOMETRIC_REPRESENTATION_CONTEXT(2) 
PARAMETRIC_REPRESENTATION_CONTEXT() REPRESENTATION_CONTEXT('2D SPACE',''
  ) );
#4740 = ORIENTED_EDGE('',*,*,#4741,.F.);
#4741 = EDGE_CURVE('',#4742,#4719,#4744,.T.);
#4742 = VERTEX_POINT('',#4743);
#4743 = CARTESIAN_POINT('',(3.4001,40.99,-2.85));
#4744 = SURFACE_CURVE('',#4745,(#4749,#4756),.PCURVE_S1.);
#4745 = LINE('',#4746,#4747);
#4746 = CARTESIAN_POINT('',(3.4001,40.99,-2.500000006139));
#4747 = VECTOR('',#4748,1.);
#4748 = DIRECTION('',(0.,0.,1.));
#4749 = PCURVE('',#4653,#4750);
#4750 = DEFINITIONAL_REPRESENTATION('',(#4751),#4755);
#4751 = LINE('',#4752,#4753);
#4752 = CARTESIAN_POINT('',(-0.499999993861,-28.5));
#4753 = VECTOR('',#4754,1.);
#4754 = DIRECTION('',(1.,0.));
#4755 = ( GEOMETRIC_REPRESENTATION_CONTEXT(2) 
PARAMETRIC_REPRESENTATION_CONTEXT() REPRESENTATION_CONTEXT('2D SPACE',''
  ) );
#4756 = PCURVE('',#4757,#4762);
#4757 = CYLINDRICAL_SURFACE('',#4758,1.5);
#4758 = AXIS2_PLACEMENT_3D('',#4759,#4760,#4761);
#4759 = CARTESIAN_POINT('',(3.4001,39.49,-2.500000006139));
#4760 = DIRECTION('',(0.,0.,-1.));
#4761 = DIRECTION('',(-0.707106781187,0.707106781187,0.));
#4762 = DEFINITIONAL_REPRESENTATION('',(#4763),#4767);
#4763 = LINE('',#4764,#4765);
#4764 = CARTESIAN_POINT('',(7.068583470577,0.));
#4765 = VECTOR('',#4766,1.);
#4766 = DIRECTION('',(0.,-1.));
#4767 = ( GEOMETRIC_REPRESENTATION_CONTEXT(2) 
PARAMETRIC_REPRESENTATION_CONTEXT() REPRESENTATION_CONTEXT('2D SPACE',''
  ) );
#4768 = ORIENTED_EDGE('',*,*,#4769,.F.);
#4769 = EDGE_CURVE('',#4770,#4742,#4772,.T.);
#4770 = VERTEX_POINT('',#4771);
#4771 = CARTESIAN_POINT('',(3.554891321466,40.99,-2.85));
#4772 = SURFACE_CURVE('',#4773,(#4777,#4784),.PCURVE_S1.);
#4773 = LINE('',#4774,#4775);
#4774 = CARTESIAN_POINT('',(31.9001,40.99,-2.85));
#4775 = VECTOR('',#4776,1.);
#4776 = DIRECTION('',(-1.,0.,0.));
#4777 = PCURVE('',#4653,#4778);
#4778 = DEFINITIONAL_REPRESENTATION('',(#4779),#4783);
#4779 = LINE('',#4780,#4781);
#4780 = CARTESIAN_POINT('',(-0.849999987721,0.));
#4781 = VECTOR('',#4782,1.);
#4782 = DIRECTION('',(0.,-1.));
#4783 = ( GEOMETRIC_REPRESENTATION_CONTEXT(2) 
PARAMETRIC_REPRESENTATION_CONTEXT() REPRESENTATION_CONTEXT('2D SPACE',''
  ) );
#4784 = PCURVE('',#4785,#4790);
#4785 = PLANE('',#4786);
#4786 = AXIS2_PLACEMENT_3D('',#4787,#4788,#4789);
#4787 = CARTESIAN_POINT('',(16.9,23.23,-2.85));
#4788 = DIRECTION('',(0.,0.,-1.));
#4789 = DIRECTION('',(1.,0.,0.));
#4790 = DEFINITIONAL_REPRESENTATION('',(#4791),#4795);
#4791 = LINE('',#4792,#4793);
#4792 = CARTESIAN_POINT('',(15.0001,-17.76));
#4793 = VECTOR('',#4794,1.);
#4794 = DIRECTION('',(-1.,0.));
#4795 = ( GEOMETRIC_REPRESENTATION_CONTEXT(2) 
PARAMETRIC_REPRESENTATION_CONTEXT() REPRESENTATION_CONTEXT('2D SPACE',''
  ) );
#4796 = ORIENTED_EDGE('',*,*,#4797,.F.);
#4797 = EDGE_CURVE('',#4798,#4770,#4800,.T.);
#4798 = VERTEX_POINT('',#4799);
#4799 = CARTESIAN_POINT('',(3.554891321466,40.99,-2.05));
#4800 = SURFACE_CURVE('',#4801,(#4805,#4812),.PCURVE_S1.);
#4801 = LINE('',#4802,#4803);
#4802 = CARTESIAN_POINT('',(3.554891321466,40.99,-2.05));
#4803 = VECTOR('',#4804,1.);
#4804 = DIRECTION('',(0.,0.,-1.));
#4805 = PCURVE('',#4653,#4806);
#4806 = DEFINITIONAL_REPRESENTATION('',(#4807),#4811);
#4807 = LINE('',#4808,#4809);
#4808 = CARTESIAN_POINT('',(-4.999998772144E-02,-28.34520867853));
#4809 = VECTOR('',#4810,1.);
#4810 = DIRECTION('',(-1.,0.));
#4811 = ( GEOMETRIC_REPRESENTATION_CONTEXT(2) 
PARAMETRIC_REPRESENTATION_CONTEXT() REPRESENTATION_CONTEXT('2D SPACE',''
  ) );
#4812 = PCURVE('',#4813,#4818);
#4813 = CYLINDRICAL_SURFACE('',#4814,2.);
#4814 = AXIS2_PLACEMENT_3D('',#4815,#4816,#4817);
#4815 = CARTESIAN_POINT('',(3.9,42.96,-2.05));
#4816 = DIRECTION('',(0.,0.,-1.));
#4817 = DIRECTION('',(-2.771722803058E-14,1.,0.));
#4818 = DEFINITIONAL_REPRESENTATION('',(#4819),#4823);
#4819 = LINE('',#4820,#4821);
#4820 = CARTESIAN_POINT('',(-2.968170332494,0.));
#4821 = VECTOR('',#4822,1.);
#4822 = DIRECTION('',(0.,1.));
#4823 = ( GEOMETRIC_REPRESENTATION_CONTEXT(2) 
PARAMETRIC_REPRESENTATION_CONTEXT() REPRESENTATION_CONTEXT('2D SPACE',''
  ) );
#4824 = ORIENTED_EDGE('',*,*,#4825,.F.);
#4825 = EDGE_CURVE('',#4826,#4798,#4828,.T.);
#4826 = VERTEX_POINT('',#4827);
#4827 = CARTESIAN_POINT('',(4.245108678535,40.99,-2.05));
#4828 = SURFACE_CURVE('',#4829,(#4833,#4840),.PCURVE_S1.);
#4829 = LINE('',#4830,#4831);
#4830 = CARTESIAN_POINT('',(9.40355,40.99,-2.05));
#4831 = VECTOR('',#4832,1.);
#4832 = DIRECTION('',(-1.,0.,0.));
#4833 = PCURVE('',#4653,#4834);
#4834 = DEFINITIONAL_REPRESENTATION('',(#4835),#4839);
#4835 = LINE('',#4836,#4837);
#4836 = CARTESIAN_POINT('',(-4.999998772144E-02,-22.49655));
#4837 = VECTOR('',#4838,1.);
#4838 = DIRECTION('',(0.,-1.));
#4839 = ( GEOMETRIC_REPRESENTATION_CONTEXT(2) 
PARAMETRIC_REPRESENTATION_CONTEXT() REPRESENTATION_CONTEXT('2D SPACE',''
  ) );
#4840 = PCURVE('',#4841,#4846);
#4841 = PLANE('',#4842);
#4842 = AXIS2_PLACEMENT_3D('',#4843,#4844,#4845);
#4843 = CARTESIAN_POINT('',(16.9,22.98,-2.05));
#4844 = DIRECTION('',(0.,0.,1.));
#4845 = DIRECTION('',(-1.,0.,0.));
#4846 = DEFINITIONAL_REPRESENTATION('',(#4847),#4851);
#4847 = LINE('',#4848,#4849);
#4848 = CARTESIAN_POINT('',(7.49645,-18.01));
#4849 = VECTOR('',#4850,1.);
#4850 = DIRECTION('',(1.,0.));
#4851 = ( GEOMETRIC_REPRESENTATION_CONTEXT(2) 
PARAMETRIC_REPRESENTATION_CONTEXT() REPRESENTATION_CONTEXT('2D SPACE',''
  ) );
#4852 = ORIENTED_EDGE('',*,*,#4853,.T.);
#4853 = EDGE_CURVE('',#4826,#4854,#4856,.T.);
#4854 = VERTEX_POINT('',#4855);
#4855 = CARTESIAN_POINT('',(4.245108678535,40.99,-2.85));
#4856 = SURFACE_CURVE('',#4857,(#4861,#4868),.PCURVE_S1.);
#4857 = LINE('',#4858,#4859);
#4858 = CARTESIAN_POINT('',(4.245108678535,40.99,-2.05));
#4859 = VECTOR('',#4860,1.);
#4860 = DIRECTION('',(0.,0.,-1.));
#4861 = PCURVE('',#4653,#4862);
#4862 = DEFINITIONAL_REPRESENTATION('',(#4863),#4867);
#4863 = LINE('',#4864,#4865);
#4864 = CARTESIAN_POINT('',(-4.999998772144E-02,-27.65499132146));
#4865 = VECTOR('',#4866,1.);
#4866 = DIRECTION('',(-1.,0.));
#4867 = ( GEOMETRIC_REPRESENTATION_CONTEXT(2) 
PARAMETRIC_REPRESENTATION_CONTEXT() REPRESENTATION_CONTEXT('2D SPACE',''
  ) );
#4868 = PCURVE('',#4813,#4869);
#4869 = DEFINITIONAL_REPRESENTATION('',(#4870),#4874);
#4870 = LINE('',#4871,#4872);
#4871 = CARTESIAN_POINT('',(2.968170332494,0.));
#4872 = VECTOR('',#4873,1.);
#4873 = DIRECTION('',(0.,1.));
#4874 = ( GEOMETRIC_REPRESENTATION_CONTEXT(2) 
PARAMETRIC_REPRESENTATION_CONTEXT() REPRESENTATION_CONTEXT('2D SPACE',''
  ) );
#4875 = ORIENTED_EDGE('',*,*,#4876,.F.);
#4876 = EDGE_CURVE('',#4877,#4854,#4879,.T.);
#4877 = VERTEX_POINT('',#4878);
#4878 = CARTESIAN_POINT('',(5.889748727855,40.99,-2.85));
#4879 = SURFACE_CURVE('',#4880,(#4884,#4891),.PCURVE_S1.);
#4880 = LINE('',#4881,#4882);
#4881 = CARTESIAN_POINT('',(31.9001,40.99,-2.85));
#4882 = VECTOR('',#4883,1.);
#4883 = DIRECTION('',(-1.,0.,0.));
#4884 = PCURVE('',#4653,#4885);
#4885 = DEFINITIONAL_REPRESENTATION('',(#4886),#4890);
#4886 = LINE('',#4887,#4888);
#4887 = CARTESIAN_POINT('',(-0.849999987721,0.));
#4888 = VECTOR('',#4889,1.);
#4889 = DIRECTION('',(0.,-1.));
#4890 = ( GEOMETRIC_REPRESENTATION_CONTEXT(2) 
PARAMETRIC_REPRESENTATION_CONTEXT() REPRESENTATION_CONTEXT('2D SPACE',''
  ) );
#4891 = PCURVE('',#4785,#4892);
#4892 = DEFINITIONAL_REPRESENTATION('',(#4893),#4897);
#4893 = LINE('',#4894,#4895);
#4894 = CARTESIAN_POINT('',(15.0001,-17.76));
#4895 = VECTOR('',#4896,1.);
#4896 = DIRECTION('',(-1.,0.));
#4897 = ( GEOMETRIC_REPRESENTATION_CONTEXT(2) 
PARAMETRIC_REPRESENTATION_CONTEXT() REPRESENTATION_CONTEXT('2D SPACE',''
  ) );
#4898 = ORIENTED_EDGE('',*,*,#4899,.F.);
#4899 = EDGE_CURVE('',#4900,#4877,#4902,.T.);
#4900 = VERTEX_POINT('',#4901);
#4901 = CARTESIAN_POINT('',(6.913154493218,40.99,-2.05));
#4902 = SURFACE_CURVE('',#4903,(#4914,#4928),.PCURVE_S1.);
#4903 = B_SPLINE_CURVE_WITH_KNOTS('',3,(#4904,#4905,#4906,#4907,#4908,
    #4909,#4910,#4911,#4912,#4913),.UNSPECIFIED.,.F.,.F.,(4,2,2,2,4),(
    0.632667699907,0.660204903172,0.690396028479,0.725361098912,
    0.768921445238),.UNSPECIFIED.);
#4904 = CARTESIAN_POINT('',(6.913154493218,40.99,-2.05));
#4905 = CARTESIAN_POINT('',(6.913154493218,40.99,-2.141790677551));
#4906 = CARTESIAN_POINT('',(6.889197105609,40.99,-2.249302558743));
#4907 = CARTESIAN_POINT('',(6.809579164309,40.99,-2.424486539104));
#4908 = CARTESIAN_POINT('',(6.736524316486,40.99,-2.52064814249));
#4909 = CARTESIAN_POINT('',(6.574805540324,40.99,-2.665621826406));
#4910 = CARTESIAN_POINT('',(6.453248215213,40.99,-2.734793461617));
#4911 = CARTESIAN_POINT('',(6.207292163745,40.99,-2.824344622937));
#4912 = CARTESIAN_POINT('',(6.034949882278,40.99,-2.85));
#4913 = CARTESIAN_POINT('',(5.889748727855,40.99,-2.85));
#4914 = PCURVE('',#4653,#4915);
#4915 = DEFINITIONAL_REPRESENTATION('',(#4916),#4927);
#4916 = B_SPLINE_CURVE_WITH_KNOTS('',3,(#4917,#4918,#4919,#4920,#4921,
    #4922,#4923,#4924,#4925,#4926),.UNSPECIFIED.,.F.,.F.,(4,2,2,2,4),(
    0.632667699907,0.660204903172,0.690396028479,0.725361098912,
    0.768921445238),.UNSPECIFIED.);
#4917 = CARTESIAN_POINT('',(-4.999998772144E-02,-24.98694550678));
#4918 = CARTESIAN_POINT('',(-0.141790665272,-24.98694550678));
#4919 = CARTESIAN_POINT('',(-0.249302546465,-25.01090289439));
#4920 = CARTESIAN_POINT('',(-0.424486526826,-25.09052083569));
#4921 = CARTESIAN_POINT('',(-0.520648130212,-25.16357568351));
#4922 = CARTESIAN_POINT('',(-0.665621814127,-25.32529445967));
#4923 = CARTESIAN_POINT('',(-0.734793449339,-25.44685178478));
#4924 = CARTESIAN_POINT('',(-0.824344610659,-25.69280783625));
#4925 = CARTESIAN_POINT('',(-0.849999987721,-25.86515011772));
#4926 = CARTESIAN_POINT('',(-0.849999987721,-26.01035127214));
#4927 = ( GEOMETRIC_REPRESENTATION_CONTEXT(2) 
PARAMETRIC_REPRESENTATION_CONTEXT() REPRESENTATION_CONTEXT('2D SPACE',''
  ) );
#4928 = PCURVE('',#4929,#4934);
#4929 = TOROIDAL_SURFACE('',#4930,2.8,0.8);
#4930 = AXIS2_PLACEMENT_3D('',#4931,#4932,#4933);
#4931 = CARTESIAN_POINT('',(3.9,42.96,-2.05));
#4932 = DIRECTION('',(0.,0.,-1.));
#4933 = DIRECTION('',(-0.111135795621,0.993805229877,0.));
#4934 = DEFINITIONAL_REPRESENTATION('',(#4935),#4961);
#4935 = B_SPLINE_CURVE_WITH_KNOTS('',3,(#4936,#4937,#4938,#4939,#4940,
    #4941,#4942,#4943,#4944,#4945,#4946,#4947,#4948,#4949,#4950,#4951,
    #4952,#4953,#4954,#4955,#4956,#4957,#4958,#4959,#4960),
  .UNSPECIFIED.,.F.,.F.,(4,1,1,1,1,1,1,1,1,1,1,1,1,1,1,1,1,1,1,1,1,1,4),
  (0.632667699907,0.638861051968,0.645054404028,0.651247756089,
    0.657441108149,0.66363446021,0.66982781227,0.676021164331,
    0.682214516391,0.688407868452,0.694601220512,0.700794572573,
    0.706987924633,0.713181276694,0.719374628754,0.725567980815,
    0.731761332875,0.737954684936,0.744148036996,0.750341389057,
    0.756534741117,0.762728093178,0.768921445238),
  .QUASI_UNIFORM_KNOTS.);
#4936 = CARTESIAN_POINT('',(8.544389328956,0.));
#4937 = CARTESIAN_POINT('',(8.544389949086,2.578574255705E-02));
#4938 = CARTESIAN_POINT('',(8.544757096337,7.942251440165E-02));
#4939 = CARTESIAN_POINT('',(8.546316525722,0.163098676246));
#4940 = CARTESIAN_POINT('',(8.548790659551,0.246985036805));
#4941 = CARTESIAN_POINT('',(8.552102964337,0.328196613088));
#4942 = CARTESIAN_POINT('',(8.556143510666,0.402970429408));
#4943 = CARTESIAN_POINT('',(8.56144532835,0.482232618501));
#4944 = CARTESIAN_POINT('',(8.567713318712,0.562121389178));
#4945 = CARTESIAN_POINT('',(8.574777431753,0.640751183273));
#4946 = CARTESIAN_POINT('',(8.582396823591,0.715461418265));
#4947 = CARTESIAN_POINT('',(8.590408108354,0.784677649124));
#4948 = CARTESIAN_POINT('',(8.599757687863,0.857395652163));
#4949 = CARTESIAN_POINT('',(8.610027488997,0.930226011301));
#4950 = CARTESIAN_POINT('',(8.621032806306,1.00203007771));
#4951 = CARTESIAN_POINT('',(8.632571295281,1.071450518483));
#4952 = CARTESIAN_POINT('',(8.644110790506,1.135672700021));
#4953 = CARTESIAN_POINT('',(8.656264200751,1.198474910421));
#4954 = CARTESIAN_POINT('',(8.669640362856,1.263197311194));
#4955 = CARTESIAN_POINT('',(8.683880548077,1.327899109745));
#4956 = CARTESIAN_POINT('',(8.698855329484,1.391975661724));
#4957 = CARTESIAN_POINT('',(8.714336792805,1.454456890086));
#4958 = CARTESIAN_POINT('',(8.730085727329,1.514517116551));
#4959 = CARTESIAN_POINT('',(8.740567850627,1.552467683155));
#4960 = CARTESIAN_POINT('',(8.745758322457,1.570796326795));
#4961 = ( GEOMETRIC_REPRESENTATION_CONTEXT(2) 
PARAMETRIC_REPRESENTATION_CONTEXT() REPRESENTATION_CONTEXT('2D SPACE',''
  ) );
#4962 = ORIENTED_EDGE('',*,*,#4963,.F.);
#4963 = EDGE_CURVE('',#4964,#4900,#4966,.T.);
#4964 = VERTEX_POINT('',#4965);
#4965 = CARTESIAN_POINT('',(26.886845506782,40.99,-2.05));
#4966 = SURFACE_CURVE('',#4967,(#4971,#4978),.PCURVE_S1.);
#4967 = LINE('',#4968,#4969);
#4968 = CARTESIAN_POINT('',(9.40355,40.99,-2.05));
#4969 = VECTOR('',#4970,1.);
#4970 = DIRECTION('',(-1.,0.,0.));
#4971 = PCURVE('',#4653,#4972);
#4972 = DEFINITIONAL_REPRESENTATION('',(#4973),#4977);
#4973 = LINE('',#4974,#4975);
#4974 = CARTESIAN_POINT('',(-4.999998772144E-02,-22.49655));
#4975 = VECTOR('',#4976,1.);
#4976 = DIRECTION('',(0.,-1.));
#4977 = ( GEOMETRIC_REPRESENTATION_CONTEXT(2) 
PARAMETRIC_REPRESENTATION_CONTEXT() REPRESENTATION_CONTEXT('2D SPACE',''
  ) );
#4978 = PCURVE('',#4979,#4984);
#4979 = PLANE('',#4980);
#4980 = AXIS2_PLACEMENT_3D('',#4981,#4982,#4983);
#4981 = CARTESIAN_POINT('',(16.9,22.98,-2.05));
#4982 = DIRECTION('',(0.,0.,1.));
#4983 = DIRECTION('',(-1.,0.,0.));
#4984 = DEFINITIONAL_REPRESENTATION('',(#4985),#4989);
#4985 = LINE('',#4986,#4987);
#4986 = CARTESIAN_POINT('',(7.49645,-18.01));
#4987 = VECTOR('',#4988,1.);
#4988 = DIRECTION('',(1.,0.));
#4989 = ( GEOMETRIC_REPRESENTATION_CONTEXT(2) 
PARAMETRIC_REPRESENTATION_CONTEXT() REPRESENTATION_CONTEXT('2D SPACE',''
  ) );
#4990 = ORIENTED_EDGE('',*,*,#4991,.F.);
#4991 = EDGE_CURVE('',#4992,#4964,#4994,.T.);
#4992 = VERTEX_POINT('',#4993);
#4993 = CARTESIAN_POINT('',(27.910251272145,40.99,-2.85));
#4994 = SURFACE_CURVE('',#4995,(#5006,#5020),.PCURVE_S1.);
#4995 = B_SPLINE_CURVE_WITH_KNOTS('',3,(#4996,#4997,#4998,#4999,#5000,
    #5001,#5002,#5003,#5004,#5005),.UNSPECIFIED.,.F.,.F.,(4,2,2,2,4),(
    0.496413954576,0.539974300903,0.574939371336,0.605130496642,
    0.632667699907),.UNSPECIFIED.);
#4996 = CARTESIAN_POINT('',(27.910251272145,40.99,-2.85));
#4997 = CARTESIAN_POINT('',(27.765050117723,40.99,-2.85));
#4998 = CARTESIAN_POINT('',(27.592707836255,40.99,-2.824344622937));
#4999 = CARTESIAN_POINT('',(27.346751784787,40.99,-2.734793461617));
#5000 = CARTESIAN_POINT('',(27.225194459676,40.99,-2.665621826406));
#5001 = CARTESIAN_POINT('',(27.063475683515,40.99,-2.52064814249));
#5002 = CARTESIAN_POINT('',(26.990420835691,40.99,-2.424486539104));
#5003 = CARTESIAN_POINT('',(26.910802894391,40.99,-2.249302558743));
#5004 = CARTESIAN_POINT('',(26.886845506782,40.99,-2.141790677551));
#5005 = CARTESIAN_POINT('',(26.886845506782,40.99,-2.05));
#5006 = PCURVE('',#4653,#5007);
#5007 = DEFINITIONAL_REPRESENTATION('',(#5008),#5019);
#5008 = B_SPLINE_CURVE_WITH_KNOTS('',3,(#5009,#5010,#5011,#5012,#5013,
    #5014,#5015,#5016,#5017,#5018),.UNSPECIFIED.,.F.,.F.,(4,2,2,2,4),(
    0.496413954576,0.539974300903,0.574939371336,0.605130496642,
    0.632667699907),.UNSPECIFIED.);
#5009 = CARTESIAN_POINT('',(-0.849999987721,-3.989848727855));
#5010 = CARTESIAN_POINT('',(-0.849999987721,-4.135049882277));
#5011 = CARTESIAN_POINT('',(-0.824344610659,-4.307392163745));
#5012 = CARTESIAN_POINT('',(-0.734793449339,-4.553348215213));
#5013 = CARTESIAN_POINT('',(-0.665621814127,-4.674905540324));
#5014 = CARTESIAN_POINT('',(-0.520648130212,-4.836624316485));
#5015 = CARTESIAN_POINT('',(-0.424486526826,-4.909679164309));
#5016 = CARTESIAN_POINT('',(-0.249302546465,-4.989297105609));
#5017 = CARTESIAN_POINT('',(-0.141790665272,-5.013254493218));
#5018 = CARTESIAN_POINT('',(-4.999998772144E-02,-5.013254493218));
#5019 = ( GEOMETRIC_REPRESENTATION_CONTEXT(2) 
PARAMETRIC_REPRESENTATION_CONTEXT() REPRESENTATION_CONTEXT('2D SPACE',''
  ) );
#5020 = PCURVE('',#4552,#5021);
#5021 = DEFINITIONAL_REPRESENTATION('',(#5022),#5048);
#5022 = B_SPLINE_CURVE_WITH_KNOTS('',3,(#5023,#5024,#5025,#5026,#5027,
    #5028,#5029,#5030,#5031,#5032,#5033,#5034,#5035,#5036,#5037,#5038,
    #5039,#5040,#5041,#5042,#5043,#5044,#5045,#5046,#5047),
  .UNSPECIFIED.,.F.,.F.,(4,1,1,1,1,1,1,1,1,1,1,1,1,1,1,1,1,1,1,1,1,1,4),
  (0.496413954576,0.502607306637,0.508800658697,0.514994010758,
    0.521187362818,0.527380714879,0.533574066939,0.539767419,
    0.54596077106,0.552154123121,0.558347475181,0.564540827242,
    0.570734179302,0.576927531363,0.583120883423,0.589314235484,
    0.595507587544,0.601700939605,0.607894291665,0.614087643726,
    0.620280995786,0.626474347847,0.632667699907),
  .QUASI_UNIFORM_KNOTS.);
#5023 = CARTESIAN_POINT('',(3.820639905671,1.570796326795));
#5024 = CARTESIAN_POINT('',(3.825830377501,1.552467683155));
#5025 = CARTESIAN_POINT('',(3.836312500799,1.514517116551));
#5026 = CARTESIAN_POINT('',(3.852061435323,1.454456890086));
#5027 = CARTESIAN_POINT('',(3.867542898644,1.391975661724));
#5028 = CARTESIAN_POINT('',(3.882517680051,1.327899109745));
#5029 = CARTESIAN_POINT('',(3.896757865272,1.263197311194));
#5030 = CARTESIAN_POINT('',(3.910134027377,1.198474910421));
#5031 = CARTESIAN_POINT('',(3.922287437622,1.135672700021));
#5032 = CARTESIAN_POINT('',(3.933826932847,1.071450518483));
#5033 = CARTESIAN_POINT('',(3.945365421822,1.00203007771));
#5034 = CARTESIAN_POINT('',(3.956370739131,0.930226011301));
#5035 = CARTESIAN_POINT('',(3.966640540265,0.857395652163));
#5036 = CARTESIAN_POINT('',(3.975990119774,0.784677649124));
#5037 = CARTESIAN_POINT('',(3.984001404537,0.715461418265));
#5038 = CARTESIAN_POINT('',(3.991620796376,0.640751183273));
#5039 = CARTESIAN_POINT('',(3.998684909416,0.562121389178));
#5040 = CARTESIAN_POINT('',(4.004952899778,0.482232618501));
#5041 = CARTESIAN_POINT('',(4.010254717462,0.402970429408));
#5042 = CARTESIAN_POINT('',(4.014295263791,0.328196613088));
#5043 = CARTESIAN_POINT('',(4.017607568577,0.246985036805));
#5044 = CARTESIAN_POINT('',(4.020081702406,0.163098676246));
#5045 = CARTESIAN_POINT('',(4.021641131791,7.942251440165E-02));
#5046 = CARTESIAN_POINT('',(4.022008279043,2.578574255705E-02));
#5047 = CARTESIAN_POINT('',(4.022008899172,0.));
#5048 = ( GEOMETRIC_REPRESENTATION_CONTEXT(2) 
PARAMETRIC_REPRESENTATION_CONTEXT() REPRESENTATION_CONTEXT('2D SPACE',''
  ) );
#5049 = ORIENTED_EDGE('',*,*,#5050,.F.);
#5050 = EDGE_CURVE('',#5051,#4992,#5053,.T.);
#5051 = VERTEX_POINT('',#5052);
#5052 = CARTESIAN_POINT('',(29.554891321466,40.99,-2.85));
#5053 = SURFACE_CURVE('',#5054,(#5058,#5065),.PCURVE_S1.);
#5054 = LINE('',#5055,#5056);
#5055 = CARTESIAN_POINT('',(31.9001,40.99,-2.85));
#5056 = VECTOR('',#5057,1.);
#5057 = DIRECTION('',(-1.,0.,0.));
#5058 = PCURVE('',#4653,#5059);
#5059 = DEFINITIONAL_REPRESENTATION('',(#5060),#5064);
#5060 = LINE('',#5061,#5062);
#5061 = CARTESIAN_POINT('',(-0.849999987721,0.));
#5062 = VECTOR('',#5063,1.);
#5063 = DIRECTION('',(0.,-1.));
#5064 = ( GEOMETRIC_REPRESENTATION_CONTEXT(2) 
PARAMETRIC_REPRESENTATION_CONTEXT() REPRESENTATION_CONTEXT('2D SPACE',''
  ) );
#5065 = PCURVE('',#4625,#5066);
#5066 = DEFINITIONAL_REPRESENTATION('',(#5067),#5071);
#5067 = LINE('',#5068,#5069);
#5068 = CARTESIAN_POINT('',(15.0001,-17.76));
#5069 = VECTOR('',#5070,1.);
#5070 = DIRECTION('',(-1.,0.));
#5071 = ( GEOMETRIC_REPRESENTATION_CONTEXT(2) 
PARAMETRIC_REPRESENTATION_CONTEXT() REPRESENTATION_CONTEXT('2D SPACE',''
  ) );
#5072 = ORIENTED_EDGE('',*,*,#5073,.F.);
#5073 = EDGE_CURVE('',#5074,#5051,#5076,.T.);
#5074 = VERTEX_POINT('',#5075);
#5075 = CARTESIAN_POINT('',(29.554891321466,40.99,-2.05));
#5076 = SURFACE_CURVE('',#5077,(#5081,#5088),.PCURVE_S1.);
#5077 = LINE('',#5078,#5079);
#5078 = CARTESIAN_POINT('',(29.554891321466,40.99,-2.05));
#5079 = VECTOR('',#5080,1.);
#5080 = DIRECTION('',(0.,0.,-1.));
#5081 = PCURVE('',#4653,#5082);
#5082 = DEFINITIONAL_REPRESENTATION('',(#5083),#5087);
#5083 = LINE('',#5084,#5085);
#5084 = CARTESIAN_POINT('',(-4.999998772144E-02,-2.345208678534));
#5085 = VECTOR('',#5086,1.);
#5086 = DIRECTION('',(-1.,0.));
#5087 = ( GEOMETRIC_REPRESENTATION_CONTEXT(2) 
PARAMETRIC_REPRESENTATION_CONTEXT() REPRESENTATION_CONTEXT('2D SPACE',''
  ) );
#5088 = PCURVE('',#5089,#5094);
#5089 = CYLINDRICAL_SURFACE('',#5090,2.);
#5090 = AXIS2_PLACEMENT_3D('',#5091,#5092,#5093);
#5091 = CARTESIAN_POINT('',(29.9,42.96,-2.05));
#5092 = DIRECTION('',(0.,0.,-1.));
#5093 = DIRECTION('',(-1.836970198721E-16,1.,0.));
#5094 = DEFINITIONAL_REPRESENTATION('',(#5095),#5099);
#5095 = LINE('',#5096,#5097);
#5096 = CARTESIAN_POINT('',(-2.968170332494,0.));
#5097 = VECTOR('',#5098,1.);
#5098 = DIRECTION('',(0.,1.));
#5099 = ( GEOMETRIC_REPRESENTATION_CONTEXT(2) 
PARAMETRIC_REPRESENTATION_CONTEXT() REPRESENTATION_CONTEXT('2D SPACE',''
  ) );
#5100 = ORIENTED_EDGE('',*,*,#5101,.F.);
#5101 = EDGE_CURVE('',#5102,#5074,#5104,.T.);
#5102 = VERTEX_POINT('',#5103);
#5103 = CARTESIAN_POINT('',(30.245108678535,40.99,-2.05));
#5104 = SURFACE_CURVE('',#5105,(#5109,#5116),.PCURVE_S1.);
#5105 = LINE('',#5106,#5107);
#5106 = CARTESIAN_POINT('',(9.40355,40.99,-2.05));
#5107 = VECTOR('',#5108,1.);
#5108 = DIRECTION('',(-1.,0.,0.));
#5109 = PCURVE('',#4653,#5110);
#5110 = DEFINITIONAL_REPRESENTATION('',(#5111),#5115);
#5111 = LINE('',#5112,#5113);
#5112 = CARTESIAN_POINT('',(-4.999998772144E-02,-22.49655));
#5113 = VECTOR('',#5114,1.);
#5114 = DIRECTION('',(0.,-1.));
#5115 = ( GEOMETRIC_REPRESENTATION_CONTEXT(2) 
PARAMETRIC_REPRESENTATION_CONTEXT() REPRESENTATION_CONTEXT('2D SPACE',''
  ) );
#5116 = PCURVE('',#5117,#5122);
#5117 = PLANE('',#5118);
#5118 = AXIS2_PLACEMENT_3D('',#5119,#5120,#5121);
#5119 = CARTESIAN_POINT('',(16.9,22.98,-2.05));
#5120 = DIRECTION('',(0.,0.,1.));
#5121 = DIRECTION('',(-1.,0.,0.));
#5122 = DEFINITIONAL_REPRESENTATION('',(#5123),#5127);
#5123 = LINE('',#5124,#5125);
#5124 = CARTESIAN_POINT('',(7.49645,-18.01));
#5125 = VECTOR('',#5126,1.);
#5126 = DIRECTION('',(1.,0.));
#5127 = ( GEOMETRIC_REPRESENTATION_CONTEXT(2) 
PARAMETRIC_REPRESENTATION_CONTEXT() REPRESENTATION_CONTEXT('2D SPACE',''
  ) );
#5128 = ORIENTED_EDGE('',*,*,#5129,.T.);
#5129 = EDGE_CURVE('',#5102,#5130,#5132,.T.);
#5130 = VERTEX_POINT('',#5131);
#5131 = CARTESIAN_POINT('',(30.245108678535,40.99,-2.85));
#5132 = SURFACE_CURVE('',#5133,(#5137,#5144),.PCURVE_S1.);
#5133 = LINE('',#5134,#5135);
#5134 = CARTESIAN_POINT('',(30.245108678535,40.99,-2.05));
#5135 = VECTOR('',#5136,1.);
#5136 = DIRECTION('',(0.,0.,-1.));
#5137 = PCURVE('',#4653,#5138);
#5138 = DEFINITIONAL_REPRESENTATION('',(#5139),#5143);
#5139 = LINE('',#5140,#5141);
#5140 = CARTESIAN_POINT('',(-4.999998772144E-02,-1.654991321465));
#5141 = VECTOR('',#5142,1.);
#5142 = DIRECTION('',(-1.,0.));
#5143 = ( GEOMETRIC_REPRESENTATION_CONTEXT(2) 
PARAMETRIC_REPRESENTATION_CONTEXT() REPRESENTATION_CONTEXT('2D SPACE',''
  ) );
#5144 = PCURVE('',#5089,#5145);
#5145 = DEFINITIONAL_REPRESENTATION('',(#5146),#5150);
#5146 = LINE('',#5147,#5148);
#5147 = CARTESIAN_POINT('',(2.968170332494,0.));
#5148 = VECTOR('',#5149,1.);
#5149 = DIRECTION('',(0.,1.));
#5150 = ( GEOMETRIC_REPRESENTATION_CONTEXT(2) 
PARAMETRIC_REPRESENTATION_CONTEXT() REPRESENTATION_CONTEXT('2D SPACE',''
  ) );
#5151 = ORIENTED_EDGE('',*,*,#5152,.F.);
#5152 = EDGE_CURVE('',#4609,#5130,#5153,.T.);
#5153 = SURFACE_CURVE('',#5154,(#5158,#5165),.PCURVE_S1.);
#5154 = LINE('',#5155,#5156);
#5155 = CARTESIAN_POINT('',(31.9001,40.99,-2.85));
#5156 = VECTOR('',#5157,1.);
#5157 = DIRECTION('',(-1.,0.,0.));
#5158 = PCURVE('',#4653,#5159);
#5159 = DEFINITIONAL_REPRESENTATION('',(#5160),#5164);
#5160 = LINE('',#5161,#5162);
#5161 = CARTESIAN_POINT('',(-0.849999987721,0.));
#5162 = VECTOR('',#5163,1.);
#5163 = DIRECTION('',(0.,-1.));
#5164 = ( GEOMETRIC_REPRESENTATION_CONTEXT(2) 
PARAMETRIC_REPRESENTATION_CONTEXT() REPRESENTATION_CONTEXT('2D SPACE',''
  ) );
#5165 = PCURVE('',#4625,#5166);
#5166 = DEFINITIONAL_REPRESENTATION('',(#5167),#5171);
#5167 = LINE('',#5168,#5169);
#5168 = CARTESIAN_POINT('',(15.0001,-17.76));
#5169 = VECTOR('',#5170,1.);
#5170 = DIRECTION('',(-1.,0.));
#5171 = ( GEOMETRIC_REPRESENTATION_CONTEXT(2) 
PARAMETRIC_REPRESENTATION_CONTEXT() REPRESENTATION_CONTEXT('2D SPACE',''
  ) );
#5172 = ADVANCED_FACE('',(#5173),#4757,.F.);
#5173 = FACE_BOUND('',#5174,.F.);
#5174 = EDGE_LOOP('',(#5175,#5200,#5222,#5223,#5247,#5323));
#5175 = ORIENTED_EDGE('',*,*,#5176,.F.);
#5176 = EDGE_CURVE('',#5177,#5179,#5181,.T.);
#5177 = VERTEX_POINT('',#5178);
#5178 = CARTESIAN_POINT('',(1.9001,39.49,-0.449999731779));
#5179 = VERTEX_POINT('',#5180);
#5180 = CARTESIAN_POINT('',(1.9001,39.49,-2.05));
#5181 = SURFACE_CURVE('',#5182,(#5186,#5193),.PCURVE_S1.);
#5182 = LINE('',#5183,#5184);
#5183 = CARTESIAN_POINT('',(1.9001,39.49,-2.500000006139));
#5184 = VECTOR('',#5185,1.);
#5185 = DIRECTION('',(0.,0.,-1.));
#5186 = PCURVE('',#4757,#5187);
#5187 = DEFINITIONAL_REPRESENTATION('',(#5188),#5192);
#5188 = LINE('',#5189,#5190);
#5189 = CARTESIAN_POINT('',(5.497787143782,0.));
#5190 = VECTOR('',#5191,1.);
#5191 = DIRECTION('',(0.,1.));
#5192 = ( GEOMETRIC_REPRESENTATION_CONTEXT(2) 
PARAMETRIC_REPRESENTATION_CONTEXT() REPRESENTATION_CONTEXT('2D SPACE',''
  ) );
#5193 = PCURVE('',#4147,#5194);
#5194 = DEFINITIONAL_REPRESENTATION('',(#5195),#5199);
#5195 = LINE('',#5196,#5197);
#5196 = CARTESIAN_POINT('',(0.499999993861,28.5));
#5197 = VECTOR('',#5198,1.);
#5198 = DIRECTION('',(-1.,0.));
#5199 = ( GEOMETRIC_REPRESENTATION_CONTEXT(2) 
PARAMETRIC_REPRESENTATION_CONTEXT() REPRESENTATION_CONTEXT('2D SPACE',''
  ) );
#5200 = ORIENTED_EDGE('',*,*,#5201,.F.);
#5201 = EDGE_CURVE('',#4719,#5177,#5202,.T.);
#5202 = SURFACE_CURVE('',#5203,(#5208,#5215),.PCURVE_S1.);
#5203 = CIRCLE('',#5204,1.5);
#5204 = AXIS2_PLACEMENT_3D('',#5205,#5206,#5207);
#5205 = CARTESIAN_POINT('',(3.4001,39.49,-0.449999713898));
#5206 = DIRECTION('',(0.,0.,1.));
#5207 = DIRECTION('',(-0.707106781187,0.707106781187,0.));
#5208 = PCURVE('',#4757,#5209);
#5209 = DEFINITIONAL_REPRESENTATION('',(#5210),#5214);
#5210 = LINE('',#5211,#5212);
#5211 = CARTESIAN_POINT('',(12.566370614359,-2.050000292242));
#5212 = VECTOR('',#5213,1.);
#5213 = DIRECTION('',(-1.,0.));
#5214 = ( GEOMETRIC_REPRESENTATION_CONTEXT(2) 
PARAMETRIC_REPRESENTATION_CONTEXT() REPRESENTATION_CONTEXT('2D SPACE',''
  ) );
#5215 = PCURVE('',#4230,#5216);
#5216 = DEFINITIONAL_REPRESENTATION('',(#5217),#5221);
#5217 = CIRCLE('',#5218,1.5);
#5218 = AXIS2_PLACEMENT_2D('',#5219,#5220);
#5219 = CARTESIAN_POINT('',(13.4999,-16.51));
#5220 = DIRECTION('',(0.707106781187,-0.707106781187));
#5221 = ( GEOMETRIC_REPRESENTATION_CONTEXT(2) 
PARAMETRIC_REPRESENTATION_CONTEXT() REPRESENTATION_CONTEXT('2D SPACE',''
  ) );
#5222 = ORIENTED_EDGE('',*,*,#4741,.F.);
#5223 = ORIENTED_EDGE('',*,*,#5224,.F.);
#5224 = EDGE_CURVE('',#5225,#4742,#5227,.T.);
#5225 = VERTEX_POINT('',#5226);
#5226 = CARTESIAN_POINT('',(2.392026139251,40.600759691056,-2.85));
#5227 = SURFACE_CURVE('',#5228,(#5233,#5240),.PCURVE_S1.);
#5228 = CIRCLE('',#5229,1.5);
#5229 = AXIS2_PLACEMENT_3D('',#5230,#5231,#5232);
#5230 = CARTESIAN_POINT('',(3.4001,39.49,-2.85));
#5231 = DIRECTION('',(0.,0.,-1.));
#5232 = DIRECTION('',(-0.707106781187,0.707106781187,0.));
#5233 = PCURVE('',#4757,#5234);
#5234 = DEFINITIONAL_REPRESENTATION('',(#5235),#5239);
#5235 = LINE('',#5236,#5237);
#5236 = CARTESIAN_POINT('',(6.28318530718,0.349999993861));
#5237 = VECTOR('',#5238,1.);
#5238 = DIRECTION('',(1.,0.));
#5239 = ( GEOMETRIC_REPRESENTATION_CONTEXT(2) 
PARAMETRIC_REPRESENTATION_CONTEXT() REPRESENTATION_CONTEXT('2D SPACE',''
  ) );
#5240 = PCURVE('',#4785,#5241);
#5241 = DEFINITIONAL_REPRESENTATION('',(#5242),#5246);
#5242 = CIRCLE('',#5243,1.5);
#5243 = AXIS2_PLACEMENT_2D('',#5244,#5245);
#5244 = CARTESIAN_POINT('',(-13.4999,-16.26));
#5245 = DIRECTION('',(-0.707106781187,-0.707106781187));
#5246 = ( GEOMETRIC_REPRESENTATION_CONTEXT(2) 
PARAMETRIC_REPRESENTATION_CONTEXT() REPRESENTATION_CONTEXT('2D SPACE',''
  ) );
#5247 = ORIENTED_EDGE('',*,*,#5248,.F.);
#5248 = EDGE_CURVE('',#5249,#5225,#5251,.T.);
#5249 = VERTEX_POINT('',#5250);
#5250 = CARTESIAN_POINT('',(1.96444097358,39.924606902682,-2.05));
#5251 = SURFACE_CURVE('',#5252,(#5265,#5294),.PCURVE_S1.);
#5252 = B_SPLINE_CURVE_WITH_KNOTS('',3,(#5253,#5254,#5255,#5256,#5257,
    #5258,#5259,#5260,#5261,#5262,#5263,#5264),.UNSPECIFIED.,.F.,.F.,(4,
    2,2,2,2,4),(-1.276779100998,-1.248778209724,-1.220844302407,
    -1.192127103605,-1.165016333283,-1.151568571319),.UNSPECIFIED.);
#5253 = CARTESIAN_POINT('',(1.96444097358,39.924606902682,-2.05));
#5254 = CARTESIAN_POINT('',(1.96444097358,39.924606902682,
    -2.143336304247));
#5255 = CARTESIAN_POINT('',(1.969115844198,39.940944280874,
    -2.235564744847));
#5256 = CARTESIAN_POINT('',(1.990071819067,40.00272003237,
    -2.410001781627));
#5257 = CARTESIAN_POINT('',(2.006331507392,40.04775164816,
    -2.491311422818));
#5258 = CARTESIAN_POINT('',(2.056599541646,40.159994898036,
    -2.636650997902));
#5259 = CARTESIAN_POINT('',(2.090886638314,40.227013286229,
    -2.699227787416));
#5260 = CARTESIAN_POINT('',(2.17998686312,40.366222617924,
    -2.792280207294));
#5261 = CARTESIAN_POINT('',(2.232500522343,40.436130291445,
    -2.82321987876));
#5262 = CARTESIAN_POINT('',(2.325459546478,40.537486156133,
    -2.84631628389));
#5263 = CARTESIAN_POINT('',(2.357983107013,40.569863817523,-2.85));
#5264 = CARTESIAN_POINT('',(2.392026139251,40.600759691056,-2.85));
#5265 = PCURVE('',#4757,#5266);
#5266 = DEFINITIONAL_REPRESENTATION('',(#5267),#5293);
#5267 = B_SPLINE_CURVE_WITH_KNOTS('',3,(#5268,#5269,#5270,#5271,#5272,
    #5273,#5274,#5275,#5276,#5277,#5278,#5279,#5280,#5281,#5282,#5283,
    #5284,#5285,#5286,#5287,#5288,#5289,#5290,#5291,#5292),
  .UNSPECIFIED.,.F.,.F.,(4,1,1,1,1,1,1,1,1,1,1,1,1,1,1,1,1,1,1,1,1,1,4),
  (-1.276779100998,-1.271087713285,-1.265396325572,-1.25970493786,
    -1.254013550147,-1.248322162434,-1.242630774722,-1.236939387009,
    -1.231247999296,-1.225556611584,-1.219865223871,-1.214173836158,
    -1.208482448446,-1.202791060733,-1.19709967302,-1.191408285307,
    -1.185716897595,-1.180025509882,-1.174334122169,-1.168642734457,
    -1.162951346744,-1.157259959031,-1.151568571319),
  .QUASI_UNIFORM_KNOTS.);
#5268 = CARTESIAN_POINT('',(5.791740160513,-0.450000006139));
#5269 = CARTESIAN_POINT('',(5.791740206237,-0.431028713764));
#5270 = CARTESIAN_POINT('',(5.792676130714,-0.393177539062));
#5271 = CARTESIAN_POINT('',(5.796842481858,-0.336867510748));
#5272 = CARTESIAN_POINT('',(5.803727059753,-0.281212056469));
#5273 = CARTESIAN_POINT('',(5.813282837262,-0.226415338054));
#5274 = CARTESIAN_POINT('',(5.825478608667,-0.172620894494));
#5275 = CARTESIAN_POINT('',(5.840226995941,-0.120202861756));
#5276 = CARTESIAN_POINT('',(5.857410078949,-6.946447303321E-02));
#5277 = CARTESIAN_POINT('',(5.876951558589,-2.05683747719E-02));
#5278 = CARTESIAN_POINT('',(5.898760863376,2.626997965358E-02));
#5279 = CARTESIAN_POINT('',(5.922793362613,7.090577783104E-02));
#5280 = CARTESIAN_POINT('',(5.948855748653,0.112945654744));
#5281 = CARTESIAN_POINT('',(5.976804064367,0.15215838131));
#5282 = CARTESIAN_POINT('',(6.006560993751,0.1883961605));
#5283 = CARTESIAN_POINT('',(6.038016772276,0.221468611494));
#5284 = CARTESIAN_POINT('',(6.071178170178,0.251272256595));
#5285 = CARTESIAN_POINT('',(6.10565920157,0.27738441606));
#5286 = CARTESIAN_POINT('',(6.141229629637,0.299627733136));
#5287 = CARTESIAN_POINT('',(6.177855556395,0.317962834689));
#5288 = CARTESIAN_POINT('',(6.215415541714,0.332307088831));
#5289 = CARTESIAN_POINT('',(6.253988520328,0.342612915066));
#5290 = CARTESIAN_POINT('',(6.292721505081,0.348677419763));
#5291 = CARTESIAN_POINT('',(6.318655480948,0.350004843813));
#5292 = CARTESIAN_POINT('',(6.331610796109,0.349999993861));
#5293 = ( GEOMETRIC_REPRESENTATION_CONTEXT(2) 
PARAMETRIC_REPRESENTATION_CONTEXT() REPRESENTATION_CONTEXT('2D SPACE',''
  ) );
#5294 = PCURVE('',#4929,#5295);
#5295 = DEFINITIONAL_REPRESENTATION('',(#5296),#5322);
#5296 = B_SPLINE_CURVE_WITH_KNOTS('',3,(#5297,#5298,#5299,#5300,#5301,
    #5302,#5303,#5304,#5305,#5306,#5307,#5308,#5309,#5310,#5311,#5312,
    #5313,#5314,#5315,#5316,#5317,#5318,#5319,#5320,#5321),
  .UNSPECIFIED.,.F.,.F.,(4,1,1,1,1,1,1,1,1,1,1,1,1,1,1,1,1,1,1,1,1,1,4),
  (-1.276779100998,-1.271087713285,-1.265396325572,-1.25970493786,
    -1.254013550147,-1.248322162434,-1.242630774722,-1.236939387009,
    -1.231247999296,-1.225556611584,-1.219865223871,-1.214173836158,
    -1.208482448446,-1.202791060733,-1.19709967302,-1.191408285307,
    -1.185716897595,-1.180025509882,-1.174334122169,-1.168642734457,
    -1.162951346744,-1.157259959031,-1.151568571319),
  .QUASI_UNIFORM_KNOTS.);
#5297 = CARTESIAN_POINT('',(3.820612291902,0.));
#5298 = CARTESIAN_POINT('',(3.820612447697,2.371379126851E-02));
#5299 = CARTESIAN_POINT('',(3.820723306208,7.102837706711E-02));
#5300 = CARTESIAN_POINT('',(3.821197663948,0.141770903609));
#5301 = CARTESIAN_POINT('',(3.82195617192,0.2124010603));
#5302 = CARTESIAN_POINT('',(3.822976131744,0.283010124586));
#5303 = CARTESIAN_POINT('',(3.824240188025,0.353767612898));
#5304 = CARTESIAN_POINT('',(3.825716467999,0.424541622084));
#5305 = CARTESIAN_POINT('',(3.827342140712,0.495275190619));
#5306 = CARTESIAN_POINT('',(3.82906382153,0.566096466399));
#5307 = CARTESIAN_POINT('',(3.830822724347,0.637061466103));
#5308 = CARTESIAN_POINT('',(3.832564256776,0.708347638968));
#5309 = CARTESIAN_POINT('',(3.834208924385,0.779725553877));
#5310 = CARTESIAN_POINT('',(3.835677170034,0.851173699828));
#5311 = CARTESIAN_POINT('',(3.8368921464,0.92282343463));
#5312 = CARTESIAN_POINT('',(3.83776880844,0.994718902799));
#5313 = CARTESIAN_POINT('',(3.838217749994,1.06714089567));
#5314 = CARTESIAN_POINT('',(3.838134414651,1.13952538537));
#5315 = CARTESIAN_POINT('',(3.837440272298,1.211694309778));
#5316 = CARTESIAN_POINT('',(3.836050292432,1.283858904961));
#5317 = CARTESIAN_POINT('',(3.833877076479,1.356036504788));
#5318 = CARTESIAN_POINT('',(3.830802020218,1.428589066778));
#5319 = CARTESIAN_POINT('',(3.826811147761,1.50014439208));
#5320 = CARTESIAN_POINT('',(3.823507347541,1.54735184116));
#5321 = CARTESIAN_POINT('',(3.821688142544,1.570796326784));
#5322 = ( GEOMETRIC_REPRESENTATION_CONTEXT(2) 
PARAMETRIC_REPRESENTATION_CONTEXT() REPRESENTATION_CONTEXT('2D SPACE',''
  ) );
#5323 = ORIENTED_EDGE('',*,*,#5324,.F.);
#5324 = EDGE_CURVE('',#5179,#5249,#5325,.T.);
#5325 = SURFACE_CURVE('',#5326,(#5331,#5338),.PCURVE_S1.);
#5326 = CIRCLE('',#5327,1.5);
#5327 = AXIS2_PLACEMENT_3D('',#5328,#5329,#5330);
#5328 = CARTESIAN_POINT('',(3.4001,39.49,-2.05));
#5329 = DIRECTION('',(0.,0.,-1.));
#5330 = DIRECTION('',(-0.707106781187,0.707106781187,0.));
#5331 = PCURVE('',#4757,#5332);
#5332 = DEFINITIONAL_REPRESENTATION('',(#5333),#5337);
#5333 = LINE('',#5334,#5335);
#5334 = CARTESIAN_POINT('',(8.881784197001E-16,-0.450000006139));
#5335 = VECTOR('',#5336,1.);
#5336 = DIRECTION('',(1.,0.));
#5337 = ( GEOMETRIC_REPRESENTATION_CONTEXT(2) 
PARAMETRIC_REPRESENTATION_CONTEXT() REPRESENTATION_CONTEXT('2D SPACE',''
  ) );
#5338 = PCURVE('',#238,#5339);
#5339 = DEFINITIONAL_REPRESENTATION('',(#5340),#5348);
#5340 = ( BOUNDED_CURVE() B_SPLINE_CURVE(2,(#5341,#5342,#5343,#5344,
#5345,#5346,#5347),.UNSPECIFIED.,.T.,.F.) B_SPLINE_CURVE_WITH_KNOTS((1,2
    ,2,2,2,1),(-2.094395102393,0.,2.094395102393,4.188790204786,
6.28318530718,8.377580409573),.UNSPECIFIED.) CURVE() 
GEOMETRIC_REPRESENTATION_ITEM() RATIONAL_B_SPLINE_CURVE((1.,0.5,1.,0.5,
1.,0.5,1.)) REPRESENTATION_ITEM('') );
#5341 = CARTESIAN_POINT('',(14.56056017178,-17.57066017178));
#5342 = CARTESIAN_POINT('',(12.723442864692,-19.40777747886));
#5343 = CARTESIAN_POINT('',(12.051011260566,-16.89822856765));
#5344 = CARTESIAN_POINT('',(11.37857965644,-14.38867965644));
#5345 = CARTESIAN_POINT('',(13.888128567654,-15.06111126056));
#5346 = CARTESIAN_POINT('',(16.397677478867,-15.73354286469));
#5347 = CARTESIAN_POINT('',(14.56056017178,-17.57066017178));
#5348 = ( GEOMETRIC_REPRESENTATION_CONTEXT(2) 
PARAMETRIC_REPRESENTATION_CONTEXT() REPRESENTATION_CONTEXT('2D SPACE',''
  ) );
#5349 = ADVANCED_FACE('',(#5350),#4147,.F.);
#5350 = FACE_BOUND('',#5351,.T.);
#5351 = EDGE_LOOP('',(#5352,#5353,#5374,#5375));
#5352 = ORIENTED_EDGE('',*,*,#4124,.F.);
#5353 = ORIENTED_EDGE('',*,*,#5354,.F.);
#5354 = EDGE_CURVE('',#5179,#4125,#5355,.T.);
#5355 = SURFACE_CURVE('',#5356,(#5360,#5367),.PCURVE_S1.);
#5356 = LINE('',#5357,#5358);
#5357 = CARTESIAN_POINT('',(1.9001,16.985,-2.05));
#5358 = VECTOR('',#5359,1.);
#5359 = DIRECTION('',(0.,-1.,0.));
#5360 = PCURVE('',#4147,#5361);
#5361 = DEFINITIONAL_REPRESENTATION('',(#5362),#5366);
#5362 = LINE('',#5363,#5364);
#5363 = CARTESIAN_POINT('',(0.95,5.995));
#5364 = VECTOR('',#5365,1.);
#5365 = DIRECTION('',(0.,-1.));
#5366 = ( GEOMETRIC_REPRESENTATION_CONTEXT(2) 
PARAMETRIC_REPRESENTATION_CONTEXT() REPRESENTATION_CONTEXT('2D SPACE',''
  ) );
#5367 = PCURVE('',#238,#5368);
#5368 = DEFINITIONAL_REPRESENTATION('',(#5369),#5373);
#5369 = LINE('',#5370,#5371);
#5370 = CARTESIAN_POINT('',(14.9999,5.995));
#5371 = VECTOR('',#5372,1.);
#5372 = DIRECTION('',(0.,1.));
#5373 = ( GEOMETRIC_REPRESENTATION_CONTEXT(2) 
PARAMETRIC_REPRESENTATION_CONTEXT() REPRESENTATION_CONTEXT('2D SPACE',''
  ) );
#5374 = ORIENTED_EDGE('',*,*,#5176,.F.);
#5375 = ORIENTED_EDGE('',*,*,#5376,.F.);
#5376 = EDGE_CURVE('',#4127,#5177,#5377,.T.);
#5377 = SURFACE_CURVE('',#5378,(#5382,#5389),.PCURVE_S1.);
#5378 = LINE('',#5379,#5380);
#5379 = CARTESIAN_POINT('',(1.9001,16.985,-0.449999731779));
#5380 = VECTOR('',#5381,1.);
#5381 = DIRECTION('',(0.,1.,0.));
#5382 = PCURVE('',#4147,#5383);
#5383 = DEFINITIONAL_REPRESENTATION('',(#5384),#5388);
#5384 = LINE('',#5385,#5386);
#5385 = CARTESIAN_POINT('',(2.550000268221,5.995));
#5386 = VECTOR('',#5387,1.);
#5387 = DIRECTION('',(0.,1.));
#5388 = ( GEOMETRIC_REPRESENTATION_CONTEXT(2) 
PARAMETRIC_REPRESENTATION_CONTEXT() REPRESENTATION_CONTEXT('2D SPACE',''
  ) );
#5389 = PCURVE('',#4230,#5390);
#5390 = DEFINITIONAL_REPRESENTATION('',(#5391),#5395);
#5391 = LINE('',#5392,#5393);
#5392 = CARTESIAN_POINT('',(14.9999,5.995));
#5393 = VECTOR('',#5394,1.);
#5394 = DIRECTION('',(0.,-1.));
#5395 = ( GEOMETRIC_REPRESENTATION_CONTEXT(2) 
PARAMETRIC_REPRESENTATION_CONTEXT() REPRESENTATION_CONTEXT('2D SPACE',''
  ) );
#5396 = ADVANCED_FACE('',(#5397),#5411,.F.);
#5397 = FACE_BOUND('',#5398,.F.);
#5398 = EDGE_LOOP('',(#5399,#5434,#5462,#5485));
#5399 = ORIENTED_EDGE('',*,*,#5400,.F.);
#5400 = EDGE_CURVE('',#5401,#5403,#5405,.T.);
#5401 = VERTEX_POINT('',#5402);
#5402 = CARTESIAN_POINT('',(34.999998836517,14.58,2.385));
#5403 = VERTEX_POINT('',#5404);
#5404 = CARTESIAN_POINT('',(34.999998836517,14.58,0.200000190735));
#5405 = SURFACE_CURVE('',#5406,(#5410,#5422),.PCURVE_S1.);
#5406 = LINE('',#5407,#5408);
#5407 = CARTESIAN_POINT('',(34.999998836517,14.58,2.4925));
#5408 = VECTOR('',#5409,1.);
#5409 = DIRECTION('',(-8.217301096052E-31,-7.401486830834E-15,-1.));
#5410 = PCURVE('',#5411,#5416);
#5411 = CYLINDRICAL_SURFACE('',#5412,0.5);
#5412 = AXIS2_PLACEMENT_3D('',#5413,#5414,#5415);
#5413 = CARTESIAN_POINT('',(34.999998836517,14.08,2.4925));
#5414 = DIRECTION('',(-8.217301096052E-31,-7.401486830834E-15,-1.));
#5415 = DIRECTION('',(0.707106781187,0.707106781187,-5.233641528946E-15)
  );
#5416 = DEFINITIONAL_REPRESENTATION('',(#5417),#5421);
#5417 = LINE('',#5418,#5419);
#5418 = CARTESIAN_POINT('',(5.497787143782,-3.552713678801E-15));
#5419 = VECTOR('',#5420,1.);
#5420 = DIRECTION('',(1.219467044254E-15,1.));
#5421 = ( GEOMETRIC_REPRESENTATION_CONTEXT(2) 
PARAMETRIC_REPRESENTATION_CONTEXT() REPRESENTATION_CONTEXT('2D SPACE',''
  ) );
#5422 = PCURVE('',#5423,#5428);
#5423 = PLANE('',#5424);
#5424 = AXIS2_PLACEMENT_3D('',#5425,#5426,#5427);
#5425 = CARTESIAN_POINT('',(35.499998836517,14.58,2.535));
#5426 = DIRECTION('',(0.,1.,-7.401486830834E-15));
#5427 = DIRECTION('',(-8.217301096052E-31,-7.401486830834E-15,-1.));
#5428 = DEFINITIONAL_REPRESENTATION('',(#5429),#5433);
#5429 = LINE('',#5430,#5431);
#5430 = CARTESIAN_POINT('',(4.249999999991E-02,0.5));
#5431 = VECTOR('',#5432,1.);
#5432 = DIRECTION('',(1.,0.));
#5433 = ( GEOMETRIC_REPRESENTATION_CONTEXT(2) 
PARAMETRIC_REPRESENTATION_CONTEXT() REPRESENTATION_CONTEXT('2D SPACE',''
  ) );
#5434 = ORIENTED_EDGE('',*,*,#5435,.F.);
#5435 = EDGE_CURVE('',#5436,#5401,#5438,.T.);
#5436 = VERTEX_POINT('',#5437);
#5437 = CARTESIAN_POINT('',(35.5,14.08,2.385));
#5438 = SURFACE_CURVE('',#5439,(#5444,#5451),.PCURVE_S1.);
#5439 = CIRCLE('',#5440,0.5);
#5440 = AXIS2_PLACEMENT_3D('',#5441,#5442,#5443);
#5441 = CARTESIAN_POINT('',(34.999998836517,14.08,2.385));
#5442 = DIRECTION('',(0.,1.067522139063E-16,1.));
#5443 = DIRECTION('',(0.707106781187,0.707106781187,-7.54852143598E-17)
  );
#5444 = PCURVE('',#5411,#5445);
#5445 = DEFINITIONAL_REPRESENTATION('',(#5446),#5450);
#5446 = LINE('',#5447,#5448);
#5447 = CARTESIAN_POINT('',(12.566370614359,0.1075));
#5448 = VECTOR('',#5449,1.);
#5449 = DIRECTION('',(-1.,-2.261727773485E-15));
#5450 = ( GEOMETRIC_REPRESENTATION_CONTEXT(2) 
PARAMETRIC_REPRESENTATION_CONTEXT() REPRESENTATION_CONTEXT('2D SPACE',''
  ) );
#5451 = PCURVE('',#1386,#5452);
#5452 = DEFINITIONAL_REPRESENTATION('',(#5453),#5461);
#5453 = ( BOUNDED_CURVE() B_SPLINE_CURVE(2,(#5454,#5455,#5456,#5457,
#5458,#5459,#5460),.UNSPECIFIED.,.T.,.F.) B_SPLINE_CURVE_WITH_KNOTS((1,2
    ,2,2,2,1),(-2.094395102393,0.,2.094395102393,4.188790204786,
6.28318530718,8.377580409573),.UNSPECIFIED.) CURVE() 
GEOMETRIC_REPRESENTATION_ITEM() RATIONAL_B_SPLINE_CURVE((1.,0.5,1.,0.5,
1.,0.5,1.)) REPRESENTATION_ITEM('') );
#5454 = CARTESIAN_POINT('',(-18.45355222711,-8.546446609407));
#5455 = CARTESIAN_POINT('',(-17.84117979141,-7.934074173711));
#5456 = CARTESIAN_POINT('',(-17.61703592337,-8.770590477449));
#5457 = CARTESIAN_POINT('',(-17.39289205533,-9.607106781187));
#5458 = CARTESIAN_POINT('',(-18.22940835906,-9.382962913145));
#5459 = CARTESIAN_POINT('',(-19.0659246628,-9.158819045103));
#5460 = CARTESIAN_POINT('',(-18.45355222711,-8.546446609407));
#5461 = ( GEOMETRIC_REPRESENTATION_CONTEXT(2) 
PARAMETRIC_REPRESENTATION_CONTEXT() REPRESENTATION_CONTEXT('2D SPACE',''
  ) );
#5462 = ORIENTED_EDGE('',*,*,#5463,.F.);
#5463 = EDGE_CURVE('',#5464,#5436,#5466,.T.);
#5464 = VERTEX_POINT('',#5465);
#5465 = CARTESIAN_POINT('',(35.5,14.08,0.200000190735));
#5466 = SURFACE_CURVE('',#5467,(#5471,#5478),.PCURVE_S1.);
#5467 = LINE('',#5468,#5469);
#5468 = CARTESIAN_POINT('',(35.499998836517,14.08,2.4925));
#5469 = VECTOR('',#5470,1.);
#5470 = DIRECTION('',(8.217301096052E-31,7.401486830834E-15,1.));
#5471 = PCURVE('',#5411,#5472);
#5472 = DEFINITIONAL_REPRESENTATION('',(#5473),#5477);
#5473 = LINE('',#5474,#5475);
#5474 = CARTESIAN_POINT('',(7.068583470577,0.));
#5475 = VECTOR('',#5476,1.);
#5476 = DIRECTION('',(-1.219467044254E-15,-1.));
#5477 = ( GEOMETRIC_REPRESENTATION_CONTEXT(2) 
PARAMETRIC_REPRESENTATION_CONTEXT() REPRESENTATION_CONTEXT('2D SPACE',''
  ) );
#5478 = PCURVE('',#1865,#5479);
#5479 = DEFINITIONAL_REPRESENTATION('',(#5480),#5484);
#5480 = LINE('',#5481,#5482);
#5481 = CARTESIAN_POINT('',(-22.10000014782,4.250000000008E-02));
#5482 = VECTOR('',#5483,1.);
#5483 = DIRECTION('',(7.401486830834E-15,1.));
#5484 = ( GEOMETRIC_REPRESENTATION_CONTEXT(2) 
PARAMETRIC_REPRESENTATION_CONTEXT() REPRESENTATION_CONTEXT('2D SPACE',''
  ) );
#5485 = ORIENTED_EDGE('',*,*,#5486,.T.);
#5486 = EDGE_CURVE('',#5464,#5403,#5487,.T.);
#5487 = SURFACE_CURVE('',#5488,(#5493,#5500),.PCURVE_S1.);
#5488 = CIRCLE('',#5489,0.5);
#5489 = AXIS2_PLACEMENT_3D('',#5490,#5491,#5492);
#5490 = CARTESIAN_POINT('',(34.999998836517,14.08,0.200000190735));
#5491 = DIRECTION('',(-1.479114197289E-31,-6.672013369142E-16,1.));
#5492 = DIRECTION('',(0.707106781187,0.707106781187,4.717825897487E-16)
  );
#5493 = PCURVE('',#5411,#5494);
#5494 = DEFINITIONAL_REPRESENTATION('',(#5495),#5499);
#5495 = LINE('',#5496,#5497);
#5496 = CARTESIAN_POINT('',(12.566370614359,2.292499809265));
#5497 = VECTOR('',#5498,1.);
#5498 = DIRECTION('',(-1.,-2.544443745171E-15));
#5499 = ( GEOMETRIC_REPRESENTATION_CONTEXT(2) 
PARAMETRIC_REPRESENTATION_CONTEXT() REPRESENTATION_CONTEXT('2D SPACE',''
  ) );
#5500 = PCURVE('',#5501,#5506);
#5501 = PLANE('',#5502);
#5502 = AXIS2_PLACEMENT_3D('',#5503,#5504,#5505);
#5503 = CARTESIAN_POINT('',(33.9,6.38,0.200000190735));
#5504 = DIRECTION('',(1.234570477171E-31,6.672013369142E-16,-1.));
#5505 = DIRECTION('',(1.110223024625E-16,1.,6.672013369142E-16));
#5506 = DEFINITIONAL_REPRESENTATION('',(#5507),#5515);
#5507 = ( BOUNDED_CURVE() B_SPLINE_CURVE(2,(#5508,#5509,#5510,#5511,
#5512,#5513,#5514),.UNSPECIFIED.,.T.,.F.) B_SPLINE_CURVE_WITH_KNOTS((1,2
    ,2,2,2,1),(-2.094395102393,0.,2.094395102393,4.188790204786,
6.28318530718,8.377580409573),.UNSPECIFIED.) CURVE() 
GEOMETRIC_REPRESENTATION_ITEM() RATIONAL_B_SPLINE_CURVE((1.,0.5,1.,0.5,
1.,0.5,1.)) REPRESENTATION_ITEM('') );
#5508 = CARTESIAN_POINT('',(8.053553390593,1.453552227111));
#5509 = CARTESIAN_POINT('',(8.665925826289,0.841179791415));
#5510 = CARTESIAN_POINT('',(7.829409522551,0.617035923373));
#5511 = CARTESIAN_POINT('',(6.992893218813,0.392892055331));
#5512 = CARTESIAN_POINT('',(7.217037086855,1.229408359069));
#5513 = CARTESIAN_POINT('',(7.441180954897,2.065924662806));
#5514 = CARTESIAN_POINT('',(8.053553390593,1.453552227111));
#5515 = ( GEOMETRIC_REPRESENTATION_CONTEXT(2) 
PARAMETRIC_REPRESENTATION_CONTEXT() REPRESENTATION_CONTEXT('2D SPACE',''
  ) );
#5516 = ADVANCED_FACE('',(#5517),#1865,.F.);
#5517 = FACE_BOUND('',#5518,.T.);
#5518 = EDGE_LOOP('',(#5519,#5520,#5543,#5564,#5565,#5593,#5616,#5644));
#5519 = ORIENTED_EDGE('',*,*,#5463,.F.);
#5520 = ORIENTED_EDGE('',*,*,#5521,.T.);
#5521 = EDGE_CURVE('',#5464,#5522,#5524,.T.);
#5522 = VERTEX_POINT('',#5523);
#5523 = CARTESIAN_POINT('',(35.5,5.479999704361,0.200000190735));
#5524 = SURFACE_CURVE('',#5525,(#5529,#5536),.PCURVE_S1.);
#5525 = LINE('',#5526,#5527);
#5526 = CARTESIAN_POINT('',(35.5,24.17,0.200000190735));
#5527 = VECTOR('',#5528,1.);
#5528 = DIRECTION('',(1.169887275685E-16,-1.,-6.672013369142E-16));
#5529 = PCURVE('',#1865,#5530);
#5530 = DEFINITIONAL_REPRESENTATION('',(#5531),#5535);
#5531 = LINE('',#5532,#5533);
#5532 = CARTESIAN_POINT('',(-12.01000014781,-2.249999809265));
#5533 = VECTOR('',#5534,1.);
#5534 = DIRECTION('',(-1.,-6.672013369142E-16));
#5535 = ( GEOMETRIC_REPRESENTATION_CONTEXT(2) 
PARAMETRIC_REPRESENTATION_CONTEXT() REPRESENTATION_CONTEXT('2D SPACE',''
  ) );
#5536 = PCURVE('',#5501,#5537);
#5537 = DEFINITIONAL_REPRESENTATION('',(#5538),#5542);
#5538 = LINE('',#5539,#5540);
#5539 = CARTESIAN_POINT('',(17.79,1.6));
#5540 = VECTOR('',#5541,1.);
#5541 = DIRECTION('',(-1.,2.28011030031E-16));
#5542 = ( GEOMETRIC_REPRESENTATION_CONTEXT(2) 
PARAMETRIC_REPRESENTATION_CONTEXT() REPRESENTATION_CONTEXT('2D SPACE',''
  ) );
#5543 = ORIENTED_EDGE('',*,*,#5544,.F.);
#5544 = EDGE_CURVE('',#1850,#5522,#5545,.T.);
#5545 = SURFACE_CURVE('',#5546,(#5550,#5557),.PCURVE_S1.);
#5546 = LINE('',#5547,#5548);
#5547 = CARTESIAN_POINT('',(35.499998836517,5.479999704361,2.3425));
#5548 = VECTOR('',#5549,1.);
#5549 = DIRECTION('',(-8.217301096052E-31,-7.401486830834E-15,-1.));
#5550 = PCURVE('',#1865,#5551);
#5551 = DEFINITIONAL_REPRESENTATION('',(#5552),#5556);
#5552 = LINE('',#5553,#5554);
#5553 = CARTESIAN_POINT('',(-30.70000044345,-0.1075));
#5554 = VECTOR('',#5555,1.);
#5555 = DIRECTION('',(-7.401486830834E-15,-1.));
#5556 = ( GEOMETRIC_REPRESENTATION_CONTEXT(2) 
PARAMETRIC_REPRESENTATION_CONTEXT() REPRESENTATION_CONTEXT('2D SPACE',''
  ) );
#5557 = PCURVE('',#1898,#5558);
#5558 = DEFINITIONAL_REPRESENTATION('',(#5559),#5563);
#5559 = LINE('',#5560,#5561);
#5560 = CARTESIAN_POINT('',(0.785398163397,0.));
#5561 = VECTOR('',#5562,1.);
#5562 = DIRECTION('',(0.,-1.));
#5563 = ( GEOMETRIC_REPRESENTATION_CONTEXT(2) 
PARAMETRIC_REPRESENTATION_CONTEXT() REPRESENTATION_CONTEXT('2D SPACE',''
  ) );
#5564 = ORIENTED_EDGE('',*,*,#1849,.F.);
#5565 = ORIENTED_EDGE('',*,*,#5566,.F.);
#5566 = EDGE_CURVE('',#5567,#1827,#5569,.T.);
#5567 = VERTEX_POINT('',#5568);
#5568 = CARTESIAN_POINT('',(35.499998836517,7.228308560374,1.2));
#5569 = SURFACE_CURVE('',#5570,(#5575,#5586),.PCURVE_S1.);
#5570 = CIRCLE('',#5571,1.25);
#5571 = AXIS2_PLACEMENT_3D('',#5572,#5573,#5574);
#5572 = CARTESIAN_POINT('',(35.499998836517,7.228308560374,2.45));
#5573 = DIRECTION('',(-1.,1.110223024625E-16,7.703719777549E-34));
#5574 = DIRECTION('',(-1.108720987031E-16,-0.99864708481,-5.2E-02));
#5575 = PCURVE('',#1865,#5576);
#5576 = DEFINITIONAL_REPRESENTATION('',(#5577),#5585);
#5577 = ( BOUNDED_CURVE() B_SPLINE_CURVE(2,(#5578,#5579,#5580,#5581,
#5582,#5583,#5584),.UNSPECIFIED.,.T.,.F.) B_SPLINE_CURVE_WITH_KNOTS((1,2
    ,2,2,2,1),(-2.094395102393,0.,2.094395102393,4.188790204786,
6.28318530718,8.377580409573),.UNSPECIFIED.) CURVE() 
GEOMETRIC_REPRESENTATION_ITEM() RATIONAL_B_SPLINE_CURVE((1.,0.5,1.,0.5,
1.,0.5,1.)) REPRESENTATION_ITEM('') );
#5578 = CARTESIAN_POINT('',(-30.20000044345,-6.5E-02));
#5579 = CARTESIAN_POINT('',(-30.31258374595,2.097134362152));
#5580 = CARTESIAN_POINT('',(-28.38382881068,1.113567181076));
#5581 = CARTESIAN_POINT('',(-26.45507387542,0.13));
#5582 = CARTESIAN_POINT('',(-28.27124550819,-1.048567181076));
#5583 = CARTESIAN_POINT('',(-30.08741714096,-2.227134362152));
#5584 = CARTESIAN_POINT('',(-30.20000044345,-6.5E-02));
#5585 = ( GEOMETRIC_REPRESENTATION_CONTEXT(2) 
PARAMETRIC_REPRESENTATION_CONTEXT() REPRESENTATION_CONTEXT('2D SPACE',''
  ) );
#5586 = PCURVE('',#1810,#5587);
#5587 = DEFINITIONAL_REPRESENTATION('',(#5588),#5592);
#5588 = LINE('',#5589,#5590);
#5589 = CARTESIAN_POINT('',(6.28318530718,-0.2));
#5590 = VECTOR('',#5591,1.);
#5591 = DIRECTION('',(-1.,0.));
#5592 = ( GEOMETRIC_REPRESENTATION_CONTEXT(2) 
PARAMETRIC_REPRESENTATION_CONTEXT() REPRESENTATION_CONTEXT('2D SPACE',''
  ) );
#5593 = ORIENTED_EDGE('',*,*,#5594,.F.);
#5594 = EDGE_CURVE('',#5595,#5567,#5597,.T.);
#5595 = VERTEX_POINT('',#5596);
#5596 = CARTESIAN_POINT('',(35.499998836517,12.331691143987,1.2));
#5597 = SURFACE_CURVE('',#5598,(#5602,#5609),.PCURVE_S1.);
#5598 = LINE('',#5599,#5600);
#5599 = CARTESIAN_POINT('',(35.499998836517,11.08,1.2));
#5600 = VECTOR('',#5601,1.);
#5601 = DIRECTION('',(-1.110223024625E-16,-1.,1.067522139063E-16));
#5602 = PCURVE('',#1865,#5603);
#5603 = DEFINITIONAL_REPRESENTATION('',(#5604),#5608);
#5604 = LINE('',#5605,#5606);
#5605 = CARTESIAN_POINT('',(-25.10000014782,-1.25));
#5606 = VECTOR('',#5607,1.);
#5607 = DIRECTION('',(-1.,1.067522139063E-16));
#5608 = ( GEOMETRIC_REPRESENTATION_CONTEXT(2) 
PARAMETRIC_REPRESENTATION_CONTEXT() REPRESENTATION_CONTEXT('2D SPACE',''
  ) );
#5609 = PCURVE('',#1783,#5610);
#5610 = DEFINITIONAL_REPRESENTATION('',(#5611),#5615);
#5611 = LINE('',#5612,#5613);
#5612 = CARTESIAN_POINT('',(26.40000014782,2.930988801422E-15));
#5613 = VECTOR('',#5614,1.);
#5614 = DIRECTION('',(1.,1.265214063949E-48));
#5615 = ( GEOMETRIC_REPRESENTATION_CONTEXT(2) 
PARAMETRIC_REPRESENTATION_CONTEXT() REPRESENTATION_CONTEXT('2D SPACE',''
  ) );
#5616 = ORIENTED_EDGE('',*,*,#5617,.F.);
#5617 = EDGE_CURVE('',#5618,#5595,#5620,.T.);
#5618 = VERTEX_POINT('',#5619);
#5619 = CARTESIAN_POINT('',(35.499998836517,13.58,2.385));
#5620 = SURFACE_CURVE('',#5621,(#5626,#5637),.PCURVE_S1.);
#5621 = CIRCLE('',#5622,1.25);
#5622 = AXIS2_PLACEMENT_3D('',#5623,#5624,#5625);
#5623 = CARTESIAN_POINT('',(35.499998836517,12.331691143987,2.45));
#5624 = DIRECTION('',(-1.,1.110223024625E-16,0.));
#5625 = DIRECTION('',(1.108720987031E-16,0.99864708481,
    -5.200000000001E-02));
#5626 = PCURVE('',#1865,#5627);
#5627 = DEFINITIONAL_REPRESENTATION('',(#5628),#5636);
#5628 = ( BOUNDED_CURVE() B_SPLINE_CURVE(2,(#5629,#5630,#5631,#5632,
#5633,#5634,#5635),.UNSPECIFIED.,.T.,.F.) B_SPLINE_CURVE_WITH_KNOTS((1,2
    ,2,2,2,1),(-2.094395102393,0.,2.094395102393,4.188790204786,
6.28318530718,8.377580409573),.UNSPECIFIED.) CURVE() 
GEOMETRIC_REPRESENTATION_ITEM() RATIONAL_B_SPLINE_CURVE((1.,0.5,1.,0.5,
1.,0.5,1.)) REPRESENTATION_ITEM('') );
#5629 = CARTESIAN_POINT('',(-22.60000014781,-6.500000000001E-02));
#5630 = CARTESIAN_POINT('',(-22.71258345031,-2.227134362152));
#5631 = CARTESIAN_POINT('',(-24.52875508308,-1.048567181076));
#5632 = CARTESIAN_POINT('',(-26.34492671585,0.13));
#5633 = CARTESIAN_POINT('',(-24.41617178059,1.113567181076));
#5634 = CARTESIAN_POINT('',(-22.48741684532,2.097134362152));
#5635 = CARTESIAN_POINT('',(-22.60000014781,-6.500000000001E-02));
#5636 = ( GEOMETRIC_REPRESENTATION_CONTEXT(2) 
PARAMETRIC_REPRESENTATION_CONTEXT() REPRESENTATION_CONTEXT('2D SPACE',''
  ) );
#5637 = PCURVE('',#1755,#5638);
#5638 = DEFINITIONAL_REPRESENTATION('',(#5639),#5643);
#5639 = LINE('',#5640,#5641);
#5640 = CARTESIAN_POINT('',(0.,0.2));
#5641 = VECTOR('',#5642,1.);
#5642 = DIRECTION('',(1.,0.));
#5643 = ( GEOMETRIC_REPRESENTATION_CONTEXT(2) 
PARAMETRIC_REPRESENTATION_CONTEXT() REPRESENTATION_CONTEXT('2D SPACE',''
  ) );
#5644 = ORIENTED_EDGE('',*,*,#5645,.F.);
#5645 = EDGE_CURVE('',#5436,#5618,#5646,.T.);
#5646 = SURFACE_CURVE('',#5647,(#5651,#5658),.PCURVE_S1.);
#5647 = LINE('',#5648,#5649);
#5648 = CARTESIAN_POINT('',(35.5,22.98,2.385));
#5649 = VECTOR('',#5650,1.);
#5650 = DIRECTION('',(1.169887275685E-16,-1.,1.067522139063E-16));
#5651 = PCURVE('',#1865,#5652);
#5652 = DEFINITIONAL_REPRESENTATION('',(#5653),#5657);
#5653 = LINE('',#5654,#5655);
#5654 = CARTESIAN_POINT('',(-13.20000014781,-6.5E-02));
#5655 = VECTOR('',#5656,1.);
#5656 = DIRECTION('',(-1.,1.067522139063E-16));
#5657 = ( GEOMETRIC_REPRESENTATION_CONTEXT(2) 
PARAMETRIC_REPRESENTATION_CONTEXT() REPRESENTATION_CONTEXT('2D SPACE',''
  ) );
#5658 = PCURVE('',#1386,#5659);
#5659 = DEFINITIONAL_REPRESENTATION('',(#5660),#5664);
#5660 = LINE('',#5661,#5662);
#5661 = CARTESIAN_POINT('',(-18.6,0.));
#5662 = VECTOR('',#5663,1.);
#5663 = DIRECTION('',(-1.169887275685E-16,-1.));
#5664 = ( GEOMETRIC_REPRESENTATION_CONTEXT(2) 
PARAMETRIC_REPRESENTATION_CONTEXT() REPRESENTATION_CONTEXT('2D SPACE',''
  ) );
#5665 = ADVANCED_FACE('',(#5666),#2127,.F.);
#5666 = FACE_BOUND('',#5667,.F.);
#5667 = EDGE_LOOP('',(#5668,#5691,#5692,#5715));
#5668 = ORIENTED_EDGE('',*,*,#5669,.F.);
#5669 = EDGE_CURVE('',#2079,#5670,#5672,.T.);
#5670 = VERTEX_POINT('',#5671);
#5671 = CARTESIAN_POINT('',(-1.199998645782,4.98,0.200000190735));
#5672 = SURFACE_CURVE('',#5673,(#5677,#5684),.PCURVE_S1.);
#5673 = LINE('',#5674,#5675);
#5674 = CARTESIAN_POINT('',(-1.199998645782,4.98,2.4925));
#5675 = VECTOR('',#5676,1.);
#5676 = DIRECTION('',(1.38777878078E-17,7.404956277786E-15,-1.));
#5677 = PCURVE('',#2127,#5678);
#5678 = DEFINITIONAL_REPRESENTATION('',(#5679),#5683);
#5679 = LINE('',#5680,#5681);
#5680 = CARTESIAN_POINT('',(5.497787143782,-3.552713678801E-15));
#5681 = VECTOR('',#5682,1.);
#5682 = DIRECTION('',(4.064890147514E-16,1.));
#5683 = ( GEOMETRIC_REPRESENTATION_CONTEXT(2) 
PARAMETRIC_REPRESENTATION_CONTEXT() REPRESENTATION_CONTEXT('2D SPACE',''
  ) );
#5684 = PCURVE('',#2094,#5685);
#5685 = DEFINITIONAL_REPRESENTATION('',(#5686),#5690);
#5686 = LINE('',#5687,#5688);
#5687 = CARTESIAN_POINT('',(4.250000000001E-02,0.5));
#5688 = VECTOR('',#5689,1.);
#5689 = DIRECTION('',(1.,0.));
#5690 = ( GEOMETRIC_REPRESENTATION_CONTEXT(2) 
PARAMETRIC_REPRESENTATION_CONTEXT() REPRESENTATION_CONTEXT('2D SPACE',''
  ) );
#5691 = ORIENTED_EDGE('',*,*,#2106,.F.);
#5692 = ORIENTED_EDGE('',*,*,#5693,.F.);
#5693 = EDGE_CURVE('',#5694,#2107,#5696,.T.);
#5694 = VERTEX_POINT('',#5695);
#5695 = CARTESIAN_POINT('',(-1.699998645782,5.48,0.200000190735));
#5696 = SURFACE_CURVE('',#5697,(#5701,#5708),.PCURVE_S1.);
#5697 = LINE('',#5698,#5699);
#5698 = CARTESIAN_POINT('',(-1.699998645782,5.48,2.4925));
#5699 = VECTOR('',#5700,1.);
#5700 = DIRECTION('',(-1.38777878078E-17,-7.404956277786E-15,1.));
#5701 = PCURVE('',#2127,#5702);
#5702 = DEFINITIONAL_REPRESENTATION('',(#5703),#5707);
#5703 = LINE('',#5704,#5705);
#5704 = CARTESIAN_POINT('',(7.068583470577,0.));
#5705 = VECTOR('',#5706,1.);
#5706 = DIRECTION('',(4.064890147514E-16,-1.));
#5707 = ( GEOMETRIC_REPRESENTATION_CONTEXT(2) 
PARAMETRIC_REPRESENTATION_CONTEXT() REPRESENTATION_CONTEXT('2D SPACE',''
  ) );
#5708 = PCURVE('',#2155,#5709);
#5709 = DEFINITIONAL_REPRESENTATION('',(#5710),#5714);
#5710 = LINE('',#5711,#5712);
#5711 = CARTESIAN_POINT('',(4.299999704361,4.249999999998E-02));
#5712 = VECTOR('',#5713,1.);
#5713 = DIRECTION('',(7.401486830834E-15,1.));
#5714 = ( GEOMETRIC_REPRESENTATION_CONTEXT(2) 
PARAMETRIC_REPRESENTATION_CONTEXT() REPRESENTATION_CONTEXT('2D SPACE',''
  ) );
#5715 = ORIENTED_EDGE('',*,*,#5716,.T.);
#5716 = EDGE_CURVE('',#5694,#5670,#5717,.T.);
#5717 = SURFACE_CURVE('',#5718,(#5723,#5730),.PCURVE_S1.);
#5718 = CIRCLE('',#5719,0.5);
#5719 = AXIS2_PLACEMENT_3D('',#5720,#5721,#5722);
#5720 = CARTESIAN_POINT('',(-1.199998645782,5.48,0.200000190735));
#5721 = DIRECTION('',(-1.734723475977E-17,6.637318899622E-16,1.));
#5722 = DIRECTION('',(-0.707106781187,-0.707106781187,4.570629729486E-16
    ));
#5723 = PCURVE('',#2127,#5724);
#5724 = DEFINITIONAL_REPRESENTATION('',(#5725),#5729);
#5725 = LINE('',#5726,#5727);
#5726 = CARTESIAN_POINT('',(12.566370614359,2.292499809265));
#5727 = VECTOR('',#5728,1.);
#5728 = DIRECTION('',(-1.,-2.544443745171E-15));
#5729 = ( GEOMETRIC_REPRESENTATION_CONTEXT(2) 
PARAMETRIC_REPRESENTATION_CONTEXT() REPRESENTATION_CONTEXT('2D SPACE',''
  ) );
#5730 = PCURVE('',#5731,#5736);
#5731 = PLANE('',#5732);
#5732 = AXIS2_PLACEMENT_3D('',#5733,#5734,#5735);
#5733 = CARTESIAN_POINT('',(-9.999980926501E-02,13.179999704361,
    0.200000190735));
#5734 = DIRECTION('',(1.734723475977E-17,-6.637318899622E-16,-1.));
#5735 = DIRECTION('',(1.762479051592E-15,-1.,6.637318899622E-16));
#5736 = DEFINITIONAL_REPRESENTATION('',(#5737),#5745);
#5737 = ( BOUNDED_CURVE() B_SPLINE_CURVE(2,(#5738,#5739,#5740,#5741,
#5742,#5743,#5744),.UNSPECIFIED.,.T.,.F.) B_SPLINE_CURVE_WITH_KNOTS((1,2
    ,2,2,2,1),(-2.094395102393,0.,2.094395102393,4.188790204786,
6.28318530718,8.377580409573),.UNSPECIFIED.) CURVE() 
GEOMETRIC_REPRESENTATION_ITEM() RATIONAL_B_SPLINE_CURVE((1.,0.5,1.,0.5,
1.,0.5,1.)) REPRESENTATION_ITEM('') );
#5738 = CARTESIAN_POINT('',(8.053553094954,1.453552227111));
#5739 = CARTESIAN_POINT('',(8.66592553065,0.841179791415));
#5740 = CARTESIAN_POINT('',(7.829409226912,0.617035923373));
#5741 = CARTESIAN_POINT('',(6.992892923174,0.392892055331));
#5742 = CARTESIAN_POINT('',(7.217036791216,1.229408359069));
#5743 = CARTESIAN_POINT('',(7.441180659258,2.065924662806));
#5744 = CARTESIAN_POINT('',(8.053553094954,1.453552227111));
#5745 = ( GEOMETRIC_REPRESENTATION_CONTEXT(2) 
PARAMETRIC_REPRESENTATION_CONTEXT() REPRESENTATION_CONTEXT('2D SPACE',''
  ) );
#5746 = ADVANCED_FACE('',(#5747),#2155,.F.);
#5747 = FACE_BOUND('',#5748,.T.);
#5748 = EDGE_LOOP('',(#5749,#5750,#5773,#5794,#5795,#5823,#5851,#5877));
#5749 = ORIENTED_EDGE('',*,*,#5693,.F.);
#5750 = ORIENTED_EDGE('',*,*,#5751,.T.);
#5751 = EDGE_CURVE('',#5694,#5752,#5754,.T.);
#5752 = VERTEX_POINT('',#5753);
#5753 = CARTESIAN_POINT('',(-1.699998645782,14.079999704361,
    0.200000190735));
#5754 = SURFACE_CURVE('',#5755,(#5759,#5766),.PCURVE_S1.);
#5755 = LINE('',#5756,#5757);
#5756 = CARTESIAN_POINT('',(-1.699998645782,11.479999704361,
    0.200000190735));
#5757 = VECTOR('',#5758,1.);
#5758 = DIRECTION('',(-1.762479051592E-15,1.,-6.637318899622E-16));
#5759 = PCURVE('',#2155,#5760);
#5760 = DEFINITIONAL_REPRESENTATION('',(#5761),#5765);
#5761 = LINE('',#5762,#5763);
#5762 = CARTESIAN_POINT('',(-1.7,-2.249999809265));
#5763 = VECTOR('',#5764,1.);
#5764 = DIRECTION('',(-1.,-6.672013369142E-16));
#5765 = ( GEOMETRIC_REPRESENTATION_CONTEXT(2) 
PARAMETRIC_REPRESENTATION_CONTEXT() REPRESENTATION_CONTEXT('2D SPACE',''
  ) );
#5766 = PCURVE('',#5731,#5767);
#5767 = DEFINITIONAL_REPRESENTATION('',(#5768),#5772);
#5768 = LINE('',#5769,#5770);
#5769 = CARTESIAN_POINT('',(1.7,1.599998836517));
#5770 = VECTOR('',#5771,1.);
#5771 = DIRECTION('',(-1.,1.151391291272E-32));
#5772 = ( GEOMETRIC_REPRESENTATION_CONTEXT(2) 
PARAMETRIC_REPRESENTATION_CONTEXT() REPRESENTATION_CONTEXT('2D SPACE',''
  ) );
#5773 = ORIENTED_EDGE('',*,*,#5774,.F.);
#5774 = EDGE_CURVE('',#3549,#5752,#5775,.T.);
#5775 = SURFACE_CURVE('',#5776,(#5780,#5787),.PCURVE_S1.);
#5776 = LINE('',#5777,#5778);
#5777 = CARTESIAN_POINT('',(-1.699998645782,14.079999704361,2.3425));
#5778 = VECTOR('',#5779,1.);
#5779 = DIRECTION('',(1.38777878078E-17,7.404956277786E-15,-1.));
#5780 = PCURVE('',#2155,#5781);
#5781 = DEFINITIONAL_REPRESENTATION('',(#5782),#5786);
#5782 = LINE('',#5783,#5784);
#5783 = CARTESIAN_POINT('',(-4.3,-0.1075));
#5784 = VECTOR('',#5785,1.);
#5785 = DIRECTION('',(-7.401486830834E-15,-1.));
#5786 = ( GEOMETRIC_REPRESENTATION_CONTEXT(2) 
PARAMETRIC_REPRESENTATION_CONTEXT() REPRESENTATION_CONTEXT('2D SPACE',''
  ) );
#5787 = PCURVE('',#3569,#5788);
#5788 = DEFINITIONAL_REPRESENTATION('',(#5789),#5793);
#5789 = LINE('',#5790,#5791);
#5790 = CARTESIAN_POINT('',(7.068583470577,0.));
#5791 = VECTOR('',#5792,1.);
#5792 = DIRECTION('',(-1.16865591741E-15,-1.));
#5793 = ( GEOMETRIC_REPRESENTATION_CONTEXT(2) 
PARAMETRIC_REPRESENTATION_CONTEXT() REPRESENTATION_CONTEXT('2D SPACE',''
  ) );
#5794 = ORIENTED_EDGE('',*,*,#3892,.F.);
#5795 = ORIENTED_EDGE('',*,*,#5796,.F.);
#5796 = EDGE_CURVE('',#5797,#3865,#5799,.T.);
#5797 = VERTEX_POINT('',#5798);
#5798 = CARTESIAN_POINT('',(-1.699998645782,12.331690848348,1.2));
#5799 = SURFACE_CURVE('',#5800,(#5805,#5816),.PCURVE_S1.);
#5800 = CIRCLE('',#5801,1.25);
#5801 = AXIS2_PLACEMENT_3D('',#5802,#5803,#5804);
#5802 = CARTESIAN_POINT('',(-1.699998645782,12.331690848348,2.45));
#5803 = DIRECTION('',(1.,1.762479051592E-15,1.387778780781E-17));
#5804 = DIRECTION('',(-1.759372921946E-15,0.99864708481,-5.2E-02));
#5805 = PCURVE('',#2155,#5806);
#5806 = DEFINITIONAL_REPRESENTATION('',(#5807),#5815);
#5807 = ( BOUNDED_CURVE() B_SPLINE_CURVE(2,(#5808,#5809,#5810,#5811,
#5812,#5813,#5814),.UNSPECIFIED.,.T.,.F.) B_SPLINE_CURVE_WITH_KNOTS((1,2
    ,2,2,2,1),(-2.094395102393,0.,2.094395102393,4.188790204786,
6.28318530718,8.377580409573),.UNSPECIFIED.) CURVE() 
GEOMETRIC_REPRESENTATION_ITEM() RATIONAL_B_SPLINE_CURVE((1.,0.5,1.,0.5,
1.,0.5,1.)) REPRESENTATION_ITEM('') );
#5808 = CARTESIAN_POINT('',(-3.8,-6.5E-02));
#5809 = CARTESIAN_POINT('',(-3.912583302492,2.097134362152));
#5810 = CARTESIAN_POINT('',(-1.983828367227,1.113567181076));
#5811 = CARTESIAN_POINT('',(-5.507343196154E-02,0.13));
#5812 = CARTESIAN_POINT('',(-1.871245064735,-1.048567181076));
#5813 = CARTESIAN_POINT('',(-3.687416697508,-2.227134362152));
#5814 = CARTESIAN_POINT('',(-3.8,-6.5E-02));
#5815 = ( GEOMETRIC_REPRESENTATION_CONTEXT(2) 
PARAMETRIC_REPRESENTATION_CONTEXT() REPRESENTATION_CONTEXT('2D SPACE',''
  ) );
#5816 = PCURVE('',#3880,#5817);
#5817 = DEFINITIONAL_REPRESENTATION('',(#5818),#5822);
#5818 = LINE('',#5819,#5820);
#5819 = CARTESIAN_POINT('',(6.28318530718,-0.2));
#5820 = VECTOR('',#5821,1.);
#5821 = DIRECTION('',(-1.,-1.462000080799E-16));
#5822 = ( GEOMETRIC_REPRESENTATION_CONTEXT(2) 
PARAMETRIC_REPRESENTATION_CONTEXT() REPRESENTATION_CONTEXT('2D SPACE',''
  ) );
#5823 = ORIENTED_EDGE('',*,*,#5824,.F.);
#5824 = EDGE_CURVE('',#5825,#5797,#5827,.T.);
#5825 = VERTEX_POINT('',#5826);
#5826 = CARTESIAN_POINT('',(-1.699998645782,7.228308560374,1.2));
#5827 = SURFACE_CURVE('',#5828,(#5832,#5839),.PCURVE_S1.);
#5828 = LINE('',#5829,#5830);
#5829 = CARTESIAN_POINT('',(-1.699998645782,8.479999704361,1.2));
#5830 = VECTOR('',#5831,1.);
#5831 = DIRECTION('',(-1.762479051592E-15,1.,1.102216608582E-16));
#5832 = PCURVE('',#2155,#5833);
#5833 = DEFINITIONAL_REPRESENTATION('',(#5834),#5838);
#5834 = LINE('',#5835,#5836);
#5835 = CARTESIAN_POINT('',(1.3,-1.25));
#5836 = VECTOR('',#5837,1.);
#5837 = DIRECTION('',(-1.,1.067522139063E-16));
#5838 = ( GEOMETRIC_REPRESENTATION_CONTEXT(2) 
PARAMETRIC_REPRESENTATION_CONTEXT() REPRESENTATION_CONTEXT('2D SPACE',''
  ) );
#5839 = PCURVE('',#5840,#5845);
#5840 = PLANE('',#5841);
#5841 = AXIS2_PLACEMENT_3D('',#5842,#5843,#5844);
#5842 = CARTESIAN_POINT('',(35.499998836517,37.48000014782,1.2));
#5843 = DIRECTION('',(-1.541979640438E-50,1.067522139063E-16,1.));
#5844 = DIRECTION('',(-1.110223024625E-16,-1.,1.067522139063E-16));
#5845 = DEFINITIONAL_REPRESENTATION('',(#5846),#5850);
#5846 = LINE('',#5847,#5848);
#5847 = CARTESIAN_POINT('',(29.000000443459,-37.1999974823));
#5848 = VECTOR('',#5849,1.);
#5849 = DIRECTION('',(-1.,-1.873501354055E-15));
#5850 = ( GEOMETRIC_REPRESENTATION_CONTEXT(2) 
PARAMETRIC_REPRESENTATION_CONTEXT() REPRESENTATION_CONTEXT('2D SPACE',''
  ) );
#5851 = ORIENTED_EDGE('',*,*,#5852,.F.);
#5852 = EDGE_CURVE('',#2140,#5825,#5853,.T.);
#5853 = SURFACE_CURVE('',#5854,(#5859,#5870),.PCURVE_S1.);
#5854 = CIRCLE('',#5855,1.25);
#5855 = AXIS2_PLACEMENT_3D('',#5856,#5857,#5858);
#5856 = CARTESIAN_POINT('',(-1.699998645782,7.228308560374,2.45));
#5857 = DIRECTION('',(1.,1.762479051592E-15,1.387778780781E-17));
#5858 = DIRECTION('',(1.760816211878E-15,-0.99864708481,-5.2E-02));
#5859 = PCURVE('',#2155,#5860);
#5860 = DEFINITIONAL_REPRESENTATION('',(#5861),#5869);
#5861 = ( BOUNDED_CURVE() B_SPLINE_CURVE(2,(#5862,#5863,#5864,#5865,
#5866,#5867,#5868),.UNSPECIFIED.,.T.,.F.) B_SPLINE_CURVE_WITH_KNOTS((1,2
    ,2,2,2,1),(-2.094395102393,0.,2.094395102393,4.188790204786,
6.28318530718,8.377580409573),.UNSPECIFIED.) CURVE() 
GEOMETRIC_REPRESENTATION_ITEM() RATIONAL_B_SPLINE_CURVE((1.,0.5,1.,0.5,
1.,0.5,1.)) REPRESENTATION_ITEM('') );
#5862 = CARTESIAN_POINT('',(3.8,-6.5E-02));
#5863 = CARTESIAN_POINT('',(3.687416697508,-2.227134362152));
#5864 = CARTESIAN_POINT('',(1.871245064735,-1.048567181076));
#5865 = CARTESIAN_POINT('',(5.507343196158E-02,0.13));
#5866 = CARTESIAN_POINT('',(1.983828367227,1.113567181076));
#5867 = CARTESIAN_POINT('',(3.912583302492,2.097134362152));
#5868 = CARTESIAN_POINT('',(3.8,-6.5E-02));
#5869 = ( GEOMETRIC_REPRESENTATION_CONTEXT(2) 
PARAMETRIC_REPRESENTATION_CONTEXT() REPRESENTATION_CONTEXT('2D SPACE',''
  ) );
#5870 = PCURVE('',#2183,#5871);
#5871 = DEFINITIONAL_REPRESENTATION('',(#5872),#5876);
#5872 = LINE('',#5873,#5874);
#5873 = CARTESIAN_POINT('',(0.,0.2));
#5874 = VECTOR('',#5875,1.);
#5875 = DIRECTION('',(1.,1.462000080799E-16));
#5876 = ( GEOMETRIC_REPRESENTATION_CONTEXT(2) 
PARAMETRIC_REPRESENTATION_CONTEXT() REPRESENTATION_CONTEXT('2D SPACE',''
  ) );
#5877 = ORIENTED_EDGE('',*,*,#2139,.F.);
#5878 = ADVANCED_FACE('',(#5879),#3681,.F.);
#5879 = FACE_BOUND('',#5880,.F.);
#5880 = EDGE_LOOP('',(#5881,#5904,#5905,#5928));
#5881 = ORIENTED_EDGE('',*,*,#5882,.F.);
#5882 = EDGE_CURVE('',#3633,#5883,#5885,.T.);
#5883 = VERTEX_POINT('',#5884);
#5884 = CARTESIAN_POINT('',(-1.199998645782,31.380000157356,
    0.200000190735));
#5885 = SURFACE_CURVE('',#5886,(#5890,#5897),.PCURVE_S1.);
#5886 = LINE('',#5887,#5888);
#5887 = CARTESIAN_POINT('',(-1.199998645782,31.380000157356,2.4925));
#5888 = VECTOR('',#5889,1.);
#5889 = DIRECTION('',(1.38777878078E-17,7.404956277786E-15,-1.));
#5890 = PCURVE('',#3681,#5891);
#5891 = DEFINITIONAL_REPRESENTATION('',(#5892),#5896);
#5892 = LINE('',#5893,#5894);
#5893 = CARTESIAN_POINT('',(5.497787143782,6.217248937901E-15));
#5894 = VECTOR('',#5895,1.);
#5895 = DIRECTION('',(2.438934088508E-15,1.));
#5896 = ( GEOMETRIC_REPRESENTATION_CONTEXT(2) 
PARAMETRIC_REPRESENTATION_CONTEXT() REPRESENTATION_CONTEXT('2D SPACE',''
  ) );
#5897 = PCURVE('',#3648,#5898);
#5898 = DEFINITIONAL_REPRESENTATION('',(#5899),#5903);
#5899 = LINE('',#5900,#5901);
#5900 = CARTESIAN_POINT('',(4.249999999992E-02,0.500000207424));
#5901 = VECTOR('',#5902,1.);
#5902 = DIRECTION('',(1.,-1.387778780781E-17));
#5903 = ( GEOMETRIC_REPRESENTATION_CONTEXT(2) 
PARAMETRIC_REPRESENTATION_CONTEXT() REPRESENTATION_CONTEXT('2D SPACE',''
  ) );
#5904 = ORIENTED_EDGE('',*,*,#3660,.F.);
#5905 = ORIENTED_EDGE('',*,*,#5906,.F.);
#5906 = EDGE_CURVE('',#5907,#3661,#5909,.T.);
#5907 = VERTEX_POINT('',#5908);
#5908 = CARTESIAN_POINT('',(-1.699998853207,31.880000157356,
    0.200000190735));
#5909 = SURFACE_CURVE('',#5910,(#5914,#5921),.PCURVE_S1.);
#5910 = LINE('',#5911,#5912);
#5911 = CARTESIAN_POINT('',(-1.699998645782,31.880000157356,2.4925));
#5912 = VECTOR('',#5913,1.);
#5913 = DIRECTION('',(-1.38777878078E-17,-7.404956277786E-15,1.));
#5914 = PCURVE('',#3681,#5915);
#5915 = DEFINITIONAL_REPRESENTATION('',(#5916),#5920);
#5916 = LINE('',#5917,#5918);
#5917 = CARTESIAN_POINT('',(7.068583470577,-4.440892098501E-16));
#5918 = VECTOR('',#5919,1.);
#5919 = DIRECTION('',(4.471379162265E-15,-1.));
#5920 = ( GEOMETRIC_REPRESENTATION_CONTEXT(2) 
PARAMETRIC_REPRESENTATION_CONTEXT() REPRESENTATION_CONTEXT('2D SPACE',''
  ) );
#5921 = PCURVE('',#775,#5922);
#5922 = DEFINITIONAL_REPRESENTATION('',(#5923),#5927);
#5923 = LINE('',#5924,#5925);
#5924 = CARTESIAN_POINT('',(-22.10000045299,4.250000000008E-02));
#5925 = VECTOR('',#5926,1.);
#5926 = DIRECTION('',(7.401486830834E-15,1.));
#5927 = ( GEOMETRIC_REPRESENTATION_CONTEXT(2) 
PARAMETRIC_REPRESENTATION_CONTEXT() REPRESENTATION_CONTEXT('2D SPACE',''
  ) );
#5928 = ORIENTED_EDGE('',*,*,#5929,.T.);
#5929 = EDGE_CURVE('',#5907,#5883,#5930,.T.);
#5930 = SURFACE_CURVE('',#5931,(#5936,#5943),.PCURVE_S1.);
#5931 = CIRCLE('',#5932,0.5);
#5932 = AXIS2_PLACEMENT_3D('',#5933,#5934,#5935);
#5933 = CARTESIAN_POINT('',(-1.199998645782,31.880000157356,
    0.200000190735));
#5934 = DIRECTION('',(-1.734723475977E-17,6.637318899622E-16,1.));
#5935 = DIRECTION('',(-0.707106781187,-0.707106781187,4.570629729486E-16
    ));
#5936 = PCURVE('',#3681,#5937);
#5937 = DEFINITIONAL_REPRESENTATION('',(#5938),#5942);
#5938 = LINE('',#5939,#5940);
#5939 = CARTESIAN_POINT('',(12.566370614359,2.292499809265));
#5940 = VECTOR('',#5941,1.);
#5941 = DIRECTION('',(-1.,-2.544443745171E-15));
#5942 = ( GEOMETRIC_REPRESENTATION_CONTEXT(2) 
PARAMETRIC_REPRESENTATION_CONTEXT() REPRESENTATION_CONTEXT('2D SPACE',''
  ) );
#5943 = PCURVE('',#5944,#5949);
#5944 = PLANE('',#5945);
#5945 = AXIS2_PLACEMENT_3D('',#5946,#5947,#5948);
#5946 = CARTESIAN_POINT('',(-0.100000016689,39.580000157356,
    0.200000190735));
#5947 = DIRECTION('',(1.734723475977E-17,-6.637318899622E-16,-1.));
#5948 = DIRECTION('',(1.762479051592E-15,-1.,6.637318899622E-16));
#5949 = DEFINITIONAL_REPRESENTATION('',(#5950),#5958);
#5950 = ( BOUNDED_CURVE() B_SPLINE_CURVE(2,(#5951,#5952,#5953,#5954,
#5955,#5956,#5957),.UNSPECIFIED.,.T.,.F.) B_SPLINE_CURVE_WITH_KNOTS((1,2
    ,2,2,2,1),(-2.094395102393,0.,2.094395102393,4.188790204786,
6.28318530718,8.377580409573),.UNSPECIFIED.) CURVE() 
GEOMETRIC_REPRESENTATION_ITEM() RATIONAL_B_SPLINE_CURVE((1.,0.5,1.,0.5,
1.,0.5,1.)) REPRESENTATION_ITEM('') );
#5951 = CARTESIAN_POINT('',(8.053553390593,1.453552019686));
#5952 = CARTESIAN_POINT('',(8.665925826289,0.841179583991));
#5953 = CARTESIAN_POINT('',(7.829409522551,0.617035715949));
#5954 = CARTESIAN_POINT('',(6.992893218813,0.392891847907));
#5955 = CARTESIAN_POINT('',(7.217037086855,1.229408151644));
#5956 = CARTESIAN_POINT('',(7.441180954897,2.065924455382));
#5957 = CARTESIAN_POINT('',(8.053553390593,1.453552019686));
#5958 = ( GEOMETRIC_REPRESENTATION_CONTEXT(2) 
PARAMETRIC_REPRESENTATION_CONTEXT() REPRESENTATION_CONTEXT('2D SPACE',''
  ) );
#5959 = ADVANCED_FACE('',(#5960),#775,.F.);
#5960 = FACE_BOUND('',#5961,.T.);
#5961 = EDGE_LOOP('',(#5962,#5963,#5986,#6007,#6008,#6036,#6064,#6090));
#5962 = ORIENTED_EDGE('',*,*,#5906,.F.);
#5963 = ORIENTED_EDGE('',*,*,#5964,.T.);
#5964 = EDGE_CURVE('',#5907,#5965,#5967,.T.);
#5965 = VERTEX_POINT('',#5966);
#5966 = CARTESIAN_POINT('',(-1.699998853207,40.480000157356,
    0.200000190735));
#5967 = SURFACE_CURVE('',#5968,(#5972,#5979),.PCURVE_S1.);
#5968 = LINE('',#5969,#5970);
#5969 = CARTESIAN_POINT('',(-1.699998853207,37.880000157356,
    0.200000190735));
#5970 = VECTOR('',#5971,1.);
#5971 = DIRECTION('',(-1.762479051592E-15,1.,-6.637318899622E-16));
#5972 = PCURVE('',#775,#5973);
#5973 = DEFINITIONAL_REPRESENTATION('',(#5974),#5978);
#5974 = LINE('',#5975,#5976);
#5975 = CARTESIAN_POINT('',(-28.10000045299,-2.249999809265));
#5976 = VECTOR('',#5977,1.);
#5977 = DIRECTION('',(-1.,-6.672013369142E-16));
#5978 = ( GEOMETRIC_REPRESENTATION_CONTEXT(2) 
PARAMETRIC_REPRESENTATION_CONTEXT() REPRESENTATION_CONTEXT('2D SPACE',''
  ) );
#5979 = PCURVE('',#5944,#5980);
#5980 = DEFINITIONAL_REPRESENTATION('',(#5981),#5985);
#5981 = LINE('',#5982,#5983);
#5982 = CARTESIAN_POINT('',(1.7,1.599998836517));
#5983 = VECTOR('',#5984,1.);
#5984 = DIRECTION('',(-1.,1.151391291272E-32));
#5985 = ( GEOMETRIC_REPRESENTATION_CONTEXT(2) 
PARAMETRIC_REPRESENTATION_CONTEXT() REPRESENTATION_CONTEXT('2D SPACE',''
  ) );
#5986 = ORIENTED_EDGE('',*,*,#5987,.F.);
#5987 = EDGE_CURVE('',#760,#5965,#5988,.T.);
#5988 = SURFACE_CURVE('',#5989,(#5993,#6000),.PCURVE_S1.);
#5989 = LINE('',#5990,#5991);
#5990 = CARTESIAN_POINT('',(-1.699998645782,40.480000157356,2.3425));
#5991 = VECTOR('',#5992,1.);
#5992 = DIRECTION('',(1.38777878078E-17,7.404956277786E-15,-1.));
#5993 = PCURVE('',#775,#5994);
#5994 = DEFINITIONAL_REPRESENTATION('',(#5995),#5999);
#5995 = LINE('',#5996,#5997);
#5996 = CARTESIAN_POINT('',(-30.70000045299,-0.1075));
#5997 = VECTOR('',#5998,1.);
#5998 = DIRECTION('',(-7.401486830834E-15,-1.));
#5999 = ( GEOMETRIC_REPRESENTATION_CONTEXT(2) 
PARAMETRIC_REPRESENTATION_CONTEXT() REPRESENTATION_CONTEXT('2D SPACE',''
  ) );
#6000 = PCURVE('',#808,#6001);
#6001 = DEFINITIONAL_REPRESENTATION('',(#6002),#6006);
#6002 = LINE('',#6003,#6004);
#6003 = CARTESIAN_POINT('',(7.068583470577,0.));
#6004 = VECTOR('',#6005,1.);
#6005 = DIRECTION('',(4.623812542797E-15,-1.));
#6006 = ( GEOMETRIC_REPRESENTATION_CONTEXT(2) 
PARAMETRIC_REPRESENTATION_CONTEXT() REPRESENTATION_CONTEXT('2D SPACE',''
  ) );
#6007 = ORIENTED_EDGE('',*,*,#759,.T.);
#6008 = ORIENTED_EDGE('',*,*,#6009,.F.);
#6009 = EDGE_CURVE('',#6010,#732,#6012,.T.);
#6010 = VERTEX_POINT('',#6011);
#6011 = CARTESIAN_POINT('',(-1.699998853207,38.731691301343,1.2));
#6012 = SURFACE_CURVE('',#6013,(#6018,#6029),.PCURVE_S1.);
#6013 = CIRCLE('',#6014,1.25);
#6014 = AXIS2_PLACEMENT_3D('',#6015,#6016,#6017);
#6015 = CARTESIAN_POINT('',(-1.699998645782,38.731691301343,2.45));
#6016 = DIRECTION('',(1.,1.762479051592E-15,1.387778780781E-17));
#6017 = DIRECTION('',(-1.759372921946E-15,0.99864708481,-5.2E-02));
#6018 = PCURVE('',#775,#6019);
#6019 = DEFINITIONAL_REPRESENTATION('',(#6020),#6028);
#6020 = ( BOUNDED_CURVE() B_SPLINE_CURVE(2,(#6021,#6022,#6023,#6024,
#6025,#6026,#6027),.UNSPECIFIED.,.T.,.F.) B_SPLINE_CURVE_WITH_KNOTS((1,2
    ,2,2,2,1),(-2.094395102393,0.,2.094395102393,4.188790204786,
6.28318530718,8.377580409573),.UNSPECIFIED.) CURVE() 
GEOMETRIC_REPRESENTATION_ITEM() RATIONAL_B_SPLINE_CURVE((1.,0.5,1.,0.5,
1.,0.5,1.)) REPRESENTATION_ITEM('') );
#6021 = CARTESIAN_POINT('',(-30.20000045299,-6.5E-02));
#6022 = CARTESIAN_POINT('',(-30.31258375548,2.097134362152));
#6023 = CARTESIAN_POINT('',(-28.38382882022,1.113567181076));
#6024 = CARTESIAN_POINT('',(-26.45507388495,0.13));
#6025 = CARTESIAN_POINT('',(-28.27124551773,-1.048567181076));
#6026 = CARTESIAN_POINT('',(-30.0874171505,-2.227134362152));
#6027 = CARTESIAN_POINT('',(-30.20000045299,-6.5E-02));
#6028 = ( GEOMETRIC_REPRESENTATION_CONTEXT(2) 
PARAMETRIC_REPRESENTATION_CONTEXT() REPRESENTATION_CONTEXT('2D SPACE',''
  ) );
#6029 = PCURVE('',#747,#6030);
#6030 = DEFINITIONAL_REPRESENTATION('',(#6031),#6035);
#6031 = LINE('',#6032,#6033);
#6032 = CARTESIAN_POINT('',(6.28318530718,-0.200000207424));
#6033 = VECTOR('',#6034,1.);
#6034 = DIRECTION('',(-1.,0.));
#6035 = ( GEOMETRIC_REPRESENTATION_CONTEXT(2) 
PARAMETRIC_REPRESENTATION_CONTEXT() REPRESENTATION_CONTEXT('2D SPACE',''
  ) );
#6036 = ORIENTED_EDGE('',*,*,#6037,.F.);
#6037 = EDGE_CURVE('',#6038,#6010,#6040,.T.);
#6038 = VERTEX_POINT('',#6039);
#6039 = CARTESIAN_POINT('',(-1.699998853207,33.628309013369,1.2));
#6040 = SURFACE_CURVE('',#6041,(#6045,#6052),.PCURVE_S1.);
#6041 = LINE('',#6042,#6043);
#6042 = CARTESIAN_POINT('',(-1.699998853207,34.880000157356,1.2));
#6043 = VECTOR('',#6044,1.);
#6044 = DIRECTION('',(-1.762479051592E-15,1.,1.102216608582E-16));
#6045 = PCURVE('',#775,#6046);
#6046 = DEFINITIONAL_REPRESENTATION('',(#6047),#6051);
#6047 = LINE('',#6048,#6049);
#6048 = CARTESIAN_POINT('',(-25.10000045299,-1.25));
#6049 = VECTOR('',#6050,1.);
#6050 = DIRECTION('',(-1.,1.067522139063E-16));
#6051 = ( GEOMETRIC_REPRESENTATION_CONTEXT(2) 
PARAMETRIC_REPRESENTATION_CONTEXT() REPRESENTATION_CONTEXT('2D SPACE',''
  ) );
#6052 = PCURVE('',#6053,#6058);
#6053 = PLANE('',#6054);
#6054 = AXIS2_PLACEMENT_3D('',#6055,#6056,#6057);
#6055 = CARTESIAN_POINT('',(35.499998836517,37.48000014782,1.2));
#6056 = DIRECTION('',(-1.541979640438E-50,1.067522139063E-16,1.));
#6057 = DIRECTION('',(-1.110223024625E-16,-1.,1.067522139063E-16));
#6058 = DEFINITIONAL_REPRESENTATION('',(#6059),#6063);
#6059 = LINE('',#6060,#6061);
#6060 = CARTESIAN_POINT('',(2.599999990463,-37.19999768972));
#6061 = VECTOR('',#6062,1.);
#6062 = DIRECTION('',(-1.,-1.873501354055E-15));
#6063 = ( GEOMETRIC_REPRESENTATION_CONTEXT(2) 
PARAMETRIC_REPRESENTATION_CONTEXT() REPRESENTATION_CONTEXT('2D SPACE',''
  ) );
#6064 = ORIENTED_EDGE('',*,*,#6065,.F.);
#6065 = EDGE_CURVE('',#3694,#6038,#6066,.T.);
#6066 = SURFACE_CURVE('',#6067,(#6072,#6083),.PCURVE_S1.);
#6067 = CIRCLE('',#6068,1.25);
#6068 = AXIS2_PLACEMENT_3D('',#6069,#6070,#6071);
#6069 = CARTESIAN_POINT('',(-1.699998645782,33.628309013369,2.45));
#6070 = DIRECTION('',(1.,1.762479051592E-15,1.387778780781E-17));
#6071 = DIRECTION('',(1.760816211878E-15,-0.99864708481,-5.2E-02));
#6072 = PCURVE('',#775,#6073);
#6073 = DEFINITIONAL_REPRESENTATION('',(#6074),#6082);
#6074 = ( BOUNDED_CURVE() B_SPLINE_CURVE(2,(#6075,#6076,#6077,#6078,
#6079,#6080,#6081),.UNSPECIFIED.,.T.,.F.) B_SPLINE_CURVE_WITH_KNOTS((1,2
    ,2,2,2,1),(-2.094395102393,0.,2.094395102393,4.188790204786,
6.28318530718,8.377580409573),.UNSPECIFIED.) CURVE() 
GEOMETRIC_REPRESENTATION_ITEM() RATIONAL_B_SPLINE_CURVE((1.,0.5,1.,0.5,
1.,0.5,1.)) REPRESENTATION_ITEM('') );
#6075 = CARTESIAN_POINT('',(-22.60000045299,-6.5E-02));
#6076 = CARTESIAN_POINT('',(-22.71258375548,-2.227134362152));
#6077 = CARTESIAN_POINT('',(-24.52875538826,-1.048567181076));
#6078 = CARTESIAN_POINT('',(-26.34492702103,0.13));
#6079 = CARTESIAN_POINT('',(-24.41617208576,1.113567181076));
#6080 = CARTESIAN_POINT('',(-22.4874171505,2.097134362152));
#6081 = CARTESIAN_POINT('',(-22.60000045299,-6.5E-02));
#6082 = ( GEOMETRIC_REPRESENTATION_CONTEXT(2) 
PARAMETRIC_REPRESENTATION_CONTEXT() REPRESENTATION_CONTEXT('2D SPACE',''
  ) );
#6083 = PCURVE('',#3732,#6084);
#6084 = DEFINITIONAL_REPRESENTATION('',(#6085),#6089);
#6085 = LINE('',#6086,#6087);
#6086 = CARTESIAN_POINT('',(0.,0.200000207424));
#6087 = VECTOR('',#6088,1.);
#6088 = DIRECTION('',(1.,1.462000080799E-16));
#6089 = ( GEOMETRIC_REPRESENTATION_CONTEXT(2) 
PARAMETRIC_REPRESENTATION_CONTEXT() REPRESENTATION_CONTEXT('2D SPACE',''
  ) );
#6090 = ORIENTED_EDGE('',*,*,#3693,.F.);
#6091 = ADVANCED_FACE('',(#6092),#1047,.F.);
#6092 = FACE_BOUND('',#6093,.F.);
#6093 = EDGE_LOOP('',(#6094,#6117,#6118,#6141));
#6094 = ORIENTED_EDGE('',*,*,#6095,.F.);
#6095 = EDGE_CURVE('',#999,#6096,#6098,.T.);
#6096 = VERTEX_POINT('',#6097);
#6097 = CARTESIAN_POINT('',(34.999998836517,40.98000014782,
    0.200000190735));
#6098 = SURFACE_CURVE('',#6099,(#6103,#6110),.PCURVE_S1.);
#6099 = LINE('',#6100,#6101);
#6100 = CARTESIAN_POINT('',(34.999998836517,40.98000014782,2.4925));
#6101 = VECTOR('',#6102,1.);
#6102 = DIRECTION('',(-8.217301096052E-31,-7.401486830834E-15,-1.));
#6103 = PCURVE('',#1047,#6104);
#6104 = DEFINITIONAL_REPRESENTATION('',(#6105),#6109);
#6105 = LINE('',#6106,#6107);
#6106 = CARTESIAN_POINT('',(5.497787143782,-3.552713678801E-15));
#6107 = VECTOR('',#6108,1.);
#6108 = DIRECTION('',(4.064890147514E-15,1.));
#6109 = ( GEOMETRIC_REPRESENTATION_CONTEXT(2) 
PARAMETRIC_REPRESENTATION_CONTEXT() REPRESENTATION_CONTEXT('2D SPACE',''
  ) );
#6110 = PCURVE('',#1014,#6111);
#6111 = DEFINITIONAL_REPRESENTATION('',(#6112),#6116);
#6112 = LINE('',#6113,#6114);
#6113 = CARTESIAN_POINT('',(4.250000000001E-02,0.5));
#6114 = VECTOR('',#6115,1.);
#6115 = DIRECTION('',(1.,0.));
#6116 = ( GEOMETRIC_REPRESENTATION_CONTEXT(2) 
PARAMETRIC_REPRESENTATION_CONTEXT() REPRESENTATION_CONTEXT('2D SPACE',''
  ) );
#6117 = ORIENTED_EDGE('',*,*,#1026,.F.);
#6118 = ORIENTED_EDGE('',*,*,#6119,.F.);
#6119 = EDGE_CURVE('',#6120,#1027,#6122,.T.);
#6120 = VERTEX_POINT('',#6121);
#6121 = CARTESIAN_POINT('',(35.5,40.48000014782,0.200000190735));
#6122 = SURFACE_CURVE('',#6123,(#6127,#6134),.PCURVE_S1.);
#6123 = LINE('',#6124,#6125);
#6124 = CARTESIAN_POINT('',(35.499998836517,40.48000014782,2.4925));
#6125 = VECTOR('',#6126,1.);
#6126 = DIRECTION('',(8.217301096052E-31,7.401486830834E-15,1.));
#6127 = PCURVE('',#1047,#6128);
#6128 = DEFINITIONAL_REPRESENTATION('',(#6129),#6133);
#6129 = LINE('',#6130,#6131);
#6130 = CARTESIAN_POINT('',(7.068583470577,0.));
#6131 = VECTOR('',#6132,1.);
#6132 = DIRECTION('',(7.723291280276E-15,-1.));
#6133 = ( GEOMETRIC_REPRESENTATION_CONTEXT(2) 
PARAMETRIC_REPRESENTATION_CONTEXT() REPRESENTATION_CONTEXT('2D SPACE',''
  ) );
#6134 = PCURVE('',#1075,#6135);
#6135 = DEFINITIONAL_REPRESENTATION('',(#6136),#6140);
#6136 = LINE('',#6137,#6138);
#6137 = CARTESIAN_POINT('',(4.3,4.249999999998E-02));
#6138 = VECTOR('',#6139,1.);
#6139 = DIRECTION('',(7.401486830834E-15,1.));
#6140 = ( GEOMETRIC_REPRESENTATION_CONTEXT(2) 
PARAMETRIC_REPRESENTATION_CONTEXT() REPRESENTATION_CONTEXT('2D SPACE',''
  ) );
#6141 = ORIENTED_EDGE('',*,*,#6142,.T.);
#6142 = EDGE_CURVE('',#6120,#6096,#6143,.T.);
#6143 = SURFACE_CURVE('',#6144,(#6149,#6156),.PCURVE_S1.);
#6144 = CIRCLE('',#6145,0.5);
#6145 = AXIS2_PLACEMENT_3D('',#6146,#6147,#6148);
#6146 = CARTESIAN_POINT('',(34.999998836517,40.48000014782,
    0.200000190735));
#6147 = DIRECTION('',(0.,-6.672013369142E-16,1.));
#6148 = DIRECTION('',(0.707106781187,0.707106781187,4.717825897487E-16)
  );
#6149 = PCURVE('',#1047,#6150);
#6150 = DEFINITIONAL_REPRESENTATION('',(#6151),#6155);
#6151 = LINE('',#6152,#6153);
#6152 = CARTESIAN_POINT('',(12.566370614359,2.292499809265));
#6153 = VECTOR('',#6154,1.);
#6154 = DIRECTION('',(-1.,-2.544443745171E-15));
#6155 = ( GEOMETRIC_REPRESENTATION_CONTEXT(2) 
PARAMETRIC_REPRESENTATION_CONTEXT() REPRESENTATION_CONTEXT('2D SPACE',''
  ) );
#6156 = PCURVE('',#6157,#6162);
#6157 = PLANE('',#6158);
#6158 = AXIS2_PLACEMENT_3D('',#6159,#6160,#6161);
#6159 = CARTESIAN_POINT('',(33.9,32.78000014782,0.200000190735));
#6160 = DIRECTION('',(0.,6.672013369142E-16,-1.));
#6161 = DIRECTION('',(1.110223024625E-16,1.,6.672013369142E-16));
#6162 = DEFINITIONAL_REPRESENTATION('',(#6163),#6171);
#6163 = ( BOUNDED_CURVE() B_SPLINE_CURVE(2,(#6164,#6165,#6166,#6167,
#6168,#6169,#6170),.UNSPECIFIED.,.T.,.F.) B_SPLINE_CURVE_WITH_KNOTS((1,2
    ,2,2,2,1),(-2.094395102393,0.,2.094395102393,4.188790204786,
6.28318530718,8.377580409573),.UNSPECIFIED.) CURVE() 
GEOMETRIC_REPRESENTATION_ITEM() RATIONAL_B_SPLINE_CURVE((1.,0.5,1.,0.5,
1.,0.5,1.)) REPRESENTATION_ITEM('') );
#6164 = CARTESIAN_POINT('',(8.053553390593,1.453552227111));
#6165 = CARTESIAN_POINT('',(8.665925826289,0.841179791415));
#6166 = CARTESIAN_POINT('',(7.829409522551,0.617035923373));
#6167 = CARTESIAN_POINT('',(6.992893218813,0.392892055331));
#6168 = CARTESIAN_POINT('',(7.217037086855,1.229408359069));
#6169 = CARTESIAN_POINT('',(7.441180954897,2.065924662806));
#6170 = CARTESIAN_POINT('',(8.053553390593,1.453552227111));
#6171 = ( GEOMETRIC_REPRESENTATION_CONTEXT(2) 
PARAMETRIC_REPRESENTATION_CONTEXT() REPRESENTATION_CONTEXT('2D SPACE',''
  ) );
#6172 = ADVANCED_FACE('',(#6173),#1075,.F.);
#6173 = FACE_BOUND('',#6174,.T.);
#6174 = EDGE_LOOP('',(#6175,#6176,#6199,#6220,#6221,#6249,#6272,#6298));
#6175 = ORIENTED_EDGE('',*,*,#6119,.F.);
#6176 = ORIENTED_EDGE('',*,*,#6177,.T.);
#6177 = EDGE_CURVE('',#6120,#6178,#6180,.T.);
#6178 = VERTEX_POINT('',#6179);
#6179 = CARTESIAN_POINT('',(35.5,31.880000157356,0.200000190735));
#6180 = SURFACE_CURVE('',#6181,(#6185,#6192),.PCURVE_S1.);
#6181 = LINE('',#6182,#6183);
#6182 = CARTESIAN_POINT('',(35.5,37.37000007391,0.200000190735));
#6183 = VECTOR('',#6184,1.);
#6184 = DIRECTION('',(1.169887275685E-16,-1.,-6.672013369142E-16));
#6185 = PCURVE('',#1075,#6186);
#6186 = DEFINITIONAL_REPRESENTATION('',(#6187),#6191);
#6187 = LINE('',#6188,#6189);
#6188 = CARTESIAN_POINT('',(1.18999992609,-2.249999809265));
#6189 = VECTOR('',#6190,1.);
#6190 = DIRECTION('',(-1.,-6.672013369142E-16));
#6191 = ( GEOMETRIC_REPRESENTATION_CONTEXT(2) 
PARAMETRIC_REPRESENTATION_CONTEXT() REPRESENTATION_CONTEXT('2D SPACE',''
  ) );
#6192 = PCURVE('',#6157,#6193);
#6193 = DEFINITIONAL_REPRESENTATION('',(#6194),#6198);
#6194 = LINE('',#6195,#6196);
#6195 = CARTESIAN_POINT('',(4.58999992609,1.6));
#6196 = VECTOR('',#6197,1.);
#6197 = DIRECTION('',(-1.,2.28011030031E-16));
#6198 = ( GEOMETRIC_REPRESENTATION_CONTEXT(2) 
PARAMETRIC_REPRESENTATION_CONTEXT() REPRESENTATION_CONTEXT('2D SPACE',''
  ) );
#6199 = ORIENTED_EDGE('',*,*,#6200,.F.);
#6200 = EDGE_CURVE('',#3057,#6178,#6201,.T.);
#6201 = SURFACE_CURVE('',#6202,(#6206,#6213),.PCURVE_S1.);
#6202 = LINE('',#6203,#6204);
#6203 = CARTESIAN_POINT('',(35.499998836517,31.880000157356,2.3425));
#6204 = VECTOR('',#6205,1.);
#6205 = DIRECTION('',(-8.217301096052E-31,-7.401486830834E-15,-1.));
#6206 = PCURVE('',#1075,#6207);
#6207 = DEFINITIONAL_REPRESENTATION('',(#6208),#6212);
#6208 = LINE('',#6209,#6210);
#6209 = CARTESIAN_POINT('',(-4.299999990463,-0.1075));
#6210 = VECTOR('',#6211,1.);
#6211 = DIRECTION('',(-7.401486830834E-15,-1.));
#6212 = ( GEOMETRIC_REPRESENTATION_CONTEXT(2) 
PARAMETRIC_REPRESENTATION_CONTEXT() REPRESENTATION_CONTEXT('2D SPACE',''
  ) );
#6213 = PCURVE('',#3100,#6214);
#6214 = DEFINITIONAL_REPRESENTATION('',(#6215),#6219);
#6215 = LINE('',#6216,#6217);
#6216 = CARTESIAN_POINT('',(0.785398163397,0.));
#6217 = VECTOR('',#6218,1.);
#6218 = DIRECTION('',(5.589223952831E-16,-1.));
#6219 = ( GEOMETRIC_REPRESENTATION_CONTEXT(2) 
PARAMETRIC_REPRESENTATION_CONTEXT() REPRESENTATION_CONTEXT('2D SPACE',''
  ) );
#6220 = ORIENTED_EDGE('',*,*,#3056,.F.);
#6221 = ORIENTED_EDGE('',*,*,#6222,.F.);
#6222 = EDGE_CURVE('',#6223,#3034,#6225,.T.);
#6223 = VERTEX_POINT('',#6224);
#6224 = CARTESIAN_POINT('',(35.499998836517,33.628309013369,1.2));
#6225 = SURFACE_CURVE('',#6226,(#6231,#6242),.PCURVE_S1.);
#6226 = CIRCLE('',#6227,1.25);
#6227 = AXIS2_PLACEMENT_3D('',#6228,#6229,#6230);
#6228 = CARTESIAN_POINT('',(35.499998836517,33.628309013369,2.45));
#6229 = DIRECTION('',(-1.,1.110223024625E-16,0.));
#6230 = DIRECTION('',(-1.108720987031E-16,-0.99864708481,
    -5.199999999999E-02));
#6231 = PCURVE('',#1075,#6232);
#6232 = DEFINITIONAL_REPRESENTATION('',(#6233),#6241);
#6233 = ( BOUNDED_CURVE() B_SPLINE_CURVE(2,(#6234,#6235,#6236,#6237,
#6238,#6239,#6240),.UNSPECIFIED.,.T.,.F.) B_SPLINE_CURVE_WITH_KNOTS((1,2
    ,2,2,2,1),(-2.094395102393,0.,2.094395102393,4.188790204786,
6.28318530718,8.377580409573),.UNSPECIFIED.) CURVE() 
GEOMETRIC_REPRESENTATION_ITEM() RATIONAL_B_SPLINE_CURVE((1.,0.5,1.,0.5,
1.,0.5,1.)) REPRESENTATION_ITEM('') );
#6234 = CARTESIAN_POINT('',(-3.799999990463,-6.499999999999E-02));
#6235 = CARTESIAN_POINT('',(-3.912583292955,2.097134362152));
#6236 = CARTESIAN_POINT('',(-1.98382835769,1.113567181076));
#6237 = CARTESIAN_POINT('',(-5.507342242469E-02,0.13));
#6238 = CARTESIAN_POINT('',(-1.871245055198,-1.048567181076));
#6239 = CARTESIAN_POINT('',(-3.687416687971,-2.227134362152));
#6240 = CARTESIAN_POINT('',(-3.799999990463,-6.499999999999E-02));
#6241 = ( GEOMETRIC_REPRESENTATION_CONTEXT(2) 
PARAMETRIC_REPRESENTATION_CONTEXT() REPRESENTATION_CONTEXT('2D SPACE',''
  ) );
#6242 = PCURVE('',#3017,#6243);
#6243 = DEFINITIONAL_REPRESENTATION('',(#6244),#6248);
#6244 = LINE('',#6245,#6246);
#6245 = CARTESIAN_POINT('',(6.28318530718,-0.2));
#6246 = VECTOR('',#6247,1.);
#6247 = DIRECTION('',(-1.,0.));
#6248 = ( GEOMETRIC_REPRESENTATION_CONTEXT(2) 
PARAMETRIC_REPRESENTATION_CONTEXT() REPRESENTATION_CONTEXT('2D SPACE',''
  ) );
#6249 = ORIENTED_EDGE('',*,*,#6250,.F.);
#6250 = EDGE_CURVE('',#6251,#6223,#6253,.T.);
#6251 = VERTEX_POINT('',#6252);
#6252 = CARTESIAN_POINT('',(35.499998836517,38.731691291807,1.2));
#6253 = SURFACE_CURVE('',#6254,(#6258,#6265),.PCURVE_S1.);
#6254 = LINE('',#6255,#6256);
#6255 = CARTESIAN_POINT('',(35.499998836517,37.48000014782,1.2));
#6256 = VECTOR('',#6257,1.);
#6257 = DIRECTION('',(-1.110223024625E-16,-1.,1.067522139063E-16));
#6258 = PCURVE('',#1075,#6259);
#6259 = DEFINITIONAL_REPRESENTATION('',(#6260),#6264);
#6260 = LINE('',#6261,#6262);
#6261 = CARTESIAN_POINT('',(1.3,-1.25));
#6262 = VECTOR('',#6263,1.);
#6263 = DIRECTION('',(-1.,1.067522139063E-16));
#6264 = ( GEOMETRIC_REPRESENTATION_CONTEXT(2) 
PARAMETRIC_REPRESENTATION_CONTEXT() REPRESENTATION_CONTEXT('2D SPACE',''
  ) );
#6265 = PCURVE('',#2990,#6266);
#6266 = DEFINITIONAL_REPRESENTATION('',(#6267),#6271);
#6267 = LINE('',#6268,#6269);
#6268 = CARTESIAN_POINT('',(0.,0.));
#6269 = VECTOR('',#6270,1.);
#6270 = DIRECTION('',(1.,1.265214063949E-48));
#6271 = ( GEOMETRIC_REPRESENTATION_CONTEXT(2) 
PARAMETRIC_REPRESENTATION_CONTEXT() REPRESENTATION_CONTEXT('2D SPACE',''
  ) );
#6272 = ORIENTED_EDGE('',*,*,#6273,.F.);
#6273 = EDGE_CURVE('',#1060,#6251,#6274,.T.);
#6274 = SURFACE_CURVE('',#6275,(#6280,#6291),.PCURVE_S1.);
#6275 = CIRCLE('',#6276,1.25);
#6276 = AXIS2_PLACEMENT_3D('',#6277,#6278,#6279);
#6277 = CARTESIAN_POINT('',(35.499998836517,38.731691291807,2.45));
#6278 = DIRECTION('',(-1.,1.110223024625E-16,0.));
#6279 = DIRECTION('',(1.108720987031E-16,0.99864708481,
    -5.200000000001E-02));
#6280 = PCURVE('',#1075,#6281);
#6281 = DEFINITIONAL_REPRESENTATION('',(#6282),#6290);
#6282 = ( BOUNDED_CURVE() B_SPLINE_CURVE(2,(#6283,#6284,#6285,#6286,
#6287,#6288,#6289),.UNSPECIFIED.,.T.,.F.) B_SPLINE_CURVE_WITH_KNOTS((1,2
    ,2,2,2,1),(-2.094395102393,0.,2.094395102393,4.188790204786,
6.28318530718,8.377580409573),.UNSPECIFIED.) CURVE() 
GEOMETRIC_REPRESENTATION_ITEM() RATIONAL_B_SPLINE_CURVE((1.,0.5,1.,0.5,
1.,0.5,1.)) REPRESENTATION_ITEM('') );
#6283 = CARTESIAN_POINT('',(3.8,-6.500000000001E-02));
#6284 = CARTESIAN_POINT('',(3.687416697508,-2.227134362152));
#6285 = CARTESIAN_POINT('',(1.871245064735,-1.048567181076));
#6286 = CARTESIAN_POINT('',(5.507343196159E-02,0.13));
#6287 = CARTESIAN_POINT('',(1.983828367227,1.113567181076));
#6288 = CARTESIAN_POINT('',(3.912583302492,2.097134362152));
#6289 = CARTESIAN_POINT('',(3.8,-6.500000000001E-02));
#6290 = ( GEOMETRIC_REPRESENTATION_CONTEXT(2) 
PARAMETRIC_REPRESENTATION_CONTEXT() REPRESENTATION_CONTEXT('2D SPACE',''
  ) );
#6291 = PCURVE('',#1103,#6292);
#6292 = DEFINITIONAL_REPRESENTATION('',(#6293),#6297);
#6293 = LINE('',#6294,#6295);
#6294 = CARTESIAN_POINT('',(0.,0.2));
#6295 = VECTOR('',#6296,1.);
#6296 = DIRECTION('',(1.,0.));
#6297 = ( GEOMETRIC_REPRESENTATION_CONTEXT(2) 
PARAMETRIC_REPRESENTATION_CONTEXT() REPRESENTATION_CONTEXT('2D SPACE',''
  ) );
#6298 = ORIENTED_EDGE('',*,*,#1059,.F.);
#6299 = ADVANCED_FACE('',(#6300),#3569,.F.);
#6300 = FACE_BOUND('',#6301,.F.);
#6301 = EDGE_LOOP('',(#6302,#6303,#6304,#6327));
#6302 = ORIENTED_EDGE('',*,*,#5774,.F.);
#6303 = ORIENTED_EDGE('',*,*,#3546,.F.);
#6304 = ORIENTED_EDGE('',*,*,#6305,.F.);
#6305 = EDGE_CURVE('',#6306,#3547,#6308,.T.);
#6306 = VERTEX_POINT('',#6307);
#6307 = CARTESIAN_POINT('',(-1.199998645782,14.579999704361,
    0.200000190735));
#6308 = SURFACE_CURVE('',#6309,(#6313,#6320),.PCURVE_S1.);
#6309 = LINE('',#6310,#6311);
#6310 = CARTESIAN_POINT('',(-1.199998645782,14.579999704361,2.3425));
#6311 = VECTOR('',#6312,1.);
#6312 = DIRECTION('',(-1.38777878078E-17,-7.404956277786E-15,1.));
#6313 = PCURVE('',#3569,#6314);
#6314 = DEFINITIONAL_REPRESENTATION('',(#6315),#6319);
#6315 = LINE('',#6316,#6317);
#6316 = CARTESIAN_POINT('',(5.497787143782,-3.552713678801E-15));
#6317 = VECTOR('',#6318,1.);
#6318 = DIRECTION('',(1.219467044254E-15,1.));
#6319 = ( GEOMETRIC_REPRESENTATION_CONTEXT(2) 
PARAMETRIC_REPRESENTATION_CONTEXT() REPRESENTATION_CONTEXT('2D SPACE',''
  ) );
#6320 = PCURVE('',#3597,#6321);
#6321 = DEFINITIONAL_REPRESENTATION('',(#6322),#6326);
#6322 = LINE('',#6323,#6324);
#6323 = CARTESIAN_POINT('',(0.1075,0.5));
#6324 = VECTOR('',#6325,1.);
#6325 = DIRECTION('',(1.,0.));
#6326 = ( GEOMETRIC_REPRESENTATION_CONTEXT(2) 
PARAMETRIC_REPRESENTATION_CONTEXT() REPRESENTATION_CONTEXT('2D SPACE',''
  ) );
#6327 = ORIENTED_EDGE('',*,*,#6328,.T.);
#6328 = EDGE_CURVE('',#6306,#5752,#6329,.T.);
#6329 = SURFACE_CURVE('',#6330,(#6335,#6342),.PCURVE_S1.);
#6330 = CIRCLE('',#6331,0.5);
#6331 = AXIS2_PLACEMENT_3D('',#6332,#6333,#6334);
#6332 = CARTESIAN_POINT('',(-1.199998645782,14.079999704361,
    0.200000190735));
#6333 = DIRECTION('',(-1.734723475977E-17,6.637318899622E-16,1.));
#6334 = DIRECTION('',(-0.707106781187,0.707106781187,-4.815956676155E-16
    ));
#6335 = PCURVE('',#3569,#6336);
#6336 = DEFINITIONAL_REPRESENTATION('',(#6337),#6341);
#6337 = LINE('',#6338,#6339);
#6338 = CARTESIAN_POINT('',(-3.552713678801E-15,-2.142499809265));
#6339 = VECTOR('',#6340,1.);
#6340 = DIRECTION('',(1.,2.544443745171E-15));
#6341 = ( GEOMETRIC_REPRESENTATION_CONTEXT(2) 
PARAMETRIC_REPRESENTATION_CONTEXT() REPRESENTATION_CONTEXT('2D SPACE',''
  ) );
#6342 = PCURVE('',#5731,#6343);
#6343 = DEFINITIONAL_REPRESENTATION('',(#6344),#6352);
#6344 = ( BOUNDED_CURVE() B_SPLINE_CURVE(2,(#6345,#6346,#6347,#6348,
#6349,#6350,#6351),.UNSPECIFIED.,.T.,.F.) B_SPLINE_CURVE_WITH_KNOTS((1,2
    ,2,2,2,1),(-2.094395102393,0.,2.094395102393,4.188790204786,
6.28318530718,8.377580409573),.UNSPECIFIED.) CURVE() 
GEOMETRIC_REPRESENTATION_ITEM() RATIONAL_B_SPLINE_CURVE((1.,0.5,1.,0.5,
1.,0.5,1.)) REPRESENTATION_ITEM('') );
#6345 = CARTESIAN_POINT('',(-1.253553390593,1.453552227111));
#6346 = CARTESIAN_POINT('',(-0.641180954897,2.065924662806));
#6347 = CARTESIAN_POINT('',(-0.417037086855,1.229408359069));
#6348 = CARTESIAN_POINT('',(-0.192893218813,0.392892055331));
#6349 = CARTESIAN_POINT('',(-1.029409522551,0.617035923373));
#6350 = CARTESIAN_POINT('',(-1.865925826289,0.841179791415));
#6351 = CARTESIAN_POINT('',(-1.253553390593,1.453552227111));
#6352 = ( GEOMETRIC_REPRESENTATION_CONTEXT(2) 
PARAMETRIC_REPRESENTATION_CONTEXT() REPRESENTATION_CONTEXT('2D SPACE',''
  ) );
#6353 = ADVANCED_FACE('',(#6354),#5731,.F.);
#6354 = FACE_BOUND('',#6355,.T.);
#6355 = EDGE_LOOP('',(#6356,#6357,#6380,#6403,#6424,#6425));
#6356 = ORIENTED_EDGE('',*,*,#5716,.T.);
#6357 = ORIENTED_EDGE('',*,*,#6358,.F.);
#6358 = EDGE_CURVE('',#6359,#5670,#6361,.T.);
#6359 = VERTEX_POINT('',#6360);
#6360 = CARTESIAN_POINT('',(-9.9999809265E-02,4.98,0.200000190735));
#6361 = SURFACE_CURVE('',#6362,(#6366,#6373),.PCURVE_S1.);
#6362 = LINE('',#6363,#6364);
#6363 = CARTESIAN_POINT('',(-9.9999809265E-02,4.98,0.200000190735));
#6364 = VECTOR('',#6365,1.);
#6365 = DIRECTION('',(-1.,-1.665334536938E-15,-1.734723475977E-17));
#6366 = PCURVE('',#5731,#6367);
#6367 = DEFINITIONAL_REPRESENTATION('',(#6368),#6372);
#6368 = LINE('',#6369,#6370);
#6369 = CARTESIAN_POINT('',(8.199999704361,-1.471050718204E-16));
#6370 = VECTOR('',#6371,1.);
#6371 = DIRECTION('',(-9.714451465469E-17,1.));
#6372 = ( GEOMETRIC_REPRESENTATION_CONTEXT(2) 
PARAMETRIC_REPRESENTATION_CONTEXT() REPRESENTATION_CONTEXT('2D SPACE',''
  ) );
#6373 = PCURVE('',#2094,#6374);
#6374 = DEFINITIONAL_REPRESENTATION('',(#6375),#6379);
#6375 = LINE('',#6376,#6377);
#6376 = CARTESIAN_POINT('',(2.334999809265,1.599998836517));
#6377 = VECTOR('',#6378,1.);
#6378 = DIRECTION('',(3.469446951954E-18,-1.));
#6379 = ( GEOMETRIC_REPRESENTATION_CONTEXT(2) 
PARAMETRIC_REPRESENTATION_CONTEXT() REPRESENTATION_CONTEXT('2D SPACE',''
  ) );
#6380 = ORIENTED_EDGE('',*,*,#6381,.F.);
#6381 = EDGE_CURVE('',#6382,#6359,#6384,.T.);
#6382 = VERTEX_POINT('',#6383);
#6383 = CARTESIAN_POINT('',(-9.999980926502E-02,14.579999704361,
    0.200000190735));
#6384 = SURFACE_CURVE('',#6385,(#6389,#6396),.PCURVE_S1.);
#6385 = LINE('',#6386,#6387);
#6386 = CARTESIAN_POINT('',(-0.100000207424,24.680000102889,
    0.200000190735));
#6387 = VECTOR('',#6388,1.);
#6388 = DIRECTION('',(1.773917384512E-15,-1.,6.637318899622E-16));
#6389 = PCURVE('',#5731,#6390);
#6390 = DEFINITIONAL_REPRESENTATION('',(#6391),#6395);
#6391 = LINE('',#6392,#6393);
#6392 = CARTESIAN_POINT('',(-11.50000039852,3.981592439292E-07));
#6393 = VECTOR('',#6394,1.);
#6394 = DIRECTION('',(1.,-1.143833291973E-17));
#6395 = ( GEOMETRIC_REPRESENTATION_CONTEXT(2) 
PARAMETRIC_REPRESENTATION_CONTEXT() REPRESENTATION_CONTEXT('2D SPACE',''
  ) );
#6396 = PCURVE('',#864,#6397);
#6397 = DEFINITIONAL_REPRESENTATION('',(#6398),#6402);
#6398 = LINE('',#6399,#6400);
#6399 = CARTESIAN_POINT('',(17.279999897111,-0.650000190735));
#6400 = VECTOR('',#6401,1.);
#6401 = DIRECTION('',(1.,-6.637318899622E-16));
#6402 = ( GEOMETRIC_REPRESENTATION_CONTEXT(2) 
PARAMETRIC_REPRESENTATION_CONTEXT() REPRESENTATION_CONTEXT('2D SPACE',''
  ) );
#6403 = ORIENTED_EDGE('',*,*,#6404,.T.);
#6404 = EDGE_CURVE('',#6382,#6306,#6405,.T.);
#6405 = SURFACE_CURVE('',#6406,(#6410,#6417),.PCURVE_S1.);
#6406 = LINE('',#6407,#6408);
#6407 = CARTESIAN_POINT('',(-9.999980926502E-02,14.579999704361,
    0.200000190735));
#6408 = VECTOR('',#6409,1.);
#6409 = DIRECTION('',(-1.,-1.665334536938E-15,-1.734723475977E-17));
#6410 = PCURVE('',#5731,#6411);
#6411 = DEFINITIONAL_REPRESENTATION('',(#6412),#6416);
#6412 = LINE('',#6413,#6414);
#6413 = CARTESIAN_POINT('',(-1.4,1.415534356397E-16));
#6414 = VECTOR('',#6415,1.);
#6415 = DIRECTION('',(-9.714451465469E-17,1.));
#6416 = ( GEOMETRIC_REPRESENTATION_CONTEXT(2) 
PARAMETRIC_REPRESENTATION_CONTEXT() REPRESENTATION_CONTEXT('2D SPACE',''
  ) );
#6417 = PCURVE('',#3597,#6418);
#6418 = DEFINITIONAL_REPRESENTATION('',(#6419),#6423);
#6419 = LINE('',#6420,#6421);
#6420 = CARTESIAN_POINT('',(-2.034999809265,1.599998836517));
#6421 = VECTOR('',#6422,1.);
#6422 = DIRECTION('',(-3.469446951954E-18,-1.));
#6423 = ( GEOMETRIC_REPRESENTATION_CONTEXT(2) 
PARAMETRIC_REPRESENTATION_CONTEXT() REPRESENTATION_CONTEXT('2D SPACE',''
  ) );
#6424 = ORIENTED_EDGE('',*,*,#6328,.T.);
#6425 = ORIENTED_EDGE('',*,*,#5751,.F.);
#6426 = ADVANCED_FACE('',(#6427),#808,.F.);
#6427 = FACE_BOUND('',#6428,.F.);
#6428 = EDGE_LOOP('',(#6429,#6430,#6431,#6454));
#6429 = ORIENTED_EDGE('',*,*,#5987,.F.);
#6430 = ORIENTED_EDGE('',*,*,#787,.F.);
#6431 = ORIENTED_EDGE('',*,*,#6432,.F.);
#6432 = EDGE_CURVE('',#6433,#788,#6435,.T.);
#6433 = VERTEX_POINT('',#6434);
#6434 = CARTESIAN_POINT('',(-1.199998645782,40.980000157356,
    0.200000190735));
#6435 = SURFACE_CURVE('',#6436,(#6440,#6447),.PCURVE_S1.);
#6436 = LINE('',#6437,#6438);
#6437 = CARTESIAN_POINT('',(-1.199998645782,40.980000157356,2.3425));
#6438 = VECTOR('',#6439,1.);
#6439 = DIRECTION('',(-1.38777878078E-17,-7.404956277786E-15,1.));
#6440 = PCURVE('',#808,#6441);
#6441 = DEFINITIONAL_REPRESENTATION('',(#6442),#6446);
#6442 = LINE('',#6443,#6444);
#6443 = CARTESIAN_POINT('',(5.497787143782,-3.552713678801E-15));
#6444 = VECTOR('',#6445,1.);
#6445 = DIRECTION('',(0.,1.));
#6446 = ( GEOMETRIC_REPRESENTATION_CONTEXT(2) 
PARAMETRIC_REPRESENTATION_CONTEXT() REPRESENTATION_CONTEXT('2D SPACE',''
  ) );
#6447 = PCURVE('',#836,#6448);
#6448 = DEFINITIONAL_REPRESENTATION('',(#6449),#6453);
#6449 = LINE('',#6450,#6451);
#6450 = CARTESIAN_POINT('',(0.1075,0.500000207424));
#6451 = VECTOR('',#6452,1.);
#6452 = DIRECTION('',(1.,1.387778780781E-17));
#6453 = ( GEOMETRIC_REPRESENTATION_CONTEXT(2) 
PARAMETRIC_REPRESENTATION_CONTEXT() REPRESENTATION_CONTEXT('2D SPACE',''
  ) );
#6454 = ORIENTED_EDGE('',*,*,#6455,.T.);
#6455 = EDGE_CURVE('',#6433,#5965,#6456,.T.);
#6456 = SURFACE_CURVE('',#6457,(#6462,#6469),.PCURVE_S1.);
#6457 = CIRCLE('',#6458,0.5);
#6458 = AXIS2_PLACEMENT_3D('',#6459,#6460,#6461);
#6459 = CARTESIAN_POINT('',(-1.199998645782,40.480000157356,
    0.200000190735));
#6460 = DIRECTION('',(-1.734723475977E-17,6.637318899622E-16,1.));
#6461 = DIRECTION('',(-0.707106781187,0.707106781187,-4.815956676155E-16
    ));
#6462 = PCURVE('',#808,#6463);
#6463 = DEFINITIONAL_REPRESENTATION('',(#6464),#6468);
#6464 = LINE('',#6465,#6466);
#6465 = CARTESIAN_POINT('',(-2.6645352591E-15,-2.142499809265));
#6466 = VECTOR('',#6467,1.);
#6467 = DIRECTION('',(1.,2.544443745171E-15));
#6468 = ( GEOMETRIC_REPRESENTATION_CONTEXT(2) 
PARAMETRIC_REPRESENTATION_CONTEXT() REPRESENTATION_CONTEXT('2D SPACE',''
  ) );
#6469 = PCURVE('',#5944,#6470);
#6470 = DEFINITIONAL_REPRESENTATION('',(#6471),#6479);
#6471 = ( BOUNDED_CURVE() B_SPLINE_CURVE(2,(#6472,#6473,#6474,#6475,
#6476,#6477,#6478),.UNSPECIFIED.,.T.,.F.) B_SPLINE_CURVE_WITH_KNOTS((1,2
    ,2,2,2,1),(-2.094395102393,0.,2.094395102393,4.188790204786,
6.28318530718,8.377580409573),.UNSPECIFIED.) CURVE() 
GEOMETRIC_REPRESENTATION_ITEM() RATIONAL_B_SPLINE_CURVE((1.,0.5,1.,0.5,
1.,0.5,1.)) REPRESENTATION_ITEM('') );
#6472 = CARTESIAN_POINT('',(-1.253553390593,1.453552019686));
#6473 = CARTESIAN_POINT('',(-0.641180954897,2.065924455382));
#6474 = CARTESIAN_POINT('',(-0.417037086855,1.229408151644));
#6475 = CARTESIAN_POINT('',(-0.192893218813,0.392891847907));
#6476 = CARTESIAN_POINT('',(-1.029409522551,0.617035715949));
#6477 = CARTESIAN_POINT('',(-1.865925826289,0.841179583991));
#6478 = CARTESIAN_POINT('',(-1.253553390593,1.453552019686));
#6479 = ( GEOMETRIC_REPRESENTATION_CONTEXT(2) 
PARAMETRIC_REPRESENTATION_CONTEXT() REPRESENTATION_CONTEXT('2D SPACE',''
  ) );
#6480 = ADVANCED_FACE('',(#6481),#5944,.F.);
#6481 = FACE_BOUND('',#6482,.T.);
#6482 = EDGE_LOOP('',(#6483,#6484,#6507,#6530,#6551,#6552));
#6483 = ORIENTED_EDGE('',*,*,#5929,.T.);
#6484 = ORIENTED_EDGE('',*,*,#6485,.F.);
#6485 = EDGE_CURVE('',#6486,#5883,#6488,.T.);
#6486 = VERTEX_POINT('',#6487);
#6487 = CARTESIAN_POINT('',(-0.100000016689,31.380000157356,
    0.200000190735));
#6488 = SURFACE_CURVE('',#6489,(#6493,#6500),.PCURVE_S1.);
#6489 = LINE('',#6490,#6491);
#6490 = CARTESIAN_POINT('',(-0.100000016689,31.380000157356,
    0.200000190735));
#6491 = VECTOR('',#6492,1.);
#6492 = DIRECTION('',(-1.,-2.22044604925E-15,-1.734723475977E-17));
#6493 = PCURVE('',#5944,#6494);
#6494 = DEFINITIONAL_REPRESENTATION('',(#6495),#6499);
#6495 = LINE('',#6496,#6497);
#6496 = CARTESIAN_POINT('',(8.2,-2.547961841515E-15));
#6497 = VECTOR('',#6498,1.);
#6498 = DIRECTION('',(4.579669976579E-16,1.));
#6499 = ( GEOMETRIC_REPRESENTATION_CONTEXT(2) 
PARAMETRIC_REPRESENTATION_CONTEXT() REPRESENTATION_CONTEXT('2D SPACE',''
  ) );
#6500 = PCURVE('',#3648,#6501);
#6501 = DEFINITIONAL_REPRESENTATION('',(#6502),#6506);
#6502 = LINE('',#6503,#6504);
#6503 = CARTESIAN_POINT('',(2.334999809265,1.599998836517));
#6504 = VECTOR('',#6505,1.);
#6505 = DIRECTION('',(-1.040834085586E-17,-1.));
#6506 = ( GEOMETRIC_REPRESENTATION_CONTEXT(2) 
PARAMETRIC_REPRESENTATION_CONTEXT() REPRESENTATION_CONTEXT('2D SPACE',''
  ) );
#6507 = ORIENTED_EDGE('',*,*,#6508,.F.);
#6508 = EDGE_CURVE('',#6509,#6486,#6511,.T.);
#6509 = VERTEX_POINT('',#6510);
#6510 = CARTESIAN_POINT('',(-0.100000016689,40.980000157356,
    0.200000190735));
#6511 = SURFACE_CURVE('',#6512,(#6516,#6523),.PCURVE_S1.);
#6512 = LINE('',#6513,#6514);
#6513 = CARTESIAN_POINT('',(-0.100000207424,37.880000329387,
    0.200000190735));
#6514 = VECTOR('',#6515,1.);
#6515 = DIRECTION('',(1.773917384512E-15,-1.,6.637318899622E-16));
#6516 = PCURVE('',#5944,#6517);
#6517 = DEFINITIONAL_REPRESENTATION('',(#6518),#6522);
#6518 = LINE('',#6519,#6520);
#6519 = CARTESIAN_POINT('',(1.69999982797,1.907349990019E-07));
#6520 = VECTOR('',#6521,1.);
#6521 = DIRECTION('',(1.,-1.143833291973E-17));
#6522 = ( GEOMETRIC_REPRESENTATION_CONTEXT(2) 
PARAMETRIC_REPRESENTATION_CONTEXT() REPRESENTATION_CONTEXT('2D SPACE',''
  ) );
#6523 = PCURVE('',#864,#6524);
#6524 = DEFINITIONAL_REPRESENTATION('',(#6525),#6529);
#6525 = LINE('',#6526,#6527);
#6526 = CARTESIAN_POINT('',(4.079999670613,-0.650000190735));
#6527 = VECTOR('',#6528,1.);
#6528 = DIRECTION('',(1.,-6.637318899622E-16));
#6529 = ( GEOMETRIC_REPRESENTATION_CONTEXT(2) 
PARAMETRIC_REPRESENTATION_CONTEXT() REPRESENTATION_CONTEXT('2D SPACE',''
  ) );
#6530 = ORIENTED_EDGE('',*,*,#6531,.T.);
#6531 = EDGE_CURVE('',#6509,#6433,#6532,.T.);
#6532 = SURFACE_CURVE('',#6533,(#6537,#6544),.PCURVE_S1.);
#6533 = LINE('',#6534,#6535);
#6534 = CARTESIAN_POINT('',(-0.100000016689,40.980000157356,
    0.200000190735));
#6535 = VECTOR('',#6536,1.);
#6536 = DIRECTION('',(-1.,-2.22044604925E-15,-1.734723475977E-17));
#6537 = PCURVE('',#5944,#6538);
#6538 = DEFINITIONAL_REPRESENTATION('',(#6539),#6543);
#6539 = LINE('',#6540,#6541);
#6540 = CARTESIAN_POINT('',(-1.4,1.529332216421E-15));
#6541 = VECTOR('',#6542,1.);
#6542 = DIRECTION('',(4.579669976579E-16,1.));
#6543 = ( GEOMETRIC_REPRESENTATION_CONTEXT(2) 
PARAMETRIC_REPRESENTATION_CONTEXT() REPRESENTATION_CONTEXT('2D SPACE',''
  ) );
#6544 = PCURVE('',#836,#6545);
#6545 = DEFINITIONAL_REPRESENTATION('',(#6546),#6550);
#6546 = LINE('',#6547,#6548);
#6547 = CARTESIAN_POINT('',(-2.034999809265,1.599998836517));
#6548 = VECTOR('',#6549,1.);
#6549 = DIRECTION('',(1.040834085586E-17,-1.));
#6550 = ( GEOMETRIC_REPRESENTATION_CONTEXT(2) 
PARAMETRIC_REPRESENTATION_CONTEXT() REPRESENTATION_CONTEXT('2D SPACE',''
  ) );
#6551 = ORIENTED_EDGE('',*,*,#6455,.T.);
#6552 = ORIENTED_EDGE('',*,*,#5964,.F.);
#6553 = ADVANCED_FACE('',(#6554),#3100,.F.);
#6554 = FACE_BOUND('',#6555,.F.);
#6555 = EDGE_LOOP('',(#6556,#6557,#6558,#6581));
#6556 = ORIENTED_EDGE('',*,*,#6200,.F.);
#6557 = ORIENTED_EDGE('',*,*,#3079,.F.);
#6558 = ORIENTED_EDGE('',*,*,#6559,.F.);
#6559 = EDGE_CURVE('',#6560,#3080,#6562,.T.);
#6560 = VERTEX_POINT('',#6561);
#6561 = CARTESIAN_POINT('',(34.999998836517,31.380000157356,
    0.200000190735));
#6562 = SURFACE_CURVE('',#6563,(#6567,#6574),.PCURVE_S1.);
#6563 = LINE('',#6564,#6565);
#6564 = CARTESIAN_POINT('',(34.999998836517,31.380000157356,2.3425));
#6565 = VECTOR('',#6566,1.);
#6566 = DIRECTION('',(8.217301096052E-31,7.401486830834E-15,1.));
#6567 = PCURVE('',#3100,#6568);
#6568 = DEFINITIONAL_REPRESENTATION('',(#6569),#6573);
#6569 = LINE('',#6570,#6571);
#6570 = CARTESIAN_POINT('',(-0.785398163397,-3.552713678801E-15));
#6571 = VECTOR('',#6572,1.);
#6572 = DIRECTION('',(-3.658401132762E-15,1.));
#6573 = ( GEOMETRIC_REPRESENTATION_CONTEXT(2) 
PARAMETRIC_REPRESENTATION_CONTEXT() REPRESENTATION_CONTEXT('2D SPACE',''
  ) );
#6574 = PCURVE('',#3128,#6575);
#6575 = DEFINITIONAL_REPRESENTATION('',(#6576),#6580);
#6576 = LINE('',#6577,#6578);
#6577 = CARTESIAN_POINT('',(0.1075,0.5));
#6578 = VECTOR('',#6579,1.);
#6579 = DIRECTION('',(1.,0.));
#6580 = ( GEOMETRIC_REPRESENTATION_CONTEXT(2) 
PARAMETRIC_REPRESENTATION_CONTEXT() REPRESENTATION_CONTEXT('2D SPACE',''
  ) );
#6581 = ORIENTED_EDGE('',*,*,#6582,.T.);
#6582 = EDGE_CURVE('',#6560,#6178,#6583,.T.);
#6583 = SURFACE_CURVE('',#6584,(#6589,#6596),.PCURVE_S1.);
#6584 = CIRCLE('',#6585,0.5);
#6585 = AXIS2_PLACEMENT_3D('',#6586,#6587,#6588);
#6586 = CARTESIAN_POINT('',(34.999998836517,31.880000157356,
    0.200000190735));
#6587 = DIRECTION('',(0.,-6.672013369142E-16,1.));
#6588 = DIRECTION('',(0.707106781187,-0.707106781187,-4.717825897487E-16
    ));
#6589 = PCURVE('',#3100,#6590);
#6590 = DEFINITIONAL_REPRESENTATION('',(#6591),#6595);
#6591 = LINE('',#6592,#6593);
#6592 = CARTESIAN_POINT('',(-6.28318530718,-2.142499809265));
#6593 = VECTOR('',#6594,1.);
#6594 = DIRECTION('',(1.,2.544443745171E-15));
#6595 = ( GEOMETRIC_REPRESENTATION_CONTEXT(2) 
PARAMETRIC_REPRESENTATION_CONTEXT() REPRESENTATION_CONTEXT('2D SPACE',''
  ) );
#6596 = PCURVE('',#6157,#6597);
#6597 = DEFINITIONAL_REPRESENTATION('',(#6598),#6606);
#6598 = ( BOUNDED_CURVE() B_SPLINE_CURVE(2,(#6599,#6600,#6601,#6602,
#6603,#6604,#6605),.UNSPECIFIED.,.T.,.F.) B_SPLINE_CURVE_WITH_KNOTS((1,2
    ,2,2,2,1),(-2.094395102393,0.,2.094395102393,4.188790204786,
6.28318530718,8.377580409573),.UNSPECIFIED.) CURVE() 
GEOMETRIC_REPRESENTATION_ITEM() RATIONAL_B_SPLINE_CURVE((1.,0.5,1.,0.5,
1.,0.5,1.)) REPRESENTATION_ITEM('') );
#6599 = CARTESIAN_POINT('',(-1.253553381056,1.453552227111));
#6600 = CARTESIAN_POINT('',(-0.641180945361,2.065924662806));
#6601 = CARTESIAN_POINT('',(-0.417037077319,1.229408359069));
#6602 = CARTESIAN_POINT('',(-0.192893209277,0.392892055331));
#6603 = CARTESIAN_POINT('',(-1.029409513014,0.617035923373));
#6604 = CARTESIAN_POINT('',(-1.865925816752,0.841179791415));
#6605 = CARTESIAN_POINT('',(-1.253553381056,1.453552227111));
#6606 = ( GEOMETRIC_REPRESENTATION_CONTEXT(2) 
PARAMETRIC_REPRESENTATION_CONTEXT() REPRESENTATION_CONTEXT('2D SPACE',''
  ) );
#6607 = ADVANCED_FACE('',(#6608),#6157,.F.);
#6608 = FACE_BOUND('',#6609,.T.);
#6609 = EDGE_LOOP('',(#6610,#6611,#6634,#6657,#6678,#6679));
#6610 = ORIENTED_EDGE('',*,*,#6142,.T.);
#6611 = ORIENTED_EDGE('',*,*,#6612,.F.);
#6612 = EDGE_CURVE('',#6613,#6096,#6615,.T.);
#6613 = VERTEX_POINT('',#6614);
#6614 = CARTESIAN_POINT('',(33.9,40.98000014782,0.200000190735));
#6615 = SURFACE_CURVE('',#6616,(#6620,#6627),.PCURVE_S1.);
#6616 = LINE('',#6617,#6618);
#6617 = CARTESIAN_POINT('',(33.9,40.98000014782,0.200000190735));
#6618 = VECTOR('',#6619,1.);
#6619 = DIRECTION('',(1.,0.,0.));
#6620 = PCURVE('',#6157,#6621);
#6621 = DEFINITIONAL_REPRESENTATION('',(#6622),#6626);
#6622 = LINE('',#6623,#6624);
#6623 = CARTESIAN_POINT('',(8.2,-9.103828801926E-16));
#6624 = VECTOR('',#6625,1.);
#6625 = DIRECTION('',(1.110223024625E-16,1.));
#6626 = ( GEOMETRIC_REPRESENTATION_CONTEXT(2) 
PARAMETRIC_REPRESENTATION_CONTEXT() REPRESENTATION_CONTEXT('2D SPACE',''
  ) );
#6627 = PCURVE('',#1014,#6628);
#6628 = DEFINITIONAL_REPRESENTATION('',(#6629),#6633);
#6629 = LINE('',#6630,#6631);
#6630 = CARTESIAN_POINT('',(2.334999809265,1.599998836517));
#6631 = VECTOR('',#6632,1.);
#6632 = DIRECTION('',(-8.217301096052E-31,-1.));
#6633 = ( GEOMETRIC_REPRESENTATION_CONTEXT(2) 
PARAMETRIC_REPRESENTATION_CONTEXT() REPRESENTATION_CONTEXT('2D SPACE',''
  ) );
#6634 = ORIENTED_EDGE('',*,*,#6635,.F.);
#6635 = EDGE_CURVE('',#6636,#6613,#6638,.T.);
#6636 = VERTEX_POINT('',#6637);
#6637 = CARTESIAN_POINT('',(33.9,31.380000157356,0.200000190735));
#6638 = SURFACE_CURVE('',#6639,(#6643,#6650),.PCURVE_S1.);
#6639 = LINE('',#6640,#6641);
#6640 = CARTESIAN_POINT('',(33.9,21.279999901879,0.200000190735));
#6641 = VECTOR('',#6642,1.);
#6642 = DIRECTION('',(9.958396954279E-17,1.,6.672013369142E-16));
#6643 = PCURVE('',#6157,#6644);
#6644 = DEFINITIONAL_REPRESENTATION('',(#6645),#6649);
#6645 = LINE('',#6646,#6647);
#6646 = CARTESIAN_POINT('',(-11.50000024594,1.276756505624E-15));
#6647 = VECTOR('',#6648,1.);
#6648 = DIRECTION('',(1.,-1.143833291973E-17));
#6649 = ( GEOMETRIC_REPRESENTATION_CONTEXT(2) 
PARAMETRIC_REPRESENTATION_CONTEXT() REPRESENTATION_CONTEXT('2D SPACE',''
  ) );
#6650 = PCURVE('',#986,#6651);
#6651 = DEFINITIONAL_REPRESENTATION('',(#6652),#6656);
#6652 = LINE('',#6653,#6654);
#6653 = CARTESIAN_POINT('',(17.279999901879,-0.650000190735));
#6654 = VECTOR('',#6655,1.);
#6655 = DIRECTION('',(1.,-6.672013369142E-16));
#6656 = ( GEOMETRIC_REPRESENTATION_CONTEXT(2) 
PARAMETRIC_REPRESENTATION_CONTEXT() REPRESENTATION_CONTEXT('2D SPACE',''
  ) );
#6657 = ORIENTED_EDGE('',*,*,#6658,.T.);
#6658 = EDGE_CURVE('',#6636,#6560,#6659,.T.);
#6659 = SURFACE_CURVE('',#6660,(#6664,#6671),.PCURVE_S1.);
#6660 = LINE('',#6661,#6662);
#6661 = CARTESIAN_POINT('',(33.9,31.380000157356,0.200000190735));
#6662 = VECTOR('',#6663,1.);
#6663 = DIRECTION('',(1.,0.,0.));
#6664 = PCURVE('',#6157,#6665);
#6665 = DEFINITIONAL_REPRESENTATION('',(#6666),#6670);
#6666 = LINE('',#6667,#6668);
#6667 = CARTESIAN_POINT('',(-1.399999990463,1.554312223887E-16));
#6668 = VECTOR('',#6669,1.);
#6669 = DIRECTION('',(1.110223024625E-16,1.));
#6670 = ( GEOMETRIC_REPRESENTATION_CONTEXT(2) 
PARAMETRIC_REPRESENTATION_CONTEXT() REPRESENTATION_CONTEXT('2D SPACE',''
  ) );
#6671 = PCURVE('',#3128,#6672);
#6672 = DEFINITIONAL_REPRESENTATION('',(#6673),#6677);
#6673 = LINE('',#6674,#6675);
#6674 = CARTESIAN_POINT('',(-2.034999809265,1.599998836517));
#6675 = VECTOR('',#6676,1.);
#6676 = DIRECTION('',(8.217301096052E-31,-1.));
#6677 = ( GEOMETRIC_REPRESENTATION_CONTEXT(2) 
PARAMETRIC_REPRESENTATION_CONTEXT() REPRESENTATION_CONTEXT('2D SPACE',''
  ) );
#6678 = ORIENTED_EDGE('',*,*,#6582,.T.);
#6679 = ORIENTED_EDGE('',*,*,#6177,.F.);
#6680 = ADVANCED_FACE('',(#6681),#1898,.F.);
#6681 = FACE_BOUND('',#6682,.F.);
#6682 = EDGE_LOOP('',(#6683,#6684,#6685,#6708));
#6683 = ORIENTED_EDGE('',*,*,#5544,.F.);
#6684 = ORIENTED_EDGE('',*,*,#1877,.F.);
#6685 = ORIENTED_EDGE('',*,*,#6686,.F.);
#6686 = EDGE_CURVE('',#6687,#1878,#6689,.T.);
#6687 = VERTEX_POINT('',#6688);
#6688 = CARTESIAN_POINT('',(34.999998836517,4.979999704361,
    0.200000190735));
#6689 = SURFACE_CURVE('',#6690,(#6694,#6701),.PCURVE_S1.);
#6690 = LINE('',#6691,#6692);
#6691 = CARTESIAN_POINT('',(34.999998836517,4.979999704361,2.3425));
#6692 = VECTOR('',#6693,1.);
#6693 = DIRECTION('',(8.217301096052E-31,7.401486830834E-15,1.));
#6694 = PCURVE('',#1898,#6695);
#6695 = DEFINITIONAL_REPRESENTATION('',(#6696),#6700);
#6696 = LINE('',#6697,#6698);
#6697 = CARTESIAN_POINT('',(-0.785398163397,6.661338147751E-15));
#6698 = VECTOR('',#6699,1.);
#6699 = DIRECTION('',(0.,1.));
#6700 = ( GEOMETRIC_REPRESENTATION_CONTEXT(2) 
PARAMETRIC_REPRESENTATION_CONTEXT() REPRESENTATION_CONTEXT('2D SPACE',''
  ) );
#6701 = PCURVE('',#1926,#6702);
#6702 = DEFINITIONAL_REPRESENTATION('',(#6703),#6707);
#6703 = LINE('',#6704,#6705);
#6704 = CARTESIAN_POINT('',(0.1075,0.5));
#6705 = VECTOR('',#6706,1.);
#6706 = DIRECTION('',(1.,0.));
#6707 = ( GEOMETRIC_REPRESENTATION_CONTEXT(2) 
PARAMETRIC_REPRESENTATION_CONTEXT() REPRESENTATION_CONTEXT('2D SPACE',''
  ) );
#6708 = ORIENTED_EDGE('',*,*,#6709,.T.);
#6709 = EDGE_CURVE('',#6687,#5522,#6710,.T.);
#6710 = SURFACE_CURVE('',#6711,(#6716,#6723),.PCURVE_S1.);
#6711 = CIRCLE('',#6712,0.5);
#6712 = AXIS2_PLACEMENT_3D('',#6713,#6714,#6715);
#6713 = CARTESIAN_POINT('',(34.999998836517,5.479999704361,
    0.200000190735));
#6714 = DIRECTION('',(-1.479114197289E-31,-6.672013369142E-16,1.));
#6715 = DIRECTION('',(0.707106781187,-0.707106781187,-4.717825897487E-16
    ));
#6716 = PCURVE('',#1898,#6717);
#6717 = DEFINITIONAL_REPRESENTATION('',(#6718),#6722);
#6718 = LINE('',#6719,#6720);
#6719 = CARTESIAN_POINT('',(-6.28318530718,-2.142499809265));
#6720 = VECTOR('',#6721,1.);
#6721 = DIRECTION('',(1.,2.544443745171E-15));
#6722 = ( GEOMETRIC_REPRESENTATION_CONTEXT(2) 
PARAMETRIC_REPRESENTATION_CONTEXT() REPRESENTATION_CONTEXT('2D SPACE',''
  ) );
#6723 = PCURVE('',#5501,#6724);
#6724 = DEFINITIONAL_REPRESENTATION('',(#6725),#6733);
#6725 = ( BOUNDED_CURVE() B_SPLINE_CURVE(2,(#6726,#6727,#6728,#6729,
#6730,#6731,#6732),.UNSPECIFIED.,.T.,.F.) B_SPLINE_CURVE_WITH_KNOTS((1,2
    ,2,2,2,1),(-2.094395102393,0.,2.094395102393,4.188790204786,
6.28318530718,8.377580409573),.UNSPECIFIED.) CURVE() 
GEOMETRIC_REPRESENTATION_ITEM() RATIONAL_B_SPLINE_CURVE((1.,0.5,1.,0.5,
1.,0.5,1.)) REPRESENTATION_ITEM('') );
#6726 = CARTESIAN_POINT('',(-1.253553686232,1.453552227111));
#6727 = CARTESIAN_POINT('',(-0.641181250537,2.065924662806));
#6728 = CARTESIAN_POINT('',(-0.417037382495,1.229408359069));
#6729 = CARTESIAN_POINT('',(-0.192893514452,0.392892055331));
#6730 = CARTESIAN_POINT('',(-1.02940981819,0.617035923373));
#6731 = CARTESIAN_POINT('',(-1.865926121928,0.841179791415));
#6732 = CARTESIAN_POINT('',(-1.253553686232,1.453552227111));
#6733 = ( GEOMETRIC_REPRESENTATION_CONTEXT(2) 
PARAMETRIC_REPRESENTATION_CONTEXT() REPRESENTATION_CONTEXT('2D SPACE',''
  ) );
#6734 = ADVANCED_FACE('',(#6735),#5501,.F.);
#6735 = FACE_BOUND('',#6736,.T.);
#6736 = EDGE_LOOP('',(#6737,#6738,#6761,#6784,#6805,#6806));
#6737 = ORIENTED_EDGE('',*,*,#5486,.T.);
#6738 = ORIENTED_EDGE('',*,*,#6739,.F.);
#6739 = EDGE_CURVE('',#6740,#5403,#6742,.T.);
#6740 = VERTEX_POINT('',#6741);
#6741 = CARTESIAN_POINT('',(33.9,14.58,0.200000190735));
#6742 = SURFACE_CURVE('',#6743,(#6747,#6754),.PCURVE_S1.);
#6743 = LINE('',#6744,#6745);
#6744 = CARTESIAN_POINT('',(33.9,14.58,0.200000190735));
#6745 = VECTOR('',#6746,1.);
#6746 = DIRECTION('',(1.,-1.850371707709E-16,0.));
#6747 = PCURVE('',#5501,#6748);
#6748 = DEFINITIONAL_REPRESENTATION('',(#6749),#6753);
#6749 = LINE('',#6750,#6751);
#6750 = CARTESIAN_POINT('',(8.2,-9.103828801926E-16));
#6751 = VECTOR('',#6752,1.);
#6752 = DIRECTION('',(-7.401486830834E-17,1.));
#6753 = ( GEOMETRIC_REPRESENTATION_CONTEXT(2) 
PARAMETRIC_REPRESENTATION_CONTEXT() REPRESENTATION_CONTEXT('2D SPACE',''
  ) );
#6754 = PCURVE('',#5423,#6755);
#6755 = DEFINITIONAL_REPRESENTATION('',(#6756),#6760);
#6756 = LINE('',#6757,#6758);
#6757 = CARTESIAN_POINT('',(2.334999809265,1.599998836517));
#6758 = VECTOR('',#6759,1.);
#6759 = DIRECTION('',(5.478200730701E-31,-1.));
#6760 = ( GEOMETRIC_REPRESENTATION_CONTEXT(2) 
PARAMETRIC_REPRESENTATION_CONTEXT() REPRESENTATION_CONTEXT('2D SPACE',''
  ) );
#6761 = ORIENTED_EDGE('',*,*,#6762,.F.);
#6762 = EDGE_CURVE('',#6763,#6740,#6765,.T.);
#6763 = VERTEX_POINT('',#6764);
#6764 = CARTESIAN_POINT('',(33.9,4.979999704361,0.200000190735));
#6765 = SURFACE_CURVE('',#6766,(#6770,#6777),.PCURVE_S1.);
#6766 = LINE('',#6767,#6768);
#6767 = CARTESIAN_POINT('',(33.9,8.07999982797,0.200000190735));
#6768 = VECTOR('',#6769,1.);
#6769 = DIRECTION('',(9.958396954279E-17,1.,6.672013369142E-16));
#6770 = PCURVE('',#5501,#6771);
#6771 = DEFINITIONAL_REPRESENTATION('',(#6772),#6776);
#6772 = LINE('',#6773,#6774);
#6773 = CARTESIAN_POINT('',(1.69999982797,-1.887378950871E-16));
#6774 = VECTOR('',#6775,1.);
#6775 = DIRECTION('',(1.,-1.143833291973E-17));
#6776 = ( GEOMETRIC_REPRESENTATION_CONTEXT(2) 
PARAMETRIC_REPRESENTATION_CONTEXT() REPRESENTATION_CONTEXT('2D SPACE',''
  ) );
#6777 = PCURVE('',#986,#6778);
#6778 = DEFINITIONAL_REPRESENTATION('',(#6779),#6783);
#6779 = LINE('',#6780,#6781);
#6780 = CARTESIAN_POINT('',(4.07999982797,-0.650000190735));
#6781 = VECTOR('',#6782,1.);
#6782 = DIRECTION('',(1.,-6.672013369142E-16));
#6783 = ( GEOMETRIC_REPRESENTATION_CONTEXT(2) 
PARAMETRIC_REPRESENTATION_CONTEXT() REPRESENTATION_CONTEXT('2D SPACE',''
  ) );
#6784 = ORIENTED_EDGE('',*,*,#6785,.T.);
#6785 = EDGE_CURVE('',#6763,#6687,#6786,.T.);
#6786 = SURFACE_CURVE('',#6787,(#6791,#6798),.PCURVE_S1.);
#6787 = LINE('',#6788,#6789);
#6788 = CARTESIAN_POINT('',(33.9,4.979999704361,0.200000190735));
#6789 = VECTOR('',#6790,1.);
#6790 = DIRECTION('',(1.,-1.850371707709E-16,0.));
#6791 = PCURVE('',#5501,#6792);
#6792 = DEFINITIONAL_REPRESENTATION('',(#6793),#6797);
#6793 = LINE('',#6794,#6795);
#6794 = CARTESIAN_POINT('',(-1.400000295639,1.5543125627E-16));
#6795 = VECTOR('',#6796,1.);
#6796 = DIRECTION('',(-7.401486830834E-17,1.));
#6797 = ( GEOMETRIC_REPRESENTATION_CONTEXT(2) 
PARAMETRIC_REPRESENTATION_CONTEXT() REPRESENTATION_CONTEXT('2D SPACE',''
  ) );
#6798 = PCURVE('',#1926,#6799);
#6799 = DEFINITIONAL_REPRESENTATION('',(#6800),#6804);
#6800 = LINE('',#6801,#6802);
#6801 = CARTESIAN_POINT('',(-2.034999809265,1.599998836517));
#6802 = VECTOR('',#6803,1.);
#6803 = DIRECTION('',(-5.478200730701E-31,-1.));
#6804 = ( GEOMETRIC_REPRESENTATION_CONTEXT(2) 
PARAMETRIC_REPRESENTATION_CONTEXT() REPRESENTATION_CONTEXT('2D SPACE',''
  ) );
#6805 = ORIENTED_EDGE('',*,*,#6709,.T.);
#6806 = ORIENTED_EDGE('',*,*,#5521,.F.);
#6807 = ADVANCED_FACE('',(#6808),#1238,.T.);
#6808 = FACE_BOUND('',#6809,.T.);
#6809 = EDGE_LOOP('',(#6810,#6811,#6834,#6863,#6884));
#6810 = ORIENTED_EDGE('',*,*,#2739,.T.);
#6811 = ORIENTED_EDGE('',*,*,#6812,.T.);
#6812 = EDGE_CURVE('',#2707,#6813,#6815,.T.);
#6813 = VERTEX_POINT('',#6814);
#6814 = CARTESIAN_POINT('',(35.5,42.06,-0.45));
#6815 = SURFACE_CURVE('',#6816,(#6820,#6827),.PCURVE_S1.);
#6816 = LINE('',#6817,#6818);
#6817 = CARTESIAN_POINT('',(35.5,42.06,-2.05));
#6818 = VECTOR('',#6819,1.);
#6819 = DIRECTION('',(0.,0.,-1.));
#6820 = PCURVE('',#1238,#6821);
#6821 = DEFINITIONAL_REPRESENTATION('',(#6822),#6826);
#6822 = LINE('',#6823,#6824);
#6823 = CARTESIAN_POINT('',(5.497787143782,0.));
#6824 = VECTOR('',#6825,1.);
#6825 = DIRECTION('',(0.,-1.));
#6826 = ( GEOMETRIC_REPRESENTATION_CONTEXT(2) 
PARAMETRIC_REPRESENTATION_CONTEXT() REPRESENTATION_CONTEXT('2D SPACE',''
  ) );
#6827 = PCURVE('',#2723,#6828);
#6828 = DEFINITIONAL_REPRESENTATION('',(#6829),#6833);
#6829 = LINE('',#6830,#6831);
#6830 = CARTESIAN_POINT('',(-0.1,0.));
#6831 = VECTOR('',#6832,1.);
#6832 = DIRECTION('',(0.,1.));
#6833 = ( GEOMETRIC_REPRESENTATION_CONTEXT(2) 
PARAMETRIC_REPRESENTATION_CONTEXT() REPRESENTATION_CONTEXT('2D SPACE',''
  ) );
#6834 = ORIENTED_EDGE('',*,*,#6835,.F.);
#6835 = EDGE_CURVE('',#6836,#6813,#6838,.T.);
#6836 = VERTEX_POINT('',#6837);
#6837 = CARTESIAN_POINT('',(34.720529016613,44.909999999999,-0.45));
#6838 = SURFACE_CURVE('',#6839,(#6844,#6851),.PCURVE_S1.);
#6839 = CIRCLE('',#6840,5.6);
#6840 = AXIS2_PLACEMENT_3D('',#6841,#6842,#6843);
#6841 = CARTESIAN_POINT('',(29.9,42.06,-0.45));
#6842 = DIRECTION('',(0.,0.,-1.));
#6843 = DIRECTION('',(0.707106781187,0.707106781187,0.));
#6844 = PCURVE('',#1238,#6845);
#6845 = DEFINITIONAL_REPRESENTATION('',(#6846),#6850);
#6846 = LINE('',#6847,#6848);
#6847 = CARTESIAN_POINT('',(6.28318530718,1.6));
#6848 = VECTOR('',#6849,1.);
#6849 = DIRECTION('',(-1.,0.));
#6850 = ( GEOMETRIC_REPRESENTATION_CONTEXT(2) 
PARAMETRIC_REPRESENTATION_CONTEXT() REPRESENTATION_CONTEXT('2D SPACE',''
  ) );
#6851 = PCURVE('',#6852,#6857);
#6852 = CONICAL_SURFACE('',#6853,4.8,0.785398163397);
#6853 = AXIS2_PLACEMENT_3D('',#6854,#6855,#6856);
#6854 = CARTESIAN_POINT('',(29.9,42.06,-1.25));
#6855 = DIRECTION('',(0.,0.,1.));
#6856 = DIRECTION('',(0.707106781187,0.707106781187,0.));
#6857 = DEFINITIONAL_REPRESENTATION('',(#6858),#6862);
#6858 = LINE('',#6859,#6860);
#6859 = CARTESIAN_POINT('',(6.28318530718,0.8));
#6860 = VECTOR('',#6861,1.);
#6861 = DIRECTION('',(-1.,0.));
#6862 = ( GEOMETRIC_REPRESENTATION_CONTEXT(2) 
PARAMETRIC_REPRESENTATION_CONTEXT() REPRESENTATION_CONTEXT('2D SPACE',''
  ) );
#6863 = ORIENTED_EDGE('',*,*,#6864,.T.);
#6864 = EDGE_CURVE('',#6836,#1222,#6865,.T.);
#6865 = SURFACE_CURVE('',#6866,(#6870,#6877),.PCURVE_S1.);
#6866 = LINE('',#6867,#6868);
#6867 = CARTESIAN_POINT('',(34.720529016613,44.909999999999,-2.05));
#6868 = VECTOR('',#6869,1.);
#6869 = DIRECTION('',(0.,0.,1.));
#6870 = PCURVE('',#1238,#6871);
#6871 = DEFINITIONAL_REPRESENTATION('',(#6872),#6876);
#6872 = LINE('',#6873,#6874);
#6873 = CARTESIAN_POINT('',(6.031726798763,0.));
#6874 = VECTOR('',#6875,1.);
#6875 = DIRECTION('',(0.,1.));
#6876 = ( GEOMETRIC_REPRESENTATION_CONTEXT(2) 
PARAMETRIC_REPRESENTATION_CONTEXT() REPRESENTATION_CONTEXT('2D SPACE',''
  ) );
#6877 = PCURVE('',#1271,#6878);
#6878 = DEFINITIONAL_REPRESENTATION('',(#6879),#6883);
#6879 = LINE('',#6880,#6881);
#6880 = CARTESIAN_POINT('',(0.384396774495,0.));
#6881 = VECTOR('',#6882,1.);
#6882 = DIRECTION('',(0.,1.));
#6883 = ( GEOMETRIC_REPRESENTATION_CONTEXT(2) 
PARAMETRIC_REPRESENTATION_CONTEXT() REPRESENTATION_CONTEXT('2D SPACE',''
  ) );
#6884 = ORIENTED_EDGE('',*,*,#1221,.T.);
#6885 = ADVANCED_FACE('',(#6886),#2459,.T.);
#6886 = FACE_BOUND('',#6887,.T.);
#6887 = EDGE_LOOP('',(#6888,#6935,#6936,#6959,#6988));
#6888 = ORIENTED_EDGE('',*,*,#6889,.T.);
#6889 = EDGE_CURVE('',#6890,#2443,#6892,.T.);
#6890 = VERTEX_POINT('',#6891);
#6891 = CARTESIAN_POINT('',(35.5,3.9,0.481033548547));
#6892 = SURFACE_CURVE('',#6893,(#6900,#6929),.PCURVE_S1.);
#6893 = B_SPLINE_CURVE_WITH_KNOTS('',3,(#6894,#6895,#6896,#6897,#6898,
    #6899),.UNSPECIFIED.,.F.,.F.,(4,2,4),(1.927345916615,2.016374852738,
    2.125727705166),.UNSPECIFIED.);
#6894 = CARTESIAN_POINT('',(35.5,3.9,0.481033548547));
#6895 = CARTESIAN_POINT('',(35.5,3.703469547712,0.71353103901));
#6896 = CARTESIAN_POINT('',(35.489474397521,3.535895851427,
    0.984740122372));
#6897 = CARTESIAN_POINT('',(35.46598603628,3.265868862306,1.631575874334
    ));
#6898 = CARTESIAN_POINT('',(35.454535600376,3.187822710102,
    2.018003869221));
#6899 = CARTESIAN_POINT('',(35.45352136705,3.179999704361,2.385));
#6900 = PCURVE('',#2459,#6901);
#6901 = DEFINITIONAL_REPRESENTATION('',(#6902),#6928);
#6902 = B_SPLINE_CURVE_WITH_KNOTS('',3,(#6903,#6904,#6905,#6906,#6907,
    #6908,#6909,#6910,#6911,#6912,#6913,#6914,#6915,#6916,#6917,#6918,
    #6919,#6920,#6921,#6922,#6923,#6924,#6925,#6926,#6927),
  .UNSPECIFIED.,.F.,.F.,(4,1,1,1,1,1,1,1,1,1,1,1,1,1,1,1,1,1,1,1,1,1,4),
  (1.927345916615,1.93636327064,1.945380624665,1.95439797869,
    1.963415332716,1.972432686741,1.981450040766,1.990467394791,
    1.999484748816,2.008502102841,2.017519456866,2.026536810891,
    2.035554164916,2.044571518941,2.053588872966,2.062606226991,
    2.071623581016,2.080640935041,2.089658289066,2.098675643091,
    2.107692997116,2.116710351141,2.125727705166),
  .QUASI_UNIFORM_KNOTS.);
#6903 = CARTESIAN_POINT('',(0.785398163397,2.531033548547));
#6904 = CARTESIAN_POINT('',(0.781843592748,2.554582208935));
#6905 = CARTESIAN_POINT('',(0.774840462847,2.602473797461));
#6906 = CARTESIAN_POINT('',(0.764672358746,2.676571561448));
#6907 = CARTESIAN_POINT('',(0.754859306626,2.752807285768));
#6908 = CARTESIAN_POINT('',(0.745420101343,2.831058545383));
#6909 = CARTESIAN_POINT('',(0.736373732272,2.911202930762));
#6910 = CARTESIAN_POINT('',(0.727739389438,2.993117974523));
#6911 = CARTESIAN_POINT('',(0.719536470367,3.076681425172));
#6912 = CARTESIAN_POINT('',(0.711784452166,3.161770225527));
#6913 = CARTESIAN_POINT('',(0.70450331449,3.24826432526));
#6914 = CARTESIAN_POINT('',(0.697711904993,3.336032452315));
#6915 = CARTESIAN_POINT('',(0.691434282344,3.424987291424));
#6916 = CARTESIAN_POINT('',(0.685671771428,3.514977102745));
#6917 = CARTESIAN_POINT('',(0.680424039391,3.605832205651));
#6918 = CARTESIAN_POINT('',(0.675691219152,3.697387726732));
#6919 = CARTESIAN_POINT('',(0.671473359269,3.789477504489));
#6920 = CARTESIAN_POINT('',(0.667770585018,3.881935722565));
#6921 = CARTESIAN_POINT('',(0.664583063743,3.974596472124));
#6922 = CARTESIAN_POINT('',(0.661911017482,4.067293869107));
#6923 = CARTESIAN_POINT('',(0.659754717715,4.159862022818));
#6924 = CARTESIAN_POINT('',(0.658114479881,4.252135044339));
#6925 = CARTESIAN_POINT('',(0.656990652163,4.343947044274));
#6926 = CARTESIAN_POINT('',(0.656585952588,4.404737103664));
#6927 = CARTESIAN_POINT('',(0.656469792945,4.435));
#6928 = ( GEOMETRIC_REPRESENTATION_CONTEXT(2) 
PARAMETRIC_REPRESENTATION_CONTEXT() REPRESENTATION_CONTEXT('2D SPACE',''
  ) );
#6929 = PCURVE('',#2487,#6930);
#6930 = DEFINITIONAL_REPRESENTATION('',(#6931),#6934);
#6931 = B_SPLINE_CURVE_WITH_KNOTS('',1,(#6932,#6933),.UNSPECIFIED.,.F.,
  .F.,(2,2),(1.927345916615,2.125727705166),.PIECEWISE_BEZIER_KNOTS.);
#6932 = CARTESIAN_POINT('',(0.680446858601,-0.199998836517));
#6933 = CARTESIAN_POINT('',(0.,-0.246477469467));
#6934 = ( GEOMETRIC_REPRESENTATION_CONTEXT(2) 
PARAMETRIC_REPRESENTATION_CONTEXT() REPRESENTATION_CONTEXT('2D SPACE',''
  ) );
#6935 = ORIENTED_EDGE('',*,*,#2442,.T.);
#6936 = ORIENTED_EDGE('',*,*,#6937,.T.);
#6937 = EDGE_CURVE('',#2410,#6938,#6940,.T.);
#6938 = VERTEX_POINT('',#6939);
#6939 = CARTESIAN_POINT('',(34.720529016613,1.050000000001,-0.45));
#6940 = SURFACE_CURVE('',#6941,(#6945,#6952),.PCURVE_S1.);
#6941 = LINE('',#6942,#6943);
#6942 = CARTESIAN_POINT('',(34.720529016613,1.050000000001,-2.05));
#6943 = VECTOR('',#6944,1.);
#6944 = DIRECTION('',(0.,0.,-1.));
#6945 = PCURVE('',#2459,#6946);
#6946 = DEFINITIONAL_REPRESENTATION('',(#6947),#6951);
#6947 = LINE('',#6948,#6949);
#6948 = CARTESIAN_POINT('',(0.251458508416,0.));
#6949 = VECTOR('',#6950,1.);
#6950 = DIRECTION('',(0.,-1.));
#6951 = ( GEOMETRIC_REPRESENTATION_CONTEXT(2) 
PARAMETRIC_REPRESENTATION_CONTEXT() REPRESENTATION_CONTEXT('2D SPACE',''
  ) );
#6952 = PCURVE('',#2430,#6953);
#6953 = DEFINITIONAL_REPRESENTATION('',(#6954),#6958);
#6954 = LINE('',#6955,#6956);
#6955 = CARTESIAN_POINT('',(5.898788532684,0.));
#6956 = VECTOR('',#6957,1.);
#6957 = DIRECTION('',(0.,-1.));
#6958 = ( GEOMETRIC_REPRESENTATION_CONTEXT(2) 
PARAMETRIC_REPRESENTATION_CONTEXT() REPRESENTATION_CONTEXT('2D SPACE',''
  ) );
#6959 = ORIENTED_EDGE('',*,*,#6960,.F.);
#6960 = EDGE_CURVE('',#6961,#6938,#6963,.T.);
#6961 = VERTEX_POINT('',#6962);
#6962 = CARTESIAN_POINT('',(35.5,3.9,-0.45));
#6963 = SURFACE_CURVE('',#6964,(#6969,#6976),.PCURVE_S1.);
#6964 = CIRCLE('',#6965,5.6);
#6965 = AXIS2_PLACEMENT_3D('',#6966,#6967,#6968);
#6966 = CARTESIAN_POINT('',(29.9,3.9,-0.45));
#6967 = DIRECTION('',(0.,0.,-1.));
#6968 = DIRECTION('',(0.707106781187,-0.707106781187,0.));
#6969 = PCURVE('',#2459,#6970);
#6970 = DEFINITIONAL_REPRESENTATION('',(#6971),#6975);
#6971 = LINE('',#6972,#6973);
#6972 = CARTESIAN_POINT('',(6.28318530718,1.6));
#6973 = VECTOR('',#6974,1.);
#6974 = DIRECTION('',(-1.,0.));
#6975 = ( GEOMETRIC_REPRESENTATION_CONTEXT(2) 
PARAMETRIC_REPRESENTATION_CONTEXT() REPRESENTATION_CONTEXT('2D SPACE',''
  ) );
#6976 = PCURVE('',#6977,#6982);
#6977 = CONICAL_SURFACE('',#6978,4.8,0.785398163397);
#6978 = AXIS2_PLACEMENT_3D('',#6979,#6980,#6981);
#6979 = CARTESIAN_POINT('',(29.9,3.9,-1.25));
#6980 = DIRECTION('',(0.,0.,1.));
#6981 = DIRECTION('',(0.707106781187,-0.707106781187,0.));
#6982 = DEFINITIONAL_REPRESENTATION('',(#6983),#6987);
#6983 = LINE('',#6984,#6985);
#6984 = CARTESIAN_POINT('',(6.28318530718,0.8));
#6985 = VECTOR('',#6986,1.);
#6986 = DIRECTION('',(-1.,4.116812493044E-15));
#6987 = ( GEOMETRIC_REPRESENTATION_CONTEXT(2) 
PARAMETRIC_REPRESENTATION_CONTEXT() REPRESENTATION_CONTEXT('2D SPACE',''
  ) );
#6988 = ORIENTED_EDGE('',*,*,#6989,.T.);
#6989 = EDGE_CURVE('',#6961,#6890,#6990,.T.);
#6990 = SURFACE_CURVE('',#6991,(#6995,#7002),.PCURVE_S1.);
#6991 = LINE('',#6992,#6993);
#6992 = CARTESIAN_POINT('',(35.5,3.9,-2.05));
#6993 = VECTOR('',#6994,1.);
#6994 = DIRECTION('',(0.,0.,1.));
#6995 = PCURVE('',#2459,#6996);
#6996 = DEFINITIONAL_REPRESENTATION('',(#6997),#7001);
#6997 = LINE('',#6998,#6999);
#6998 = CARTESIAN_POINT('',(0.785398163397,0.));
#6999 = VECTOR('',#7000,1.);
#7000 = DIRECTION('',(0.,1.));
#7001 = ( GEOMETRIC_REPRESENTATION_CONTEXT(2) 
PARAMETRIC_REPRESENTATION_CONTEXT() REPRESENTATION_CONTEXT('2D SPACE',''
  ) );
#7002 = PCURVE('',#7003,#7008);
#7003 = PLANE('',#7004);
#7004 = AXIS2_PLACEMENT_3D('',#7005,#7006,#7007);
#7005 = CARTESIAN_POINT('',(35.5,41.96,-2.05));
#7006 = DIRECTION('',(1.,1.169887275685E-16,0.));
#7007 = DIRECTION('',(1.169887275685E-16,-1.,0.));
#7008 = DEFINITIONAL_REPRESENTATION('',(#7009),#7013);
#7009 = LINE('',#7010,#7011);
#7010 = CARTESIAN_POINT('',(38.06,0.));
#7011 = VECTOR('',#7012,1.);
#7012 = DIRECTION('',(0.,-1.));
#7013 = ( GEOMETRIC_REPRESENTATION_CONTEXT(2) 
PARAMETRIC_REPRESENTATION_CONTEXT() REPRESENTATION_CONTEXT('2D SPACE',''
  ) );
#7014 = ADVANCED_FACE('',(#7015),#2336,.T.);
#7015 = FACE_BOUND('',#7016,.T.);
#7016 = EDGE_LOOP('',(#7017,#7064,#7085,#7109,#7130));
#7017 = ORIENTED_EDGE('',*,*,#7018,.T.);
#7018 = EDGE_CURVE('',#2297,#7019,#7021,.T.);
#7019 = VERTEX_POINT('',#7020);
#7020 = CARTESIAN_POINT('',(-1.7,3.9,0.481033548547));
#7021 = SURFACE_CURVE('',#7022,(#7029,#7058),.PCURVE_S1.);
#7022 = B_SPLINE_CURVE_WITH_KNOTS('',3,(#7023,#7024,#7025,#7026,#7027,
    #7028),.UNSPECIFIED.,.F.,.F.,(4,2,4),(6.477038184934E-03,
    0.114996140399,0.204808645212),.UNSPECIFIED.);
#7023 = CARTESIAN_POINT('',(-1.65352136705,3.179999704361,2.385));
#7024 = CARTESIAN_POINT('',(-1.654527973456,3.187763881985,
    2.020763638546));
#7025 = CARTESIAN_POINT('',(-1.665800024538,3.264709819509,
    1.637083705732));
#7026 = CARTESIAN_POINT('',(-1.68929591539,3.533052599762,0.989343692222
    ));
#7027 = CARTESIAN_POINT('',(-1.7,3.701927656848,0.715355111322));
#7028 = CARTESIAN_POINT('',(-1.7,3.9,0.481033548547));
#7029 = PCURVE('',#2336,#7030);
#7030 = DEFINITIONAL_REPRESENTATION('',(#7031),#7057);
#7031 = B_SPLINE_CURVE_WITH_KNOTS('',3,(#7032,#7033,#7034,#7035,#7036,
    #7037,#7038,#7039,#7040,#7041,#7042,#7043,#7044,#7045,#7046,#7047,
    #7048,#7049,#7050,#7051,#7052,#7053,#7054,#7055,#7056),
  .UNSPECIFIED.,.F.,.F.,(4,1,1,1,1,1,1,1,1,1,1,1,1,1,1,1,1,1,1,1,1,1,4),
  (6.477038184934E-03,1.549211123162E-02,2.45071842783E-02,
    3.352225732498E-02,4.253733037167E-02,5.155240341835E-02,
    6.056747646503E-02,6.958254951172E-02,7.85976225584E-02,
    8.761269560508E-02,9.662776865177E-02,0.105642841698,0.114657914745,
    0.123672987792,0.132688060838,0.141703133885,0.150718206932,
    0.159733279979,0.168748353025,0.177763426072,0.186778499119,
    0.195793572165,0.204808645212),.QUASI_UNIFORM_KNOTS.);
#7032 = CARTESIAN_POINT('',(0.656469792945,-4.435));
#7033 = CARTESIAN_POINT('',(0.656585935449,-4.404741572333));
#7034 = CARTESIAN_POINT('',(0.656990571583,-4.343956348121));
#7035 = CARTESIAN_POINT('',(0.658114304341,-4.252140947362));
#7036 = CARTESIAN_POINT('',(0.659754535075,-4.159855524299));
#7037 = CARTESIAN_POINT('',(0.66191100338,-4.067267621276));
#7038 = CARTESIAN_POINT('',(0.664583481426,-3.97454477987));
#7039 = CARTESIAN_POINT('',(0.667771785324,-3.881854544521));
#7040 = CARTESIAN_POINT('',(0.671475779391,-3.789364448986));
#7041 = CARTESIAN_POINT('',(0.675695385204,-3.697242066881));
#7042 = CARTESIAN_POINT('',(0.680430553939,-3.605654823081));
#7043 = CARTESIAN_POINT('',(0.685681356192,-3.514770697557));
#7044 = CARTESIAN_POINT('',(0.691447613986,-3.424755598639));
#7045 = CARTESIAN_POINT('',(0.697730221907,-3.335783166131));
#7046 = CARTESIAN_POINT('',(0.704526144808,-3.247998185573));
#7047 = CARTESIAN_POINT('',(0.71181106067,-3.161494564452));
#7048 = CARTESIAN_POINT('',(0.71956592818,-3.076403533488));
#7049 = CARTESIAN_POINT('',(0.727770483253,-2.992846370573));
#7050 = CARTESIAN_POINT('',(0.736404987084,-2.910947020449));
#7051 = CARTESIAN_POINT('',(0.745449772909,-2.830828713279));
#7052 = CARTESIAN_POINT('',(0.754885382254,-2.752614870699));
#7053 = CARTESIAN_POINT('',(0.76469255619,-2.676428863035));
#7054 = CARTESIAN_POINT('',(0.774852230055,-2.602394074369));
#7055 = CARTESIAN_POINT('',(0.781847858645,-2.554553948175));
#7056 = CARTESIAN_POINT('',(0.785398163397,-2.531033548547));
#7057 = ( GEOMETRIC_REPRESENTATION_CONTEXT(2) 
PARAMETRIC_REPRESENTATION_CONTEXT() REPRESENTATION_CONTEXT('2D SPACE',''
  ) );
#7058 = PCURVE('',#327,#7059);
#7059 = DEFINITIONAL_REPRESENTATION('',(#7060),#7063);
#7060 = B_SPLINE_CURVE_WITH_KNOTS('',1,(#7061,#7062),.UNSPECIFIED.,.F.,
  .F.,(2,2),(6.477038184934E-03,0.204808645212),
  .PIECEWISE_BEZIER_KNOTS.);
#7061 = CARTESIAN_POINT('',(0.,0.246477278732));
#7062 = CARTESIAN_POINT('',(0.680446858601,0.199998645782));
#7063 = ( GEOMETRIC_REPRESENTATION_CONTEXT(2) 
PARAMETRIC_REPRESENTATION_CONTEXT() REPRESENTATION_CONTEXT('2D SPACE',''
  ) );
#7064 = ORIENTED_EDGE('',*,*,#7065,.T.);
#7065 = EDGE_CURVE('',#7019,#251,#7066,.T.);
#7066 = SURFACE_CURVE('',#7067,(#7071,#7078),.PCURVE_S1.);
#7067 = LINE('',#7068,#7069);
#7068 = CARTESIAN_POINT('',(-1.7,3.9,-2.05));
#7069 = VECTOR('',#7070,1.);
#7070 = DIRECTION('',(0.,0.,-1.));
#7071 = PCURVE('',#2336,#7072);
#7072 = DEFINITIONAL_REPRESENTATION('',(#7073),#7077);
#7073 = LINE('',#7074,#7075);
#7074 = CARTESIAN_POINT('',(0.785398163397,0.));
#7075 = VECTOR('',#7076,1.);
#7076 = DIRECTION('',(0.,1.));
#7077 = ( GEOMETRIC_REPRESENTATION_CONTEXT(2) 
PARAMETRIC_REPRESENTATION_CONTEXT() REPRESENTATION_CONTEXT('2D SPACE',''
  ) );
#7078 = PCURVE('',#294,#7079);
#7079 = DEFINITIONAL_REPRESENTATION('',(#7080),#7084);
#7080 = LINE('',#7081,#7082);
#7081 = CARTESIAN_POINT('',(-0.1,-0.));
#7082 = VECTOR('',#7083,1.);
#7083 = DIRECTION('',(0.,1.));
#7084 = ( GEOMETRIC_REPRESENTATION_CONTEXT(2) 
PARAMETRIC_REPRESENTATION_CONTEXT() REPRESENTATION_CONTEXT('2D SPACE',''
  ) );
#7085 = ORIENTED_EDGE('',*,*,#7086,.F.);
#7086 = EDGE_CURVE('',#7087,#251,#7089,.T.);
#7087 = VERTEX_POINT('',#7088);
#7088 = CARTESIAN_POINT('',(-0.920529016612,1.049999999999,-0.45));
#7089 = SURFACE_CURVE('',#7090,(#7095,#7102),.PCURVE_S1.);
#7090 = CIRCLE('',#7091,5.6);
#7091 = AXIS2_PLACEMENT_3D('',#7092,#7093,#7094);
#7092 = CARTESIAN_POINT('',(3.9,3.9,-0.45));
#7093 = DIRECTION('',(0.,0.,-1.));
#7094 = DIRECTION('',(-0.707106781187,-0.707106781187,-0.));
#7095 = PCURVE('',#2336,#7096);
#7096 = DEFINITIONAL_REPRESENTATION('',(#7097),#7101);
#7097 = LINE('',#7098,#7099);
#7098 = CARTESIAN_POINT('',(0.,-1.6));
#7099 = VECTOR('',#7100,1.);
#7100 = DIRECTION('',(1.,0.));
#7101 = ( GEOMETRIC_REPRESENTATION_CONTEXT(2) 
PARAMETRIC_REPRESENTATION_CONTEXT() REPRESENTATION_CONTEXT('2D SPACE',''
  ) );
#7102 = PCURVE('',#266,#7103);
#7103 = DEFINITIONAL_REPRESENTATION('',(#7104),#7108);
#7104 = LINE('',#7105,#7106);
#7105 = CARTESIAN_POINT('',(6.28318530718,0.8));
#7106 = VECTOR('',#7107,1.);
#7107 = DIRECTION('',(-1.,0.));
#7108 = ( GEOMETRIC_REPRESENTATION_CONTEXT(2) 
PARAMETRIC_REPRESENTATION_CONTEXT() REPRESENTATION_CONTEXT('2D SPACE',''
  ) );
#7109 = ORIENTED_EDGE('',*,*,#7110,.T.);
#7110 = EDGE_CURVE('',#7087,#2320,#7111,.T.);
#7111 = SURFACE_CURVE('',#7112,(#7116,#7123),.PCURVE_S1.);
#7112 = LINE('',#7113,#7114);
#7113 = CARTESIAN_POINT('',(-0.920529016612,1.049999999999,-2.05));
#7114 = VECTOR('',#7115,1.);
#7115 = DIRECTION('',(0.,0.,1.));
#7116 = PCURVE('',#2336,#7117);
#7117 = DEFINITIONAL_REPRESENTATION('',(#7118),#7122);
#7118 = LINE('',#7119,#7120);
#7119 = CARTESIAN_POINT('',(0.251458508416,0.));
#7120 = VECTOR('',#7121,1.);
#7121 = DIRECTION('',(0.,-1.));
#7122 = ( GEOMETRIC_REPRESENTATION_CONTEXT(2) 
PARAMETRIC_REPRESENTATION_CONTEXT() REPRESENTATION_CONTEXT('2D SPACE',''
  ) );
#7123 = PCURVE('',#2369,#7124);
#7124 = DEFINITIONAL_REPRESENTATION('',(#7125),#7129);
#7125 = LINE('',#7126,#7127);
#7126 = CARTESIAN_POINT('',(3.525989428086,0.));
#7127 = VECTOR('',#7128,1.);
#7128 = DIRECTION('',(0.,1.));
#7129 = ( GEOMETRIC_REPRESENTATION_CONTEXT(2) 
PARAMETRIC_REPRESENTATION_CONTEXT() REPRESENTATION_CONTEXT('2D SPACE',''
  ) );
#7130 = ORIENTED_EDGE('',*,*,#2319,.T.);
#7131 = ADVANCED_FACE('',(#7132),#2590,.T.);
#7132 = FACE_BOUND('',#7133,.T.);
#7133 = EDGE_LOOP('',(#7134,#7135,#7136,#7137));
#7134 = ORIENTED_EDGE('',*,*,#2788,.T.);
#7135 = ORIENTED_EDGE('',*,*,#2574,.T.);
#7136 = ORIENTED_EDGE('',*,*,#2927,.T.);
#7137 = ORIENTED_EDGE('',*,*,#7138,.T.);
#7138 = EDGE_CURVE('',#2895,#2789,#7139,.T.);
#7139 = SURFACE_CURVE('',#7140,(#7144,#7151),.PCURVE_S1.);
#7140 = LINE('',#7141,#7142);
#7141 = CARTESIAN_POINT('',(37.099998836517,32.629307455744,0.2));
#7142 = VECTOR('',#7143,1.);
#7143 = DIRECTION('',(-0.707106781187,0.,-0.707106781187));
#7144 = PCURVE('',#2590,#7145);
#7145 = DEFINITIONAL_REPRESENTATION('',(#7146),#7150);
#7146 = LINE('',#7147,#7148);
#7147 = CARTESIAN_POINT('',(-0.565685424949,-2.900692692076));
#7148 = VECTOR('',#7149,1.);
#7149 = DIRECTION('',(1.,0.));
#7150 = ( GEOMETRIC_REPRESENTATION_CONTEXT(2) 
PARAMETRIC_REPRESENTATION_CONTEXT() REPRESENTATION_CONTEXT('2D SPACE',''
  ) );
#7151 = PCURVE('',#2915,#7152);
#7152 = DEFINITIONAL_REPRESENTATION('',(#7153),#7157);
#7153 = LINE('',#7154,#7155);
#7154 = CARTESIAN_POINT('',(4.733702069328,-0.4));
#7155 = VECTOR('',#7156,1.);
#7156 = DIRECTION('',(-1.110223024625E-15,1.));
#7157 = ( GEOMETRIC_REPRESENTATION_CONTEXT(2) 
PARAMETRIC_REPRESENTATION_CONTEXT() REPRESENTATION_CONTEXT('2D SPACE',''
  ) );
#7158 = ADVANCED_FACE('',(#7159),#2915,.T.);
#7159 = FACE_BOUND('',#7160,.T.);
#7160 = EDGE_LOOP('',(#7161,#7162,#7184,#7185));
#7161 = ORIENTED_EDGE('',*,*,#3237,.T.);
#7162 = ORIENTED_EDGE('',*,*,#7163,.T.);
#7163 = EDGE_CURVE('',#3215,#2789,#7164,.T.);
#7164 = SURFACE_CURVE('',#7165,(#7170,#7177),.PCURVE_S1.);
#7165 = CIRCLE('',#7166,3.05);
#7166 = AXIS2_PLACEMENT_3D('',#7167,#7168,#7169);
#7167 = CARTESIAN_POINT('',(36.299998836517,32.629307455744,2.45));
#7168 = DIRECTION('',(1.,-1.110223024625E-16,0.));
#7169 = DIRECTION('',(-1.109970876009E-16,-0.999772884717,
    -2.131147540984E-02));
#7170 = PCURVE('',#2915,#7171);
#7171 = DEFINITIONAL_REPRESENTATION('',(#7172),#7176);
#7172 = LINE('',#7173,#7174);
#7173 = CARTESIAN_POINT('',(6.28318530718,0.4));
#7174 = VECTOR('',#7175,1.);
#7175 = DIRECTION('',(-1.,8.106405647143E-16));
#7176 = ( GEOMETRIC_REPRESENTATION_CONTEXT(2) 
PARAMETRIC_REPRESENTATION_CONTEXT() REPRESENTATION_CONTEXT('2D SPACE',''
  ) );
#7177 = PCURVE('',#2827,#7178);
#7178 = DEFINITIONAL_REPRESENTATION('',(#7179),#7183);
#7179 = LINE('',#7180,#7181);
#7180 = CARTESIAN_POINT('',(0.,0.6));
#7181 = VECTOR('',#7182,1.);
#7182 = DIRECTION('',(1.,0.));
#7183 = ( GEOMETRIC_REPRESENTATION_CONTEXT(2) 
PARAMETRIC_REPRESENTATION_CONTEXT() REPRESENTATION_CONTEXT('2D SPACE',''
  ) );
#7184 = ORIENTED_EDGE('',*,*,#7138,.F.);
#7185 = ORIENTED_EDGE('',*,*,#2894,.T.);
#7186 = ADVANCED_FACE('',(#7187),#2827,.T.);
#7187 = FACE_BOUND('',#7188,.T.);
#7188 = EDGE_LOOP('',(#7189,#7190,#7191,#7219,#7267));
#7189 = ORIENTED_EDGE('',*,*,#7163,.F.);
#7190 = ORIENTED_EDGE('',*,*,#3214,.T.);
#7191 = ORIENTED_EDGE('',*,*,#7192,.F.);
#7192 = EDGE_CURVE('',#7193,#3192,#7195,.T.);
#7193 = VERTEX_POINT('',#7194);
#7194 = CARTESIAN_POINT('',(35.5,31.684585274359,-0.45));
#7195 = SURFACE_CURVE('',#7196,(#7201,#7208),.PCURVE_S1.);
#7196 = CIRCLE('',#7197,3.05);
#7197 = AXIS2_PLACEMENT_3D('',#7198,#7199,#7200);
#7198 = CARTESIAN_POINT('',(35.5,32.629307455744,2.45));
#7199 = DIRECTION('',(-1.,-1.169887275685E-16,0.));
#7200 = DIRECTION('',(1.169621576406E-16,-0.999772884717,
    -2.131147540984E-02));
#7201 = PCURVE('',#2827,#7202);
#7202 = DEFINITIONAL_REPRESENTATION('',(#7203),#7207);
#7203 = LINE('',#7204,#7205);
#7204 = CARTESIAN_POINT('',(6.28318530718,-0.199998836517));
#7205 = VECTOR('',#7206,1.);
#7206 = DIRECTION('',(-1.,0.));
#7207 = ( GEOMETRIC_REPRESENTATION_CONTEXT(2) 
PARAMETRIC_REPRESENTATION_CONTEXT() REPRESENTATION_CONTEXT('2D SPACE',''
  ) );
#7208 = PCURVE('',#1590,#7209);
#7209 = DEFINITIONAL_REPRESENTATION('',(#7210),#7218);
#7210 = ( BOUNDED_CURVE() B_SPLINE_CURVE(2,(#7211,#7212,#7213,#7214,
#7215,#7216,#7217),.UNSPECIFIED.,.T.,.F.) B_SPLINE_CURVE_WITH_KNOTS((1,2
    ,2,2,2,1),(-2.094395102393,0.,2.094395102393,4.188790204786,
6.28318530718,8.377580409573),.UNSPECIFIED.) CURVE() 
GEOMETRIC_REPRESENTATION_ITEM() RATIONAL_B_SPLINE_CURVE((1.,0.5,1.,0.5,
1.,0.5,1.)) REPRESENTATION_ITEM('') );
#7211 = CARTESIAN_POINT('',(12.379999842644,-4.435));
#7212 = CARTESIAN_POINT('',(12.492583145136,-9.716555168698));
#7213 = CARTESIAN_POINT('',(7.862330546308,-7.173277584349));
#7214 = CARTESIAN_POINT('',(3.232077947481,-4.63));
#7215 = CARTESIAN_POINT('',(7.749747243816,-1.891722415651));
#7216 = CARTESIAN_POINT('',(12.267416540152,0.846555168698));
#7217 = CARTESIAN_POINT('',(12.379999842644,-4.435));
#7218 = ( GEOMETRIC_REPRESENTATION_CONTEXT(2) 
PARAMETRIC_REPRESENTATION_CONTEXT() REPRESENTATION_CONTEXT('2D SPACE',''
  ) );
#7219 = ORIENTED_EDGE('',*,*,#7220,.F.);
#7220 = EDGE_CURVE('',#2812,#7193,#7221,.T.);
#7221 = SURFACE_CURVE('',#7222,(#7227,#7256),.PCURVE_S1.);
#7222 = ELLIPSE('',#7223,4.313351365238,3.05);
#7223 = AXIS2_PLACEMENT_3D('',#7224,#7225,#7226);
#7224 = CARTESIAN_POINT('',(38.4,32.629307455744,2.45));
#7225 = DIRECTION('',(-0.707106781187,-8.272352258608E-17,0.707106781187
    ));
#7226 = DIRECTION('',(-0.707106781187,4.021753224088E-17,-0.707106781187
    ));
#7227 = PCURVE('',#2827,#7228);
#7228 = DEFINITIONAL_REPRESENTATION('',(#7229),#7255);
#7229 = B_SPLINE_CURVE_WITH_KNOTS('',3,(#7230,#7231,#7232,#7233,#7234,
    #7235,#7236,#7237,#7238,#7239,#7240,#7241,#7242,#7243,#7244,#7245,
    #7246,#7247,#7248,#7249,#7250,#7251,#7252,#7253,#7254),
  .UNSPECIFIED.,.F.,.F.,(4,1,1,1,1,1,1,1,1,1,1,1,1,1,1,1,1,1,1,1,1,1,4),
  (0.,1.431476397288E-02,2.862952794575E-02,4.294429191863E-02,
    5.72590558915E-02,7.157381986438E-02,8.588858383726E-02,
    0.10020334781,0.114518111783,0.128832875756,0.143147639729,
    0.157462403702,0.171777167675,0.186091931647,0.20040669562,
    0.214721459593,0.229036223566,0.243350987539,0.257665751512,
    0.271980515485,0.286295279458,0.30061004343,0.314924807403),
  .QUASI_UNIFORM_KNOTS.);
#7230 = CARTESIAN_POINT('',(1.549483237851,-0.349998836517));
#7231 = CARTESIAN_POINT('',(1.54471164986,-0.349998847188));
#7232 = CARTESIAN_POINT('',(1.535168473878,-0.349790500332));
#7233 = CARTESIAN_POINT('',(1.520853709905,-0.348853080097));
#7234 = CARTESIAN_POINT('',(1.506538945933,-0.347290914322));
#7235 = CARTESIAN_POINT('',(1.49222418196,-0.345104333204));
#7236 = CARTESIAN_POINT('',(1.477909417987,-0.342293782088));
#7237 = CARTESIAN_POINT('',(1.463594654014,-0.338859837606));
#7238 = CARTESIAN_POINT('',(1.449279890041,-0.33480320321));
#7239 = CARTESIAN_POINT('',(1.434965126068,-0.330124710192));
#7240 = CARTESIAN_POINT('',(1.420650362095,-0.324825317204));
#7241 = CARTESIAN_POINT('',(1.406335598122,-0.318906110142));
#7242 = CARTESIAN_POINT('',(1.39202083415,-0.312368301905));
#7243 = CARTESIAN_POINT('',(1.377706070177,-0.305213232148));
#7244 = CARTESIAN_POINT('',(1.363391306204,-0.297442367009));
#7245 = CARTESIAN_POINT('',(1.349076542231,-0.289057298808));
#7246 = CARTESIAN_POINT('',(1.334761778258,-0.280059745718));
#7247 = CARTESIAN_POINT('',(1.320447014285,-0.270451551432));
#7248 = CARTESIAN_POINT('',(1.306132250312,-0.260234684705));
#7249 = CARTESIAN_POINT('',(1.291817486339,-0.249411239249));
#7250 = CARTESIAN_POINT('',(1.277502722367,-0.237983432194));
#7251 = CARTESIAN_POINT('',(1.263187958394,-0.225953607786));
#7252 = CARTESIAN_POINT('',(1.248873194421,-0.213324221391));
#7253 = CARTESIAN_POINT('',(1.239330018439,-0.204506671735));
#7254 = CARTESIAN_POINT('',(1.234558430448,-0.199998836517));
#7255 = ( GEOMETRIC_REPRESENTATION_CONTEXT(2) 
PARAMETRIC_REPRESENTATION_CONTEXT() REPRESENTATION_CONTEXT('2D SPACE',''
  ) );
#7256 = PCURVE('',#1557,#7257);
#7257 = DEFINITIONAL_REPRESENTATION('',(#7258),#7266);
#7258 = ( BOUNDED_CURVE() B_SPLINE_CURVE(2,(#7259,#7260,#7261,#7262,
#7263,#7264,#7265),.UNSPECIFIED.,.T.,.F.) B_SPLINE_CURVE_WITH_KNOTS((1,2
    ,2,2,2,1),(-2.094395102393,0.,2.094395102393,4.188790204786,
6.28318530718,8.377580409573),.UNSPECIFIED.) CURVE() 
GEOMETRIC_REPRESENTATION_ITEM() RATIONAL_B_SPLINE_CURVE((1.,0.5,1.,0.5,
1.,0.5,1.)) REPRESENTATION_ITEM('') );
#7259 = CARTESIAN_POINT('',(-0.919238815543,0.159307455744));
#7260 = CARTESIAN_POINT('',(-0.919238815543,-5.123447507341));
#7261 = CARTESIAN_POINT('',(-7.389265863399,-2.482070025799));
#7262 = CARTESIAN_POINT('',(-13.85929291125,0.159307455744));
#7263 = CARTESIAN_POINT('',(-7.389265863399,2.800684937286));
#7264 = CARTESIAN_POINT('',(-0.919238815543,5.442062418829));
#7265 = CARTESIAN_POINT('',(-0.919238815543,0.159307455744));
#7266 = ( GEOMETRIC_REPRESENTATION_CONTEXT(2) 
PARAMETRIC_REPRESENTATION_CONTEXT() REPRESENTATION_CONTEXT('2D SPACE',''
  ) );
#7267 = ORIENTED_EDGE('',*,*,#2811,.F.);
#7268 = ADVANCED_FACE('',(#7269),#2990,.T.);
#7269 = FACE_BOUND('',#7270,.T.);
#7270 = EDGE_LOOP('',(#7271,#7292,#7293,#7314));
#7271 = ORIENTED_EDGE('',*,*,#7272,.F.);
#7272 = EDGE_CURVE('',#6251,#2951,#7273,.T.);
#7273 = SURFACE_CURVE('',#7274,(#7278,#7285),.PCURVE_S1.);
#7274 = LINE('',#7275,#7276);
#7275 = CARTESIAN_POINT('',(35.699998836517,38.731691291807,1.2));
#7276 = VECTOR('',#7277,1.);
#7277 = DIRECTION('',(1.,1.44444745829E-34,1.543029758686E-64));
#7278 = PCURVE('',#2990,#7279);
#7279 = DEFINITIONAL_REPRESENTATION('',(#7280),#7284);
#7280 = LINE('',#7281,#7282);
#7281 = CARTESIAN_POINT('',(-1.251691143987,0.2));
#7282 = VECTOR('',#7283,1.);
#7283 = DIRECTION('',(-1.110223024625E-16,1.));
#7284 = ( GEOMETRIC_REPRESENTATION_CONTEXT(2) 
PARAMETRIC_REPRESENTATION_CONTEXT() REPRESENTATION_CONTEXT('2D SPACE',''
  ) );
#7285 = PCURVE('',#1103,#7286);
#7286 = DEFINITIONAL_REPRESENTATION('',(#7287),#7291);
#7287 = LINE('',#7288,#7289);
#7288 = CARTESIAN_POINT('',(1.518772863567,0.));
#7289 = VECTOR('',#7290,1.);
#7290 = DIRECTION('',(0.,-1.));
#7291 = ( GEOMETRIC_REPRESENTATION_CONTEXT(2) 
PARAMETRIC_REPRESENTATION_CONTEXT() REPRESENTATION_CONTEXT('2D SPACE',''
  ) );
#7292 = ORIENTED_EDGE('',*,*,#6250,.T.);
#7293 = ORIENTED_EDGE('',*,*,#7294,.F.);
#7294 = EDGE_CURVE('',#2975,#6223,#7295,.T.);
#7295 = SURFACE_CURVE('',#7296,(#7300,#7307),.PCURVE_S1.);
#7296 = LINE('',#7297,#7298);
#7297 = CARTESIAN_POINT('',(35.699998836517,33.628309013369,1.2));
#7298 = VECTOR('',#7299,1.);
#7299 = DIRECTION('',(-1.,-1.44444745829E-34,-1.543029758686E-64));
#7300 = PCURVE('',#2990,#7301);
#7301 = DEFINITIONAL_REPRESENTATION('',(#7302),#7306);
#7302 = LINE('',#7303,#7304);
#7303 = CARTESIAN_POINT('',(3.85169113445,0.2));
#7304 = VECTOR('',#7305,1.);
#7305 = DIRECTION('',(1.110223024625E-16,-1.));
#7306 = ( GEOMETRIC_REPRESENTATION_CONTEXT(2) 
PARAMETRIC_REPRESENTATION_CONTEXT() REPRESENTATION_CONTEXT('2D SPACE',''
  ) );
#7307 = PCURVE('',#3017,#7308);
#7308 = DEFINITIONAL_REPRESENTATION('',(#7309),#7313);
#7309 = LINE('',#7310,#7311);
#7310 = CARTESIAN_POINT('',(1.518772863567,0.));
#7311 = VECTOR('',#7312,1.);
#7312 = DIRECTION('',(0.,-1.));
#7313 = ( GEOMETRIC_REPRESENTATION_CONTEXT(2) 
PARAMETRIC_REPRESENTATION_CONTEXT() REPRESENTATION_CONTEXT('2D SPACE',''
  ) );
#7314 = ORIENTED_EDGE('',*,*,#2974,.F.);
#7315 = ADVANCED_FACE('',(#7316),#3017,.F.);
#7316 = FACE_BOUND('',#7317,.F.);
#7317 = EDGE_LOOP('',(#7318,#7319,#7320,#7321));
#7318 = ORIENTED_EDGE('',*,*,#3033,.F.);
#7319 = ORIENTED_EDGE('',*,*,#6222,.F.);
#7320 = ORIENTED_EDGE('',*,*,#7294,.F.);
#7321 = ORIENTED_EDGE('',*,*,#3002,.F.);
#7322 = ADVANCED_FACE('',(#7323),#1103,.F.);
#7323 = FACE_BOUND('',#7324,.F.);
#7324 = EDGE_LOOP('',(#7325,#7326,#7327,#7328));
#7325 = ORIENTED_EDGE('',*,*,#1087,.F.);
#7326 = ORIENTED_EDGE('',*,*,#2950,.F.);
#7327 = ORIENTED_EDGE('',*,*,#7272,.F.);
#7328 = ORIENTED_EDGE('',*,*,#6273,.F.);
#7329 = ADVANCED_FACE('',(#7330),#1590,.T.);
#7330 = FACE_BOUND('',#7331,.T.);
#7331 = EDGE_LOOP('',(#7332,#7333,#7354,#7355,#7356,#7384,#7412,#7445,
    #7473,#7506,#7534,#7567));
#7332 = ORIENTED_EDGE('',*,*,#1573,.T.);
#7333 = ORIENTED_EDGE('',*,*,#7334,.F.);
#7334 = EDGE_CURVE('',#7193,#1519,#7335,.T.);
#7335 = SURFACE_CURVE('',#7336,(#7340,#7347),.PCURVE_S1.);
#7336 = LINE('',#7337,#7338);
#7337 = CARTESIAN_POINT('',(35.5,32.47,-0.45));
#7338 = VECTOR('',#7339,1.);
#7339 = DIRECTION('',(1.169887275685E-16,-1.,0.));
#7340 = PCURVE('',#1590,#7341);
#7341 = DEFINITIONAL_REPRESENTATION('',(#7342),#7346);
#7342 = LINE('',#7343,#7344);
#7343 = CARTESIAN_POINT('',(9.49,-1.6));
#7344 = VECTOR('',#7345,1.);
#7345 = DIRECTION('',(1.,0.));
#7346 = ( GEOMETRIC_REPRESENTATION_CONTEXT(2) 
PARAMETRIC_REPRESENTATION_CONTEXT() REPRESENTATION_CONTEXT('2D SPACE',''
  ) );
#7347 = PCURVE('',#1557,#7348);
#7348 = DEFINITIONAL_REPRESENTATION('',(#7349),#7353);
#7349 = LINE('',#7350,#7351);
#7350 = CARTESIAN_POINT('',(-1.131370849898,1.047705889747E-31));
#7351 = VECTOR('',#7352,1.);
#7352 = DIRECTION('',(-8.272352258608E-17,-1.));
#7353 = ( GEOMETRIC_REPRESENTATION_CONTEXT(2) 
PARAMETRIC_REPRESENTATION_CONTEXT() REPRESENTATION_CONTEXT('2D SPACE',''
  ) );
#7354 = ORIENTED_EDGE('',*,*,#7192,.T.);
#7355 = ORIENTED_EDGE('',*,*,#3191,.T.);
#7356 = ORIENTED_EDGE('',*,*,#7357,.T.);
#7357 = EDGE_CURVE('',#3164,#7358,#7360,.T.);
#7358 = VERTEX_POINT('',#7359);
#7359 = CARTESIAN_POINT('',(35.5,26.357646266952,2.077963711575));
#7360 = SURFACE_CURVE('',#7361,(#7366,#7377),.PCURVE_S1.);
#7361 = CIRCLE('',#7362,1.034000000001);
#7362 = AXIS2_PLACEMENT_3D('',#7363,#7364,#7365);
#7363 = CARTESIAN_POINT('',(35.5,25.626497855205,2.809112123322));
#7364 = DIRECTION('',(-1.,-1.169887275685E-16,0.));
#7365 = DIRECTION('',(-8.272352258608E-17,0.707106781187,-0.707106781187
    ));
#7366 = PCURVE('',#1590,#7367);
#7367 = DEFINITIONAL_REPRESENTATION('',(#7368),#7376);
#7368 = ( BOUNDED_CURVE() B_SPLINE_CURVE(2,(#7369,#7370,#7371,#7372,
#7373,#7374,#7375),.UNSPECIFIED.,.T.,.F.) B_SPLINE_CURVE_WITH_KNOTS((1,2
    ,2,2,2,1),(-2.094395102393,0.,2.094395102393,4.188790204786,
6.28318530718,8.377580409573),.UNSPECIFIED.) CURVE() 
GEOMETRIC_REPRESENTATION_ITEM() RATIONAL_B_SPLINE_CURVE((1.,0.5,1.,0.5,
1.,0.5,1.)) REPRESENTATION_ITEM('') );
#7369 = CARTESIAN_POINT('',(15.602353733048,-4.127963711575));
#7370 = CARTESIAN_POINT('',(16.868739930068,-2.861577514556));
#7371 = CARTESIAN_POINT('',(17.332269449179,-4.591493230686));
#7372 = CARTESIAN_POINT('',(17.79579896829,-6.321408946817));
#7373 = CARTESIAN_POINT('',(16.065883252159,-5.857879427706));
#7374 = CARTESIAN_POINT('',(14.335967536029,-5.394349908595));
#7375 = CARTESIAN_POINT('',(15.602353733048,-4.127963711575));
#7376 = ( GEOMETRIC_REPRESENTATION_CONTEXT(2) 
PARAMETRIC_REPRESENTATION_CONTEXT() REPRESENTATION_CONTEXT('2D SPACE',''
  ) );
#7377 = PCURVE('',#3179,#7378);
#7378 = DEFINITIONAL_REPRESENTATION('',(#7379),#7383);
#7379 = LINE('',#7380,#7381);
#7380 = CARTESIAN_POINT('',(0.,0.35));
#7381 = VECTOR('',#7382,1.);
#7382 = DIRECTION('',(1.,0.));
#7383 = ( GEOMETRIC_REPRESENTATION_CONTEXT(2) 
PARAMETRIC_REPRESENTATION_CONTEXT() REPRESENTATION_CONTEXT('2D SPACE',''
  ) );
#7384 = ORIENTED_EDGE('',*,*,#7385,.T.);
#7385 = EDGE_CURVE('',#7358,#7386,#7388,.T.);
#7386 = VERTEX_POINT('',#7387);
#7387 = CARTESIAN_POINT('',(35.5,25.745998901226,1.466316345849));
#7388 = SURFACE_CURVE('',#7389,(#7393,#7400),.PCURVE_S1.);
#7389 = LINE('',#7390,#7391);
#7390 = CARTESIAN_POINT('',(35.5,30.138743772315,5.859061216943));
#7391 = VECTOR('',#7392,1.);
#7392 = DIRECTION('',(8.272352258602E-17,-0.707106781186,-0.707106781187
    ));
#7393 = PCURVE('',#1590,#7394);
#7394 = DEFINITIONAL_REPRESENTATION('',(#7395),#7399);
#7395 = LINE('',#7396,#7397);
#7396 = CARTESIAN_POINT('',(11.821256227685,-7.909061216943));
#7397 = VECTOR('',#7398,1.);
#7398 = DIRECTION('',(0.707106781186,0.707106781187));
#7399 = ( GEOMETRIC_REPRESENTATION_CONTEXT(2) 
PARAMETRIC_REPRESENTATION_CONTEXT() REPRESENTATION_CONTEXT('2D SPACE',''
  ) );
#7400 = PCURVE('',#7401,#7406);
#7401 = PLANE('',#7402);
#7402 = AXIS2_PLACEMENT_3D('',#7403,#7404,#7405);
#7403 = CARTESIAN_POINT('',(35.85,26.357646266952,2.077963711575));
#7404 = DIRECTION('',(0.,0.707106781187,-0.707106781186));
#7405 = DIRECTION('',(0.,-0.707106781186,-0.707106781187));
#7406 = DEFINITIONAL_REPRESENTATION('',(#7407),#7411);
#7407 = LINE('',#7408,#7409);
#7408 = CARTESIAN_POINT('',(-5.347279372743,0.35));
#7409 = VECTOR('',#7410,1.);
#7410 = DIRECTION('',(1.,-8.272352258602E-17));
#7411 = ( GEOMETRIC_REPRESENTATION_CONTEXT(2) 
PARAMETRIC_REPRESENTATION_CONTEXT() REPRESENTATION_CONTEXT('2D SPACE',''
  ) );
#7412 = ORIENTED_EDGE('',*,*,#7413,.T.);
#7413 = EDGE_CURVE('',#7386,#7414,#7416,.T.);
#7414 = VERTEX_POINT('',#7415);
#7415 = CARTESIAN_POINT('',(35.5,25.000001247074,1.157314));
#7416 = SURFACE_CURVE('',#7417,(#7422,#7433),.PCURVE_S1.);
#7417 = CIRCLE('',#7418,1.055);
#7418 = AXIS2_PLACEMENT_3D('',#7419,#7420,#7421);
#7419 = CARTESIAN_POINT('',(35.5,25.000001247074,2.212314));
#7420 = DIRECTION('',(-1.,-1.169887275685E-16,0.));
#7421 = DIRECTION('',(9.848991770097E-31,-8.418752793366E-15,-1.));
#7422 = PCURVE('',#1590,#7423);
#7423 = DEFINITIONAL_REPRESENTATION('',(#7424),#7432);
#7424 = ( BOUNDED_CURVE() B_SPLINE_CURVE(2,(#7425,#7426,#7427,#7428,
#7429,#7430,#7431),.UNSPECIFIED.,.T.,.F.) B_SPLINE_CURVE_WITH_KNOTS((1,2
    ,2,2,2,1),(-2.094395102393,0.,2.094395102393,4.188790204786,
6.28318530718,8.377580409573),.UNSPECIFIED.) CURVE() 
GEOMETRIC_REPRESENTATION_ITEM() RATIONAL_B_SPLINE_CURVE((1.,0.5,1.,0.5,
1.,0.5,1.)) REPRESENTATION_ITEM('') );
#7425 = CARTESIAN_POINT('',(16.959998752926,-3.207314));
#7426 = CARTESIAN_POINT('',(18.787312354911,-3.207314));
#7427 = CARTESIAN_POINT('',(17.873655553919,-4.789814));
#7428 = CARTESIAN_POINT('',(16.959998752926,-6.372314));
#7429 = CARTESIAN_POINT('',(16.046341951933,-4.789814));
#7430 = CARTESIAN_POINT('',(15.132685150941,-3.207314));
#7431 = CARTESIAN_POINT('',(16.959998752926,-3.207314));
#7432 = ( GEOMETRIC_REPRESENTATION_CONTEXT(2) 
PARAMETRIC_REPRESENTATION_CONTEXT() REPRESENTATION_CONTEXT('2D SPACE',''
  ) );
#7433 = PCURVE('',#7434,#7439);
#7434 = CYLINDRICAL_SURFACE('',#7435,1.055);
#7435 = AXIS2_PLACEMENT_3D('',#7436,#7437,#7438);
#7436 = CARTESIAN_POINT('',(35.85,25.000001247074,2.212314));
#7437 = DIRECTION('',(-1.,0.,0.));
#7438 = DIRECTION('',(-0.,-8.418752793366E-15,-1.));
#7439 = DEFINITIONAL_REPRESENTATION('',(#7440),#7444);
#7440 = LINE('',#7441,#7442);
#7441 = CARTESIAN_POINT('',(-8.881784197001E-16,0.35));
#7442 = VECTOR('',#7443,1.);
#7443 = DIRECTION('',(1.,0.));
#7444 = ( GEOMETRIC_REPRESENTATION_CONTEXT(2) 
PARAMETRIC_REPRESENTATION_CONTEXT() REPRESENTATION_CONTEXT('2D SPACE',''
  ) );
#7445 = ORIENTED_EDGE('',*,*,#7446,.T.);
#7446 = EDGE_CURVE('',#7414,#7447,#7449,.T.);
#7447 = VERTEX_POINT('',#7448);
#7448 = CARTESIAN_POINT('',(35.5,19.930001247074,1.157314));
#7449 = SURFACE_CURVE('',#7450,(#7454,#7461),.PCURVE_S1.);
#7450 = LINE('',#7451,#7452);
#7451 = CARTESIAN_POINT('',(35.5,33.480000623537,1.157314));
#7452 = VECTOR('',#7453,1.);
#7453 = DIRECTION('',(1.169887275685E-16,-1.,9.963539964585E-15));
#7454 = PCURVE('',#1590,#7455);
#7455 = DEFINITIONAL_REPRESENTATION('',(#7456),#7460);
#7456 = LINE('',#7457,#7458);
#7457 = CARTESIAN_POINT('',(8.479999376463,-3.207314));
#7458 = VECTOR('',#7459,1.);
#7459 = DIRECTION('',(1.,-9.963539964585E-15));
#7460 = ( GEOMETRIC_REPRESENTATION_CONTEXT(2) 
PARAMETRIC_REPRESENTATION_CONTEXT() REPRESENTATION_CONTEXT('2D SPACE',''
  ) );
#7461 = PCURVE('',#7462,#7467);
#7462 = PLANE('',#7463);
#7463 = AXIS2_PLACEMENT_3D('',#7464,#7465,#7466);
#7464 = CARTESIAN_POINT('',(35.85,25.000001247074,1.157314));
#7465 = DIRECTION('',(0.,-9.963539964585E-15,-1.));
#7466 = DIRECTION('',(0.,-1.,9.963539964585E-15));
#7467 = DEFINITIONAL_REPRESENTATION('',(#7468),#7472);
#7468 = LINE('',#7469,#7470);
#7469 = CARTESIAN_POINT('',(-8.479999376463,0.35));
#7470 = VECTOR('',#7471,1.);
#7471 = DIRECTION('',(1.,-1.169887275685E-16));
#7472 = ( GEOMETRIC_REPRESENTATION_CONTEXT(2) 
PARAMETRIC_REPRESENTATION_CONTEXT() REPRESENTATION_CONTEXT('2D SPACE',''
  ) );
#7473 = ORIENTED_EDGE('',*,*,#7474,.T.);
#7474 = EDGE_CURVE('',#7447,#7475,#7477,.T.);
#7475 = VERTEX_POINT('',#7476);
#7476 = CARTESIAN_POINT('',(35.5,19.184003592921,1.466316345849));
#7477 = SURFACE_CURVE('',#7478,(#7483,#7494),.PCURVE_S1.);
#7478 = CIRCLE('',#7479,1.055);
#7479 = AXIS2_PLACEMENT_3D('',#7480,#7481,#7482);
#7480 = CARTESIAN_POINT('',(35.5,19.930001247074,2.212314));
#7481 = DIRECTION('',(-1.,-1.169887275685E-16,0.));
#7482 = DIRECTION('',(8.272352258618E-17,-0.707106781187,-0.707106781186
    ));
#7483 = PCURVE('',#1590,#7484);
#7484 = DEFINITIONAL_REPRESENTATION('',(#7485),#7493);
#7485 = ( BOUNDED_CURVE() B_SPLINE_CURVE(2,(#7486,#7487,#7488,#7489,
#7490,#7491,#7492),.UNSPECIFIED.,.T.,.F.) B_SPLINE_CURVE_WITH_KNOTS((1,2
    ,2,2,2,1),(-2.094395102393,0.,2.094395102393,4.188790204786,
6.28318530718,8.377580409573),.UNSPECIFIED.) CURVE() 
GEOMETRIC_REPRESENTATION_ITEM() RATIONAL_B_SPLINE_CURVE((1.,0.5,1.,0.5,
1.,0.5,1.)) REPRESENTATION_ITEM('') );
#7486 = CARTESIAN_POINT('',(22.775996407079,-3.516316345849));
#7487 = CARTESIAN_POINT('',(24.068102246395,-4.808422185169));
#7488 = CARTESIAN_POINT('',(22.303052845508,-5.281365746735));
#7489 = CARTESIAN_POINT('',(20.538003444621,-5.754309308302));
#7490 = CARTESIAN_POINT('',(21.010947006191,-3.989259907416));
#7491 = CARTESIAN_POINT('',(21.483890567762,-2.224210506529));
#7492 = CARTESIAN_POINT('',(22.775996407079,-3.516316345849));
#7493 = ( GEOMETRIC_REPRESENTATION_CONTEXT(2) 
PARAMETRIC_REPRESENTATION_CONTEXT() REPRESENTATION_CONTEXT('2D SPACE',''
  ) );
#7494 = PCURVE('',#7495,#7500);
#7495 = CYLINDRICAL_SURFACE('',#7496,1.055);
#7496 = AXIS2_PLACEMENT_3D('',#7497,#7498,#7499);
#7497 = CARTESIAN_POINT('',(35.85,19.930001247074,2.212314));
#7498 = DIRECTION('',(-1.,0.,0.));
#7499 = DIRECTION('',(-0.,-0.707106781187,-0.707106781186));
#7500 = DEFINITIONAL_REPRESENTATION('',(#7501),#7505);
#7501 = LINE('',#7502,#7503);
#7502 = CARTESIAN_POINT('',(0.,0.35));
#7503 = VECTOR('',#7504,1.);
#7504 = DIRECTION('',(1.,0.));
#7505 = ( GEOMETRIC_REPRESENTATION_CONTEXT(2) 
PARAMETRIC_REPRESENTATION_CONTEXT() REPRESENTATION_CONTEXT('2D SPACE',''
  ) );
#7506 = ORIENTED_EDGE('',*,*,#7507,.T.);
#7507 = EDGE_CURVE('',#7475,#7508,#7510,.T.);
#7508 = VERTEX_POINT('',#7509);
#7509 = CARTESIAN_POINT('',(35.5,18.572356227196,2.077963711575));
#7510 = SURFACE_CURVE('',#7511,(#7515,#7522),.PCURVE_S1.);
#7511 = LINE('',#7512,#7513);
#7512 = CARTESIAN_POINT('',(35.5,24.844581781146,-4.194261842383));
#7513 = VECTOR('',#7514,1.);
#7514 = DIRECTION('',(8.272352258603E-17,-0.707106781186,0.707106781187)
  );
#7515 = PCURVE('',#1590,#7516);
#7516 = DEFINITIONAL_REPRESENTATION('',(#7517),#7521);
#7517 = LINE('',#7518,#7519);
#7518 = CARTESIAN_POINT('',(17.115418218854,2.144261842383));
#7519 = VECTOR('',#7520,1.);
#7520 = DIRECTION('',(0.707106781186,-0.707106781187));
#7521 = ( GEOMETRIC_REPRESENTATION_CONTEXT(2) 
PARAMETRIC_REPRESENTATION_CONTEXT() REPRESENTATION_CONTEXT('2D SPACE',''
  ) );
#7522 = PCURVE('',#7523,#7528);
#7523 = PLANE('',#7524);
#7524 = AXIS2_PLACEMENT_3D('',#7525,#7526,#7527);
#7525 = CARTESIAN_POINT('',(35.85,19.184003592921,1.466316345849));
#7526 = DIRECTION('',(0.,-0.707106781187,-0.707106781186));
#7527 = DIRECTION('',(0.,-0.707106781186,0.707106781187));
#7528 = DEFINITIONAL_REPRESENTATION('',(#7529),#7533);
#7529 = LINE('',#7530,#7531);
#7530 = CARTESIAN_POINT('',(-8.005266444666,0.35));
#7531 = VECTOR('',#7532,1.);
#7532 = DIRECTION('',(1.,-8.272352258603E-17));
#7533 = ( GEOMETRIC_REPRESENTATION_CONTEXT(2) 
PARAMETRIC_REPRESENTATION_CONTEXT() REPRESENTATION_CONTEXT('2D SPACE',''
  ) );
#7534 = ORIENTED_EDGE('',*,*,#7535,.T.);
#7535 = EDGE_CURVE('',#7508,#7536,#7538,.T.);
#7536 = VERTEX_POINT('',#7537);
#7537 = CARTESIAN_POINT('',(35.5,18.360485600508,2.385));
#7538 = SURFACE_CURVE('',#7539,(#7544,#7555),.PCURVE_S1.);
#7539 = CIRCLE('',#7540,1.034);
#7540 = AXIS2_PLACEMENT_3D('',#7541,#7542,#7543);
#7541 = CARTESIAN_POINT('',(35.5,19.303504638943,2.809112123322));
#7542 = DIRECTION('',(-1.,-1.169887275685E-16,0.));
#7543 = DIRECTION('',(1.169887275685E-16,-1.,8.052874936836E-15));
#7544 = PCURVE('',#1590,#7545);
#7545 = DEFINITIONAL_REPRESENTATION('',(#7546),#7554);
#7546 = ( BOUNDED_CURVE() B_SPLINE_CURVE(2,(#7547,#7548,#7549,#7550,
#7551,#7552,#7553),.UNSPECIFIED.,.T.,.F.) B_SPLINE_CURVE_WITH_KNOTS((1,2
    ,2,2,2,1),(-2.094395102393,0.,2.094395102393,4.188790204786,
6.28318530718,8.377580409573),.UNSPECIFIED.) CURVE() 
GEOMETRIC_REPRESENTATION_ITEM() RATIONAL_B_SPLINE_CURVE((1.,0.5,1.,0.5,
1.,0.5,1.)) REPRESENTATION_ITEM('') );
#7547 = CARTESIAN_POINT('',(23.690495361057,-4.859112123322));
#7548 = CARTESIAN_POINT('',(23.690495361057,-6.650052658348));
#7549 = CARTESIAN_POINT('',(22.139495361057,-5.754582390835));
#7550 = CARTESIAN_POINT('',(20.588495361057,-4.859112123322));
#7551 = CARTESIAN_POINT('',(22.139495361057,-3.963641855809));
#7552 = CARTESIAN_POINT('',(23.690495361057,-3.068171588296));
#7553 = CARTESIAN_POINT('',(23.690495361057,-4.859112123322));
#7554 = ( GEOMETRIC_REPRESENTATION_CONTEXT(2) 
PARAMETRIC_REPRESENTATION_CONTEXT() REPRESENTATION_CONTEXT('2D SPACE',''
  ) );
#7555 = PCURVE('',#7556,#7561);
#7556 = CYLINDRICAL_SURFACE('',#7557,1.034);
#7557 = AXIS2_PLACEMENT_3D('',#7558,#7559,#7560);
#7558 = CARTESIAN_POINT('',(35.85,19.303504638943,2.809112123322));
#7559 = DIRECTION('',(-1.,0.,0.));
#7560 = DIRECTION('',(0.,-1.,8.052874936836E-15));
#7561 = DEFINITIONAL_REPRESENTATION('',(#7562),#7566);
#7562 = LINE('',#7563,#7564);
#7563 = CARTESIAN_POINT('',(1.7763568394E-15,0.35));
#7564 = VECTOR('',#7565,1.);
#7565 = DIRECTION('',(1.,0.));
#7566 = ( GEOMETRIC_REPRESENTATION_CONTEXT(2) 
PARAMETRIC_REPRESENTATION_CONTEXT() REPRESENTATION_CONTEXT('2D SPACE',''
  ) );
#7567 = ORIENTED_EDGE('',*,*,#7568,.T.);
#7568 = EDGE_CURVE('',#7536,#1574,#7569,.T.);
#7569 = SURFACE_CURVE('',#7570,(#7574,#7581),.PCURVE_S1.);
#7570 = LINE('',#7571,#7572);
#7571 = CARTESIAN_POINT('',(35.5,22.98,2.385));
#7572 = VECTOR('',#7573,1.);
#7573 = DIRECTION('',(1.169887275685E-16,-1.,1.067522139063E-16));
#7574 = PCURVE('',#1590,#7575);
#7575 = DEFINITIONAL_REPRESENTATION('',(#7576),#7580);
#7576 = LINE('',#7577,#7578);
#7577 = CARTESIAN_POINT('',(18.98,-4.435));
#7578 = VECTOR('',#7579,1.);
#7579 = DIRECTION('',(1.,-1.067522139063E-16));
#7580 = ( GEOMETRIC_REPRESENTATION_CONTEXT(2) 
PARAMETRIC_REPRESENTATION_CONTEXT() REPRESENTATION_CONTEXT('2D SPACE',''
  ) );
#7581 = PCURVE('',#1386,#7582);
#7582 = DEFINITIONAL_REPRESENTATION('',(#7583),#7587);
#7583 = LINE('',#7584,#7585);
#7584 = CARTESIAN_POINT('',(-18.6,0.));
#7585 = VECTOR('',#7586,1.);
#7586 = DIRECTION('',(-1.169887275685E-16,-1.));
#7587 = ( GEOMETRIC_REPRESENTATION_CONTEXT(2) 
PARAMETRIC_REPRESENTATION_CONTEXT() REPRESENTATION_CONTEXT('2D SPACE',''
  ) );
#7588 = ADVANCED_FACE('',(#7589),#1447,.T.);
#7589 = FACE_BOUND('',#7590,.T.);
#7590 = EDGE_LOOP('',(#7591,#7614,#7615,#7616));
#7591 = ORIENTED_EDGE('',*,*,#7592,.T.);
#7592 = EDGE_CURVE('',#7593,#1432,#7595,.T.);
#7593 = VERTEX_POINT('',#7594);
#7594 = CARTESIAN_POINT('',(36.299998836517,6.229307002749,-0.6));
#7595 = SURFACE_CURVE('',#7596,(#7600,#7607),.PCURVE_S1.);
#7596 = LINE('',#7597,#7598);
#7597 = CARTESIAN_POINT('',(36.299998836517,22.33000007391,-0.6));
#7598 = VECTOR('',#7599,1.);
#7599 = DIRECTION('',(1.110223024625E-16,1.,-1.067522139063E-16));
#7600 = PCURVE('',#1447,#7601);
#7601 = DEFINITIONAL_REPRESENTATION('',(#7602),#7606);
#7602 = LINE('',#7603,#7604);
#7603 = CARTESIAN_POINT('',(0.565685424949,-1.60237371373E-31));
#7604 = VECTOR('',#7605,1.);
#7605 = DIRECTION('',(-3.019408574393E-18,1.));
#7606 = ( GEOMETRIC_REPRESENTATION_CONTEXT(2) 
PARAMETRIC_REPRESENTATION_CONTEXT() REPRESENTATION_CONTEXT('2D SPACE',''
  ) );
#7607 = PCURVE('',#1506,#7608);
#7608 = DEFINITIONAL_REPRESENTATION('',(#7609),#7613);
#7609 = LINE('',#7610,#7611);
#7610 = CARTESIAN_POINT('',(13.85000007391,0.8));
#7611 = VECTOR('',#7612,1.);
#7612 = DIRECTION('',(1.,-1.265214063949E-48));
#7613 = ( GEOMETRIC_REPRESENTATION_CONTEXT(2) 
PARAMETRIC_REPRESENTATION_CONTEXT() REPRESENTATION_CONTEXT('2D SPACE',''
  ) );
#7614 = ORIENTED_EDGE('',*,*,#1431,.T.);
#7615 = ORIENTED_EDGE('',*,*,#1693,.T.);
#7616 = ORIENTED_EDGE('',*,*,#7617,.T.);
#7617 = EDGE_CURVE('',#1661,#7593,#7618,.T.);
#7618 = SURFACE_CURVE('',#7619,(#7623,#7630),.PCURVE_S1.);
#7619 = LINE('',#7620,#7621);
#7620 = CARTESIAN_POINT('',(37.099998836517,6.229307002749,0.2));
#7621 = VECTOR('',#7622,1.);
#7622 = DIRECTION('',(-0.707106781187,9.813077866774E-16,-0.707106781187
    ));
#7623 = PCURVE('',#1447,#7624);
#7624 = DEFINITIONAL_REPRESENTATION('',(#7625),#7629);
#7625 = LINE('',#7626,#7627);
#7626 = CARTESIAN_POINT('',(-0.565685424949,-16.10069307116));
#7627 = VECTOR('',#7628,1.);
#7628 = DIRECTION('',(1.,9.813077866774E-16));
#7629 = ( GEOMETRIC_REPRESENTATION_CONTEXT(2) 
PARAMETRIC_REPRESENTATION_CONTEXT() REPRESENTATION_CONTEXT('2D SPACE',''
  ) );
#7630 = PCURVE('',#1681,#7631);
#7631 = DEFINITIONAL_REPRESENTATION('',(#7632),#7636);
#7632 = LINE('',#7633,#7634);
#7633 = CARTESIAN_POINT('',(4.733702069328,-0.4));
#7634 = VECTOR('',#7635,1.);
#7635 = DIRECTION('',(0.,1.));
#7636 = ( GEOMETRIC_REPRESENTATION_CONTEXT(2) 
PARAMETRIC_REPRESENTATION_CONTEXT() REPRESENTATION_CONTEXT('2D SPACE',''
  ) );
#7637 = ADVANCED_FACE('',(#7638),#1681,.T.);
#7638 = FACE_BOUND('',#7639,.T.);
#7639 = EDGE_LOOP('',(#7640,#7641,#7663,#7664));
#7640 = ORIENTED_EDGE('',*,*,#2499,.T.);
#7641 = ORIENTED_EDGE('',*,*,#7642,.T.);
#7642 = EDGE_CURVE('',#2472,#7593,#7643,.T.);
#7643 = SURFACE_CURVE('',#7644,(#7649,#7656),.PCURVE_S1.);
#7644 = CIRCLE('',#7645,3.05);
#7645 = AXIS2_PLACEMENT_3D('',#7646,#7647,#7648);
#7646 = CARTESIAN_POINT('',(36.299998836517,6.229307002749,2.45));
#7647 = DIRECTION('',(1.,-1.110223024625E-16,0.));
#7648 = DIRECTION('',(-1.109970876009E-16,-0.999772884717,
    -2.131147540984E-02));
#7649 = PCURVE('',#1681,#7650);
#7650 = DEFINITIONAL_REPRESENTATION('',(#7651),#7655);
#7651 = LINE('',#7652,#7653);
#7652 = CARTESIAN_POINT('',(6.28318530718,0.4));
#7653 = VECTOR('',#7654,1.);
#7654 = DIRECTION('',(-1.,-3.039902117679E-16));
#7655 = ( GEOMETRIC_REPRESENTATION_CONTEXT(2) 
PARAMETRIC_REPRESENTATION_CONTEXT() REPRESENTATION_CONTEXT('2D SPACE',''
  ) );
#7656 = PCURVE('',#2487,#7657);
#7657 = DEFINITIONAL_REPRESENTATION('',(#7658),#7662);
#7658 = LINE('',#7659,#7660);
#7659 = CARTESIAN_POINT('',(0.,0.6));
#7660 = VECTOR('',#7661,1.);
#7661 = DIRECTION('',(1.,0.));
#7662 = ( GEOMETRIC_REPRESENTATION_CONTEXT(2) 
PARAMETRIC_REPRESENTATION_CONTEXT() REPRESENTATION_CONTEXT('2D SPACE',''
  ) );
#7663 = ORIENTED_EDGE('',*,*,#7617,.F.);
#7664 = ORIENTED_EDGE('',*,*,#1660,.T.);
#7665 = ADVANCED_FACE('',(#7666),#1506,.T.);
#7666 = FACE_BOUND('',#7667,.T.);
#7667 = EDGE_LOOP('',(#7668,#7669,#7692,#7713));
#7668 = ORIENTED_EDGE('',*,*,#7592,.F.);
#7669 = ORIENTED_EDGE('',*,*,#7670,.T.);
#7670 = EDGE_CURVE('',#7593,#7671,#7673,.T.);
#7671 = VERTEX_POINT('',#7672);
#7672 = CARTESIAN_POINT('',(35.35,6.229307002749,-0.6));
#7673 = SURFACE_CURVE('',#7674,(#7678,#7685),.PCURVE_S1.);
#7674 = LINE('',#7675,#7676);
#7675 = CARTESIAN_POINT('',(35.5,6.229307002749,-0.6));
#7676 = VECTOR('',#7677,1.);
#7677 = DIRECTION('',(-1.,0.,0.));
#7678 = PCURVE('',#1506,#7679);
#7679 = DEFINITIONAL_REPRESENTATION('',(#7680),#7684);
#7680 = LINE('',#7681,#7682);
#7681 = CARTESIAN_POINT('',(-2.250692997251,1.163482700656E-06));
#7682 = VECTOR('',#7683,1.);
#7683 = DIRECTION('',(-1.110223024625E-16,-1.));
#7684 = ( GEOMETRIC_REPRESENTATION_CONTEXT(2) 
PARAMETRIC_REPRESENTATION_CONTEXT() REPRESENTATION_CONTEXT('2D SPACE',''
  ) );
#7685 = PCURVE('',#2487,#7686);
#7686 = DEFINITIONAL_REPRESENTATION('',(#7687),#7691);
#7687 = LINE('',#7688,#7689);
#7688 = CARTESIAN_POINT('',(1.549483237851,-0.199998836517));
#7689 = VECTOR('',#7690,1.);
#7690 = DIRECTION('',(0.,-1.));
#7691 = ( GEOMETRIC_REPRESENTATION_CONTEXT(2) 
PARAMETRIC_REPRESENTATION_CONTEXT() REPRESENTATION_CONTEXT('2D SPACE',''
  ) );
#7692 = ORIENTED_EDGE('',*,*,#7693,.F.);
#7693 = EDGE_CURVE('',#1491,#7671,#7694,.T.);
#7694 = SURFACE_CURVE('',#7695,(#7699,#7706),.PCURVE_S1.);
#7695 = LINE('',#7696,#7697);
#7696 = CARTESIAN_POINT('',(35.35,22.89999985218,-0.6));
#7697 = VECTOR('',#7698,1.);
#7698 = DIRECTION('',(2.237409414748E-16,-1.,1.067522139063E-16));
#7699 = PCURVE('',#1506,#7700);
#7700 = DEFINITIONAL_REPRESENTATION('',(#7701),#7705);
#7701 = LINE('',#7702,#7703);
#7702 = CARTESIAN_POINT('',(14.41999985218,-0.149998836517));
#7703 = VECTOR('',#7704,1.);
#7704 = DIRECTION('',(-1.,3.347632439373E-16));
#7705 = ( GEOMETRIC_REPRESENTATION_CONTEXT(2) 
PARAMETRIC_REPRESENTATION_CONTEXT() REPRESENTATION_CONTEXT('2D SPACE',''
  ) );
#7706 = PCURVE('',#1557,#7707);
#7707 = DEFINITIONAL_REPRESENTATION('',(#7708),#7712);
#7708 = LINE('',#7709,#7710);
#7709 = CARTESIAN_POINT('',(-0.919238815543,-9.570000147819));
#7710 = VECTOR('',#7711,1.);
#7711 = DIRECTION('',(-2.336939513057E-16,-1.));
#7712 = ( GEOMETRIC_REPRESENTATION_CONTEXT(2) 
PARAMETRIC_REPRESENTATION_CONTEXT() REPRESENTATION_CONTEXT('2D SPACE',''
  ) );
#7713 = ORIENTED_EDGE('',*,*,#1490,.F.);
#7714 = ADVANCED_FACE('',(#7715),#2487,.T.);
#7715 = FACE_BOUND('',#7716,.T.);
#7716 = EDGE_LOOP('',(#7717,#7718,#7719,#7720,#7748,#7796));
#7717 = ORIENTED_EDGE('',*,*,#7642,.F.);
#7718 = ORIENTED_EDGE('',*,*,#2471,.T.);
#7719 = ORIENTED_EDGE('',*,*,#6889,.F.);
#7720 = ORIENTED_EDGE('',*,*,#7721,.F.);
#7721 = EDGE_CURVE('',#7722,#6890,#7724,.T.);
#7722 = VERTEX_POINT('',#7723);
#7723 = CARTESIAN_POINT('',(35.499998836517,5.284588392897,
    -0.450001163483));
#7724 = SURFACE_CURVE('',#7725,(#7730,#7737),.PCURVE_S1.);
#7725 = CIRCLE('',#7726,3.05);
#7726 = AXIS2_PLACEMENT_3D('',#7727,#7728,#7729);
#7727 = CARTESIAN_POINT('',(35.5,6.229307002749,2.45));
#7728 = DIRECTION('',(-1.,-1.169887275685E-16,0.));
#7729 = DIRECTION('',(1.169621576406E-16,-0.999772884717,
    -2.131147540984E-02));
#7730 = PCURVE('',#2487,#7731);
#7731 = DEFINITIONAL_REPRESENTATION('',(#7732),#7736);
#7732 = LINE('',#7733,#7734);
#7733 = CARTESIAN_POINT('',(6.28318530718,-0.199998836517));
#7734 = VECTOR('',#7735,1.);
#7735 = DIRECTION('',(-1.,0.));
#7736 = ( GEOMETRIC_REPRESENTATION_CONTEXT(2) 
PARAMETRIC_REPRESENTATION_CONTEXT() REPRESENTATION_CONTEXT('2D SPACE',''
  ) );
#7737 = PCURVE('',#7003,#7738);
#7738 = DEFINITIONAL_REPRESENTATION('',(#7739),#7747);
#7739 = ( BOUNDED_CURVE() B_SPLINE_CURVE(2,(#7740,#7741,#7742,#7743,
#7744,#7745,#7746),.UNSPECIFIED.,.T.,.F.) B_SPLINE_CURVE_WITH_KNOTS((1,2
    ,2,2,2,1),(-2.094395102393,0.,2.094395102393,4.188790204786,
6.28318530718,8.377580409573),.UNSPECIFIED.) CURVE() 
GEOMETRIC_REPRESENTATION_ITEM() RATIONAL_B_SPLINE_CURVE((1.,0.5,1.,0.5,
1.,0.5,1.)) REPRESENTATION_ITEM('') );
#7740 = CARTESIAN_POINT('',(38.780000295639,-4.435));
#7741 = CARTESIAN_POINT('',(38.892583598131,-9.716555168698));
#7742 = CARTESIAN_POINT('',(34.262330999304,-7.173277584349));
#7743 = CARTESIAN_POINT('',(29.632078400476,-4.63));
#7744 = CARTESIAN_POINT('',(34.149747696812,-1.891722415651));
#7745 = CARTESIAN_POINT('',(38.667416993147,0.846555168698));
#7746 = CARTESIAN_POINT('',(38.780000295639,-4.435));
#7747 = ( GEOMETRIC_REPRESENTATION_CONTEXT(2) 
PARAMETRIC_REPRESENTATION_CONTEXT() REPRESENTATION_CONTEXT('2D SPACE',''
  ) );
#7748 = ORIENTED_EDGE('',*,*,#7749,.F.);
#7749 = EDGE_CURVE('',#7671,#7722,#7750,.T.);
#7750 = SURFACE_CURVE('',#7751,(#7756,#7785),.PCURVE_S1.);
#7751 = ELLIPSE('',#7752,4.313351365238,3.05);
#7752 = AXIS2_PLACEMENT_3D('',#7753,#7754,#7755);
#7753 = CARTESIAN_POINT('',(38.4,6.229307002749,2.45));
#7754 = DIRECTION('',(-0.707106781187,-8.272352258608E-17,0.707106781187
    ));
#7755 = DIRECTION('',(-0.707106781187,4.625016207701E-17,-0.707106781187
    ));
#7756 = PCURVE('',#2487,#7757);
#7757 = DEFINITIONAL_REPRESENTATION('',(#7758),#7784);
#7758 = B_SPLINE_CURVE_WITH_KNOTS('',3,(#7759,#7760,#7761,#7762,#7763,
    #7764,#7765,#7766,#7767,#7768,#7769,#7770,#7771,#7772,#7773,#7774,
    #7775,#7776,#7777,#7778,#7779,#7780,#7781,#7782,#7783),
  .UNSPECIFIED.,.F.,.F.,(4,1,1,1,1,1,1,1,1,1,1,1,1,1,1,1,1,1,1,1,1,1,4),
  (0.,1.431470799274E-02,2.862941598548E-02,4.294412397822E-02,
    5.725883197096E-02,7.15735399637E-02,8.588824795644E-02,
    0.100202955949,0.114517663942,0.128832371935,0.143147079927,
    0.15746178792,0.171776495913,0.186091203906,0.200405911898,
    0.214720619891,0.229035327884,0.243350035877,0.257664743869,
    0.271979451862,0.286294159855,0.300608867848,0.31492357584),
  .QUASI_UNIFORM_KNOTS.);
#7759 = CARTESIAN_POINT('',(1.549483237851,-0.349998836517));
#7760 = CARTESIAN_POINT('',(1.54471166852,-0.349998847188));
#7761 = CARTESIAN_POINT('',(1.535168529858,-0.349790501962));
#7762 = CARTESIAN_POINT('',(1.520853821866,-0.348853089058));
#7763 = CARTESIAN_POINT('',(1.506539113873,-0.347290935499));
#7764 = CARTESIAN_POINT('',(1.49222440588,-0.345104371476));
#7765 = CARTESIAN_POINT('',(1.477909697888,-0.342293842328));
#7766 = CARTESIAN_POINT('',(1.463594989895,-0.338859924677));
#7767 = CARTESIAN_POINT('',(1.449280281902,-0.334803321963));
#7768 = CARTESIAN_POINT('',(1.434965573909,-0.330124865468));
#7769 = CARTESIAN_POINT('',(1.420650865917,-0.324825513827));
#7770 = CARTESIAN_POINT('',(1.406336157924,-0.318906352919));
#7771 = CARTESIAN_POINT('',(1.392021449931,-0.312368595625));
#7772 = CARTESIAN_POINT('',(1.377706741938,-0.305213581578));
#7773 = CARTESIAN_POINT('',(1.363392033946,-0.297442776893));
#7774 = CARTESIAN_POINT('',(1.349077325953,-0.289057773867));
#7775 = CARTESIAN_POINT('',(1.33476261796,-0.280060290645));
#7776 = CARTESIAN_POINT('',(1.320447909967,-0.270452170891));
#7777 = CARTESIAN_POINT('',(1.306133201975,-0.260235383329));
#7778 = CARTESIAN_POINT('',(1.291818493982,-0.24941202164));
#7779 = CARTESIAN_POINT('',(1.277503785989,-0.237984302918));
#7780 = CARTESIAN_POINT('',(1.263189077996,-0.225954571373));
#7781 = CARTESIAN_POINT('',(1.248874370004,-0.213325282332));
#7782 = CARTESIAN_POINT('',(1.239331231342,-0.204507800547));
#7783 = CARTESIAN_POINT('',(1.234559662011,-0.2));
#7784 = ( GEOMETRIC_REPRESENTATION_CONTEXT(2) 
PARAMETRIC_REPRESENTATION_CONTEXT() REPRESENTATION_CONTEXT('2D SPACE',''
  ) );
#7785 = PCURVE('',#1557,#7786);
#7786 = DEFINITIONAL_REPRESENTATION('',(#7787),#7795);
#7787 = ( BOUNDED_CURVE() B_SPLINE_CURVE(2,(#7788,#7789,#7790,#7791,
#7792,#7793,#7794),.UNSPECIFIED.,.T.,.F.) B_SPLINE_CURVE_WITH_KNOTS((1,2
    ,2,2,2,1),(-2.094395102393,0.,2.094395102393,4.188790204786,
6.28318530718,8.377580409573),.UNSPECIFIED.) CURVE() 
GEOMETRIC_REPRESENTATION_ITEM() RATIONAL_B_SPLINE_CURVE((1.,0.5,1.,0.5,
1.,0.5,1.)) REPRESENTATION_ITEM('') );
#7788 = CARTESIAN_POINT('',(-0.919238815543,-26.24069299725));
#7789 = CARTESIAN_POINT('',(-0.919238815543,-31.52344796033));
#7790 = CARTESIAN_POINT('',(-7.389265863399,-28.88207047879));
#7791 = CARTESIAN_POINT('',(-13.85929291125,-26.24069299725));
#7792 = CARTESIAN_POINT('',(-7.389265863399,-23.5993155157));
#7793 = CARTESIAN_POINT('',(-0.919238815543,-20.95793803416));
#7794 = CARTESIAN_POINT('',(-0.919238815543,-26.24069299725));
#7795 = ( GEOMETRIC_REPRESENTATION_CONTEXT(2) 
PARAMETRIC_REPRESENTATION_CONTEXT() REPRESENTATION_CONTEXT('2D SPACE',''
  ) );
#7796 = ORIENTED_EDGE('',*,*,#7670,.F.);
#7797 = ADVANCED_FACE('',(#7798),#1783,.T.);
#7798 = FACE_BOUND('',#7799,.T.);
#7799 = EDGE_LOOP('',(#7800,#7821,#7822,#7843));
#7800 = ORIENTED_EDGE('',*,*,#7801,.F.);
#7801 = EDGE_CURVE('',#1768,#5567,#7802,.T.);
#7802 = SURFACE_CURVE('',#7803,(#7807,#7814),.PCURVE_S1.);
#7803 = LINE('',#7804,#7805);
#7804 = CARTESIAN_POINT('',(35.699998836517,7.228308560374,1.2));
#7805 = VECTOR('',#7806,1.);
#7806 = DIRECTION('',(-1.,-1.44444745829E-34,-1.543029758686E-64));
#7807 = PCURVE('',#1783,#7808);
#7808 = DEFINITIONAL_REPRESENTATION('',(#7809),#7813);
#7809 = LINE('',#7810,#7811);
#7810 = CARTESIAN_POINT('',(30.251691587446,0.2));
#7811 = VECTOR('',#7812,1.);
#7812 = DIRECTION('',(1.110223024625E-16,-1.));
#7813 = ( GEOMETRIC_REPRESENTATION_CONTEXT(2) 
PARAMETRIC_REPRESENTATION_CONTEXT() REPRESENTATION_CONTEXT('2D SPACE',''
  ) );
#7814 = PCURVE('',#1810,#7815);
#7815 = DEFINITIONAL_REPRESENTATION('',(#7816),#7820);
#7816 = LINE('',#7817,#7818);
#7817 = CARTESIAN_POINT('',(1.518772863567,0.));
#7818 = VECTOR('',#7819,1.);
#7819 = DIRECTION('',(0.,-1.));
#7820 = ( GEOMETRIC_REPRESENTATION_CONTEXT(2) 
PARAMETRIC_REPRESENTATION_CONTEXT() REPRESENTATION_CONTEXT('2D SPACE',''
  ) );
#7821 = ORIENTED_EDGE('',*,*,#1767,.F.);
#7822 = ORIENTED_EDGE('',*,*,#7823,.F.);
#7823 = EDGE_CURVE('',#5595,#1739,#7824,.T.);
#7824 = SURFACE_CURVE('',#7825,(#7829,#7836),.PCURVE_S1.);
#7825 = LINE('',#7826,#7827);
#7826 = CARTESIAN_POINT('',(35.699998836517,12.331691143987,1.2));
#7827 = VECTOR('',#7828,1.);
#7828 = DIRECTION('',(1.,1.44444745829E-34,1.543029758686E-64));
#7829 = PCURVE('',#1783,#7830);
#7830 = DEFINITIONAL_REPRESENTATION('',(#7831),#7835);
#7831 = LINE('',#7832,#7833);
#7832 = CARTESIAN_POINT('',(25.148309003832,0.2));
#7833 = VECTOR('',#7834,1.);
#7834 = DIRECTION('',(-1.110223024625E-16,1.));
#7835 = ( GEOMETRIC_REPRESENTATION_CONTEXT(2) 
PARAMETRIC_REPRESENTATION_CONTEXT() REPRESENTATION_CONTEXT('2D SPACE',''
  ) );
#7836 = PCURVE('',#1755,#7837);
#7837 = DEFINITIONAL_REPRESENTATION('',(#7838),#7842);
#7838 = LINE('',#7839,#7840);
#7839 = CARTESIAN_POINT('',(1.518772863567,0.));
#7840 = VECTOR('',#7841,1.);
#7841 = DIRECTION('',(0.,-1.));
#7842 = ( GEOMETRIC_REPRESENTATION_CONTEXT(2) 
PARAMETRIC_REPRESENTATION_CONTEXT() REPRESENTATION_CONTEXT('2D SPACE',''
  ) );
#7843 = ORIENTED_EDGE('',*,*,#5594,.T.);
#7844 = ADVANCED_FACE('',(#7845),#1755,.F.);
#7845 = FACE_BOUND('',#7846,.F.);
#7846 = EDGE_LOOP('',(#7847,#7868,#7869,#7870));
#7847 = ORIENTED_EDGE('',*,*,#7848,.F.);
#7848 = EDGE_CURVE('',#1716,#5618,#7849,.T.);
#7849 = SURFACE_CURVE('',#7850,(#7854,#7861),.PCURVE_S1.);
#7850 = LINE('',#7851,#7852);
#7851 = CARTESIAN_POINT('',(35.699998836517,13.58,2.385));
#7852 = VECTOR('',#7853,1.);
#7853 = DIRECTION('',(-1.,-1.44444745829E-34,1.541979640438E-50));
#7854 = PCURVE('',#1755,#7855);
#7855 = DEFINITIONAL_REPRESENTATION('',(#7856),#7860);
#7856 = LINE('',#7857,#7858);
#7857 = CARTESIAN_POINT('',(0.,0.));
#7858 = VECTOR('',#7859,1.);
#7859 = DIRECTION('',(0.,1.));
#7860 = ( GEOMETRIC_REPRESENTATION_CONTEXT(2) 
PARAMETRIC_REPRESENTATION_CONTEXT() REPRESENTATION_CONTEXT('2D SPACE',''
  ) );
#7861 = PCURVE('',#1386,#7862);
#7862 = DEFINITIONAL_REPRESENTATION('',(#7863),#7867);
#7863 = LINE('',#7864,#7865);
#7864 = CARTESIAN_POINT('',(-18.79999883651,-9.4));
#7865 = VECTOR('',#7866,1.);
#7866 = DIRECTION('',(1.,-1.44444745829E-34));
#7867 = ( GEOMETRIC_REPRESENTATION_CONTEXT(2) 
PARAMETRIC_REPRESENTATION_CONTEXT() REPRESENTATION_CONTEXT('2D SPACE',''
  ) );
#7868 = ORIENTED_EDGE('',*,*,#1738,.F.);
#7869 = ORIENTED_EDGE('',*,*,#7823,.F.);
#7870 = ORIENTED_EDGE('',*,*,#5617,.F.);
#7871 = ADVANCED_FACE('',(#7872),#1810,.F.);
#7872 = FACE_BOUND('',#7873,.F.);
#7873 = EDGE_LOOP('',(#7874,#7875,#7876,#7877));
#7874 = ORIENTED_EDGE('',*,*,#1826,.F.);
#7875 = ORIENTED_EDGE('',*,*,#5566,.F.);
#7876 = ORIENTED_EDGE('',*,*,#7801,.F.);
#7877 = ORIENTED_EDGE('',*,*,#1795,.F.);
#7878 = ADVANCED_FACE('',(#7879),#7003,.T.);
#7879 = FACE_BOUND('',#7880,.T.);
#7880 = EDGE_LOOP('',(#7881,#7882,#7883));
#7881 = ORIENTED_EDGE('',*,*,#7721,.T.);
#7882 = ORIENTED_EDGE('',*,*,#6989,.F.);
#7883 = ORIENTED_EDGE('',*,*,#7884,.F.);
#7884 = EDGE_CURVE('',#7722,#6961,#7885,.T.);
#7885 = SURFACE_CURVE('',#7886,(#7890,#7897),.PCURVE_S1.);
#7886 = LINE('',#7887,#7888);
#7887 = CARTESIAN_POINT('',(35.5,32.47,-0.45));
#7888 = VECTOR('',#7889,1.);
#7889 = DIRECTION('',(1.169887275685E-16,-1.,0.));
#7890 = PCURVE('',#7003,#7891);
#7891 = DEFINITIONAL_REPRESENTATION('',(#7892),#7896);
#7892 = LINE('',#7893,#7894);
#7893 = CARTESIAN_POINT('',(9.49,-1.6));
#7894 = VECTOR('',#7895,1.);
#7895 = DIRECTION('',(1.,0.));
#7896 = ( GEOMETRIC_REPRESENTATION_CONTEXT(2) 
PARAMETRIC_REPRESENTATION_CONTEXT() REPRESENTATION_CONTEXT('2D SPACE',''
  ) );
#7897 = PCURVE('',#1557,#7898);
#7898 = DEFINITIONAL_REPRESENTATION('',(#7899),#7903);
#7899 = LINE('',#7900,#7901);
#7900 = CARTESIAN_POINT('',(-1.131370849898,1.047705889747E-31));
#7901 = VECTOR('',#7902,1.);
#7902 = DIRECTION('',(-8.272352258608E-17,-1.));
#7903 = ( GEOMETRIC_REPRESENTATION_CONTEXT(2) 
PARAMETRIC_REPRESENTATION_CONTEXT() REPRESENTATION_CONTEXT('2D SPACE',''
  ) );
#7904 = ADVANCED_FACE('',(#7905),#2723,.T.);
#7905 = FACE_BOUND('',#7906,.T.);
#7906 = EDGE_LOOP('',(#7907,#7908,#7929));
#7907 = ORIENTED_EDGE('',*,*,#2706,.T.);
#7908 = ORIENTED_EDGE('',*,*,#7909,.F.);
#7909 = EDGE_CURVE('',#6813,#2657,#7910,.T.);
#7910 = SURFACE_CURVE('',#7911,(#7915,#7922),.PCURVE_S1.);
#7911 = LINE('',#7912,#7913);
#7912 = CARTESIAN_POINT('',(35.5,32.47,-0.45));
#7913 = VECTOR('',#7914,1.);
#7914 = DIRECTION('',(1.169887275685E-16,-1.,0.));
#7915 = PCURVE('',#2723,#7916);
#7916 = DEFINITIONAL_REPRESENTATION('',(#7917),#7921);
#7917 = LINE('',#7918,#7919);
#7918 = CARTESIAN_POINT('',(9.49,-1.6));
#7919 = VECTOR('',#7920,1.);
#7920 = DIRECTION('',(1.,0.));
#7921 = ( GEOMETRIC_REPRESENTATION_CONTEXT(2) 
PARAMETRIC_REPRESENTATION_CONTEXT() REPRESENTATION_CONTEXT('2D SPACE',''
  ) );
#7922 = PCURVE('',#1557,#7923);
#7923 = DEFINITIONAL_REPRESENTATION('',(#7924),#7928);
#7924 = LINE('',#7925,#7926);
#7925 = CARTESIAN_POINT('',(-1.131370849898,1.047705889747E-31));
#7926 = VECTOR('',#7927,1.);
#7927 = DIRECTION('',(-8.272352258608E-17,-1.));
#7928 = ( GEOMETRIC_REPRESENTATION_CONTEXT(2) 
PARAMETRIC_REPRESENTATION_CONTEXT() REPRESENTATION_CONTEXT('2D SPACE',''
  ) );
#7929 = ORIENTED_EDGE('',*,*,#6812,.F.);
#7930 = ADVANCED_FACE('',(#7931),#2239,.T.);
#7931 = FACE_BOUND('',#7932,.T.);
#7932 = EDGE_LOOP('',(#7933,#7934,#7962,#7985));
#7933 = ORIENTED_EDGE('',*,*,#2223,.T.);
#7934 = ORIENTED_EDGE('',*,*,#7935,.T.);
#7935 = EDGE_CURVE('',#2196,#7936,#7938,.T.);
#7936 = VERTEX_POINT('',#7937);
#7937 = CARTESIAN_POINT('',(-3.299998645782,6.229307002749,0.2));
#7938 = SURFACE_CURVE('',#7939,(#7944,#7951),.PCURVE_S1.);
#7939 = CIRCLE('',#7940,2.25);
#7940 = AXIS2_PLACEMENT_3D('',#7941,#7942,#7943);
#7941 = CARTESIAN_POINT('',(-3.299998645782,6.229307002749,2.45));
#7942 = DIRECTION('',(1.,1.762479051592E-15,1.387778780781E-17));
#7943 = DIRECTION('',(1.762374521798E-15,-0.999772884717,
    -2.131147540984E-02));
#7944 = PCURVE('',#2239,#7945);
#7945 = DEFINITIONAL_REPRESENTATION('',(#7946),#7950);
#7946 = LINE('',#7947,#7948);
#7947 = CARTESIAN_POINT('',(1.188285581044E-16,-0.4));
#7948 = VECTOR('',#7949,1.);
#7949 = DIRECTION('',(1.,-7.127973828792E-16));
#7950 = ( GEOMETRIC_REPRESENTATION_CONTEXT(2) 
PARAMETRIC_REPRESENTATION_CONTEXT() REPRESENTATION_CONTEXT('2D SPACE',''
  ) );
#7951 = PCURVE('',#2211,#7952);
#7952 = DEFINITIONAL_REPRESENTATION('',(#7953),#7961);
#7953 = ( BOUNDED_CURVE() B_SPLINE_CURVE(2,(#7954,#7955,#7956,#7957,
#7958,#7959,#7960),.UNSPECIFIED.,.T.,.F.) B_SPLINE_CURVE_WITH_KNOTS((1,2
    ,2,2,2,1),(-2.094395102393,0.,2.094395102393,4.188790204786,
6.28318530718,8.377580409573),.UNSPECIFIED.) CURVE() 
GEOMETRIC_REPRESENTATION_ITEM() RATIONAL_B_SPLINE_CURVE((1.,0.5,1.,0.5,
1.,0.5,1.)) REPRESENTATION_ITEM('') );
#7954 = CARTESIAN_POINT('',(5.800181692226,-4.795081967213E-02));
#7955 = CARTESIAN_POINT('',(5.717128436289,-3.944180042482));
#7956 = CARTESIAN_POINT('',(2.384421578337,-1.924139201569));
#7957 = CARTESIAN_POINT('',(-0.948285279615,9.590163934426E-02));
#7958 = CARTESIAN_POINT('',(2.467474834274,1.972090021241));
#7959 = CARTESIAN_POINT('',(5.883234948163,3.848278403138));
#7960 = CARTESIAN_POINT('',(5.800181692226,-4.795081967213E-02));
#7961 = ( GEOMETRIC_REPRESENTATION_CONTEXT(2) 
PARAMETRIC_REPRESENTATION_CONTEXT() REPRESENTATION_CONTEXT('2D SPACE',''
  ) );
#7962 = ORIENTED_EDGE('',*,*,#7963,.T.);
#7963 = EDGE_CURVE('',#7936,#7964,#7966,.T.);
#7964 = VERTEX_POINT('',#7965);
#7965 = CARTESIAN_POINT('',(-2.499998645782,6.229307002749,-0.6));
#7966 = SURFACE_CURVE('',#7967,(#7971,#7978),.PCURVE_S1.);
#7967 = LINE('',#7968,#7969);
#7968 = CARTESIAN_POINT('',(-3.299998645782,6.229307002749,0.2));
#7969 = VECTOR('',#7970,1.);
#7970 = DIRECTION('',(0.707106781187,9.813077866774E-16,-0.707106781187)
  );
#7971 = PCURVE('',#2239,#7972);
#7972 = DEFINITIONAL_REPRESENTATION('',(#7973),#7977);
#7973 = LINE('',#7974,#7975);
#7974 = CARTESIAN_POINT('',(1.549483237851,-0.4));
#7975 = VECTOR('',#7976,1.);
#7976 = DIRECTION('',(2.775557561563E-16,1.));
#7977 = ( GEOMETRIC_REPRESENTATION_CONTEXT(2) 
PARAMETRIC_REPRESENTATION_CONTEXT() REPRESENTATION_CONTEXT('2D SPACE',''
  ) );
#7978 = PCURVE('',#3380,#7979);
#7979 = DEFINITIONAL_REPRESENTATION('',(#7980),#7984);
#7980 = LINE('',#7981,#7982);
#7981 = CARTESIAN_POINT('',(0.565685424949,-4.200692701612));
#7982 = VECTOR('',#7983,1.);
#7983 = DIRECTION('',(-1.,9.813077866774E-16));
#7984 = ( GEOMETRIC_REPRESENTATION_CONTEXT(2) 
PARAMETRIC_REPRESENTATION_CONTEXT() REPRESENTATION_CONTEXT('2D SPACE',''
  ) );
#7985 = ORIENTED_EDGE('',*,*,#7986,.T.);
#7986 = EDGE_CURVE('',#7964,#2224,#7987,.T.);
#7987 = SURFACE_CURVE('',#7988,(#7993,#8000),.PCURVE_S1.);
#7988 = CIRCLE('',#7989,3.05);
#7989 = AXIS2_PLACEMENT_3D('',#7990,#7991,#7992);
#7990 = CARTESIAN_POINT('',(-2.499998645782,6.229307002749,2.45));
#7991 = DIRECTION('',(-1.,-1.762479051592E-15,-1.387778780781E-17));
#7992 = DIRECTION('',(1.762374521798E-15,-0.999772884717,
    -2.131147540984E-02));
#7993 = PCURVE('',#2239,#7994);
#7994 = DEFINITIONAL_REPRESENTATION('',(#7995),#7999);
#7995 = LINE('',#7996,#7997);
#7996 = CARTESIAN_POINT('',(6.28318530718,0.4));
#7997 = VECTOR('',#7998,1.);
#7998 = DIRECTION('',(-1.,1.013300705893E-15));
#7999 = ( GEOMETRIC_REPRESENTATION_CONTEXT(2) 
PARAMETRIC_REPRESENTATION_CONTEXT() REPRESENTATION_CONTEXT('2D SPACE',''
  ) );
#8000 = PCURVE('',#327,#8001);
#8001 = DEFINITIONAL_REPRESENTATION('',(#8002),#8006);
#8002 = LINE('',#8003,#8004);
#8003 = CARTESIAN_POINT('',(6.28318530718,-0.6));
#8004 = VECTOR('',#8005,1.);
#8005 = DIRECTION('',(-1.,-2.866047202072E-16));
#8006 = ( GEOMETRIC_REPRESENTATION_CONTEXT(2) 
PARAMETRIC_REPRESENTATION_CONTEXT() REPRESENTATION_CONTEXT('2D SPACE',''
  ) );
#8007 = ADVANCED_FACE('',(#8008),#3380,.T.);
#8008 = FACE_BOUND('',#8009,.T.);
#8009 = EDGE_LOOP('',(#8010,#8011,#8032,#8033));
#8010 = ORIENTED_EDGE('',*,*,#7963,.F.);
#8011 = ORIENTED_EDGE('',*,*,#8012,.T.);
#8012 = EDGE_CURVE('',#7936,#3365,#8013,.T.);
#8013 = SURFACE_CURVE('',#8014,(#8018,#8025),.PCURVE_S1.);
#8014 = LINE('',#8015,#8016);
#8015 = CARTESIAN_POINT('',(-3.299998645782,10.429999704361,0.2));
#8016 = VECTOR('',#8017,1.);
#8017 = DIRECTION('',(-1.762479051592E-15,1.,1.102216608582E-16));
#8018 = PCURVE('',#3380,#8019);
#8019 = DEFINITIONAL_REPRESENTATION('',(#8020),#8024);
#8020 = LINE('',#8021,#8022);
#8021 = CARTESIAN_POINT('',(0.565685424949,4.930380657631E-32));
#8022 = VECTOR('',#8023,1.);
#8023 = DIRECTION('',(1.324199372907E-15,1.));
#8024 = ( GEOMETRIC_REPRESENTATION_CONTEXT(2) 
PARAMETRIC_REPRESENTATION_CONTEXT() REPRESENTATION_CONTEXT('2D SPACE',''
  ) );
#8025 = PCURVE('',#2211,#8026);
#8026 = DEFINITIONAL_REPRESENTATION('',(#8027),#8031);
#8027 = LINE('',#8028,#8029);
#8028 = CARTESIAN_POINT('',(-0.65,-2.25));
#8029 = VECTOR('',#8030,1.);
#8030 = DIRECTION('',(-1.,1.067522139063E-16));
#8031 = ( GEOMETRIC_REPRESENTATION_CONTEXT(2) 
PARAMETRIC_REPRESENTATION_CONTEXT() REPRESENTATION_CONTEXT('2D SPACE',''
  ) );
#8032 = ORIENTED_EDGE('',*,*,#3364,.F.);
#8033 = ORIENTED_EDGE('',*,*,#8034,.T.);
#8034 = EDGE_CURVE('',#3341,#7964,#8035,.T.);
#8035 = SURFACE_CURVE('',#8036,(#8040,#8047),.PCURVE_S1.);
#8036 = LINE('',#8037,#8038);
#8037 = CARTESIAN_POINT('',(-2.499998645782,10.429999704361,-0.6));
#8038 = VECTOR('',#8039,1.);
#8039 = DIRECTION('',(1.762479051592E-15,-1.,-1.102216608582E-16));
#8040 = PCURVE('',#3380,#8041);
#8041 = DEFINITIONAL_REPRESENTATION('',(#8042),#8046);
#8042 = LINE('',#8043,#8044);
#8043 = CARTESIAN_POINT('',(-0.565685424949,-4.930380657631E-32));
#8044 = VECTOR('',#8045,1.);
#8045 = DIRECTION('',(-1.324199372907E-15,-1.));
#8046 = ( GEOMETRIC_REPRESENTATION_CONTEXT(2) 
PARAMETRIC_REPRESENTATION_CONTEXT() REPRESENTATION_CONTEXT('2D SPACE',''
  ) );
#8047 = PCURVE('',#377,#8048);
#8048 = DEFINITIONAL_REPRESENTATION('',(#8049),#8053);
#8049 = LINE('',#8050,#8051);
#8050 = CARTESIAN_POINT('',(0.65,0.8));
#8051 = VECTOR('',#8052,1.);
#8052 = DIRECTION('',(1.,1.529632821215E-33));
#8053 = ( GEOMETRIC_REPRESENTATION_CONTEXT(2) 
PARAMETRIC_REPRESENTATION_CONTEXT() REPRESENTATION_CONTEXT('2D SPACE',''
  ) );
#8054 = ADVANCED_FACE('',(#8055),#2211,.T.);
#8055 = FACE_BOUND('',#8056,.T.);
#8056 = EDGE_LOOP('',(#8057,#8058,#8059,#8060,#8084,#8107,#8129,#8130));
#8057 = ORIENTED_EDGE('',*,*,#8012,.F.);
#8058 = ORIENTED_EDGE('',*,*,#7935,.F.);
#8059 = ORIENTED_EDGE('',*,*,#2195,.T.);
#8060 = ORIENTED_EDGE('',*,*,#8061,.F.);
#8061 = EDGE_CURVE('',#8062,#2168,#8064,.T.);
#8062 = VERTEX_POINT('',#8063);
#8063 = CARTESIAN_POINT('',(-3.299998645782,7.228308560374,1.2));
#8064 = SURFACE_CURVE('',#8065,(#8070,#8077),.PCURVE_S1.);
#8065 = CIRCLE('',#8066,1.25);
#8066 = AXIS2_PLACEMENT_3D('',#8067,#8068,#8069);
#8067 = CARTESIAN_POINT('',(-3.299998645782,7.228308560374,2.45));
#8068 = DIRECTION('',(-1.,-1.762479051592E-15,-1.387778780781E-17));
#8069 = DIRECTION('',(1.760816211878E-15,-0.99864708481,-5.2E-02));
#8070 = PCURVE('',#2211,#8071);
#8071 = DEFINITIONAL_REPRESENTATION('',(#8072),#8076);
#8072 = CIRCLE('',#8073,1.25);
#8073 = AXIS2_PLACEMENT_2D('',#8074,#8075);
#8074 = CARTESIAN_POINT('',(2.551691143987,8.852957061834E-18));
#8075 = DIRECTION('',(0.99864708481,-5.2E-02));
#8076 = ( GEOMETRIC_REPRESENTATION_CONTEXT(2) 
PARAMETRIC_REPRESENTATION_CONTEXT() REPRESENTATION_CONTEXT('2D SPACE',''
  ) );
#8077 = PCURVE('',#2183,#8078);
#8078 = DEFINITIONAL_REPRESENTATION('',(#8079),#8083);
#8079 = LINE('',#8080,#8081);
#8080 = CARTESIAN_POINT('',(6.28318530718,-1.4));
#8081 = VECTOR('',#8082,1.);
#8082 = DIRECTION('',(-1.,0.));
#8083 = ( GEOMETRIC_REPRESENTATION_CONTEXT(2) 
PARAMETRIC_REPRESENTATION_CONTEXT() REPRESENTATION_CONTEXT('2D SPACE',''
  ) );
#8084 = ORIENTED_EDGE('',*,*,#8085,.T.);
#8085 = EDGE_CURVE('',#8062,#8086,#8088,.T.);
#8086 = VERTEX_POINT('',#8087);
#8087 = CARTESIAN_POINT('',(-3.299998645782,12.331690848348,1.2));
#8088 = SURFACE_CURVE('',#8089,(#8093,#8100),.PCURVE_S1.);
#8089 = LINE('',#8090,#8091);
#8090 = CARTESIAN_POINT('',(-3.299998645782,8.479999704361,1.2));
#8091 = VECTOR('',#8092,1.);
#8092 = DIRECTION('',(-1.762479051592E-15,1.,1.102216608582E-16));
#8093 = PCURVE('',#2211,#8094);
#8094 = DEFINITIONAL_REPRESENTATION('',(#8095),#8099);
#8095 = LINE('',#8096,#8097);
#8096 = CARTESIAN_POINT('',(1.3,-1.25));
#8097 = VECTOR('',#8098,1.);
#8098 = DIRECTION('',(-1.,1.067522139063E-16));
#8099 = ( GEOMETRIC_REPRESENTATION_CONTEXT(2) 
PARAMETRIC_REPRESENTATION_CONTEXT() REPRESENTATION_CONTEXT('2D SPACE',''
  ) );
#8100 = PCURVE('',#5840,#8101);
#8101 = DEFINITIONAL_REPRESENTATION('',(#8102),#8106);
#8102 = LINE('',#8103,#8104);
#8103 = CARTESIAN_POINT('',(29.000000443459,-38.7999974823));
#8104 = VECTOR('',#8105,1.);
#8105 = DIRECTION('',(-1.,-1.873501354055E-15));
#8106 = ( GEOMETRIC_REPRESENTATION_CONTEXT(2) 
PARAMETRIC_REPRESENTATION_CONTEXT() REPRESENTATION_CONTEXT('2D SPACE',''
  ) );
#8107 = ORIENTED_EDGE('',*,*,#8108,.F.);
#8108 = EDGE_CURVE('',#3842,#8086,#8109,.T.);
#8109 = SURFACE_CURVE('',#8110,(#8115,#8122),.PCURVE_S1.);
#8110 = CIRCLE('',#8111,1.25);
#8111 = AXIS2_PLACEMENT_3D('',#8112,#8113,#8114);
#8112 = CARTESIAN_POINT('',(-3.299998645782,12.331690848348,2.45));
#8113 = DIRECTION('',(-1.,-1.762479051592E-15,-1.387778780781E-17));
#8114 = DIRECTION('',(-1.759372921946E-15,0.99864708481,-5.2E-02));
#8115 = PCURVE('',#2211,#8116);
#8116 = DEFINITIONAL_REPRESENTATION('',(#8117),#8121);
#8117 = CIRCLE('',#8118,1.25);
#8118 = AXIS2_PLACEMENT_2D('',#8119,#8120);
#8119 = CARTESIAN_POINT('',(-2.551691143987,-8.852957061833E-18));
#8120 = DIRECTION('',(-0.99864708481,-5.2E-02));
#8121 = ( GEOMETRIC_REPRESENTATION_CONTEXT(2) 
PARAMETRIC_REPRESENTATION_CONTEXT() REPRESENTATION_CONTEXT('2D SPACE',''
  ) );
#8122 = PCURVE('',#3880,#8123);
#8123 = DEFINITIONAL_REPRESENTATION('',(#8124),#8128);
#8124 = LINE('',#8125,#8126);
#8125 = CARTESIAN_POINT('',(0.,1.4));
#8126 = VECTOR('',#8127,1.);
#8127 = DIRECTION('',(1.,0.));
#8128 = ( GEOMETRIC_REPRESENTATION_CONTEXT(2) 
PARAMETRIC_REPRESENTATION_CONTEXT() REPRESENTATION_CONTEXT('2D SPACE',''
  ) );
#8129 = ORIENTED_EDGE('',*,*,#3841,.T.);
#8130 = ORIENTED_EDGE('',*,*,#3392,.T.);
#8131 = ADVANCED_FACE('',(#8132),#327,.T.);
#8132 = FACE_BOUND('',#8133,.T.);
#8133 = EDGE_LOOP('',(#8134,#8135,#8136,#8137,#8138,#8159,#8160));
#8134 = ORIENTED_EDGE('',*,*,#7018,.F.);
#8135 = ORIENTED_EDGE('',*,*,#2296,.T.);
#8136 = ORIENTED_EDGE('',*,*,#2273,.T.);
#8137 = ORIENTED_EDGE('',*,*,#7986,.F.);
#8138 = ORIENTED_EDGE('',*,*,#8139,.T.);
#8139 = EDGE_CURVE('',#7964,#307,#8140,.T.);
#8140 = SURFACE_CURVE('',#8141,(#8145,#8152),.PCURVE_S1.);
#8141 = LINE('',#8142,#8143);
#8142 = CARTESIAN_POINT('',(-1.899998645782,6.229307002749,-0.6));
#8143 = VECTOR('',#8144,1.);
#8144 = DIRECTION('',(1.,1.873501354055E-15,1.387778780781E-17));
#8145 = PCURVE('',#327,#8146);
#8146 = DEFINITIONAL_REPRESENTATION('',(#8147),#8151);
#8147 = LINE('',#8148,#8149);
#8148 = CARTESIAN_POINT('',(1.549483237851,-2.22044604925E-16));
#8149 = VECTOR('',#8150,1.);
#8150 = DIRECTION('',(0.,1.));
#8151 = ( GEOMETRIC_REPRESENTATION_CONTEXT(2) 
PARAMETRIC_REPRESENTATION_CONTEXT() REPRESENTATION_CONTEXT('2D SPACE',''
  ) );
#8152 = PCURVE('',#377,#8153);
#8153 = DEFINITIONAL_REPRESENTATION('',(#8154),#8158);
#8154 = LINE('',#8155,#8156);
#8155 = CARTESIAN_POINT('',(4.850692701612,0.2));
#8156 = VECTOR('',#8157,1.);
#8157 = DIRECTION('',(-1.110223024625E-16,-1.));
#8158 = ( GEOMETRIC_REPRESENTATION_CONTEXT(2) 
PARAMETRIC_REPRESENTATION_CONTEXT() REPRESENTATION_CONTEXT('2D SPACE',''
  ) );
#8159 = ORIENTED_EDGE('',*,*,#306,.F.);
#8160 = ORIENTED_EDGE('',*,*,#8161,.F.);
#8161 = EDGE_CURVE('',#7019,#279,#8162,.T.);
#8162 = SURFACE_CURVE('',#8163,(#8168,#8175),.PCURVE_S1.);
#8163 = CIRCLE('',#8164,3.05);
#8164 = AXIS2_PLACEMENT_3D('',#8165,#8166,#8167);
#8165 = CARTESIAN_POINT('',(-1.7,6.229307002749,2.45));
#8166 = DIRECTION('',(1.,8.774154567638E-17,0.));
#8167 = DIRECTION('',(8.772161823043E-17,-0.999772884717,
    -2.131147540984E-02));
#8168 = PCURVE('',#327,#8169);
#8169 = DEFINITIONAL_REPRESENTATION('',(#8170),#8174);
#8170 = LINE('',#8171,#8172);
#8171 = CARTESIAN_POINT('',(0.,0.199998645782));
#8172 = VECTOR('',#8173,1.);
#8173 = DIRECTION('',(1.,4.407940166339E-15));
#8174 = ( GEOMETRIC_REPRESENTATION_CONTEXT(2) 
PARAMETRIC_REPRESENTATION_CONTEXT() REPRESENTATION_CONTEXT('2D SPACE',''
  ) );
#8175 = PCURVE('',#294,#8176);
#8176 = DEFINITIONAL_REPRESENTATION('',(#8177),#8185);
#8177 = ( BOUNDED_CURVE() B_SPLINE_CURVE(2,(#8178,#8179,#8180,#8181,
#8182,#8183,#8184),.UNSPECIFIED.,.T.,.F.) B_SPLINE_CURVE_WITH_KNOTS((1,2
    ,2,2,2,1),(-2.094395102393,0.,2.094395102393,4.188790204786,
6.28318530718,8.377580409573),.UNSPECIFIED.) CURVE() 
GEOMETRIC_REPRESENTATION_ITEM() RATIONAL_B_SPLINE_CURVE((1.,0.5,1.,0.5,
1.,0.5,1.)) REPRESENTATION_ITEM('') );
#8178 = CARTESIAN_POINT('',(-0.820000295639,-4.435));
#8179 = CARTESIAN_POINT('',(-0.707416993147,0.846555168698));
#8180 = CARTESIAN_POINT('',(3.810252303188,-1.891722415651));
#8181 = CARTESIAN_POINT('',(8.327921599524,-4.63));
#8182 = CARTESIAN_POINT('',(3.697669000696,-7.173277584349));
#8183 = CARTESIAN_POINT('',(-0.932583598131,-9.716555168698));
#8184 = CARTESIAN_POINT('',(-0.820000295639,-4.435));
#8185 = ( GEOMETRIC_REPRESENTATION_CONTEXT(2) 
PARAMETRIC_REPRESENTATION_CONTEXT() REPRESENTATION_CONTEXT('2D SPACE',''
  ) );
#8186 = ADVANCED_FACE('',(#8187),#377,.T.);
#8187 = FACE_BOUND('',#8188,.T.);
#8188 = EDGE_LOOP('',(#8189,#8190,#8191,#8192));
#8189 = ORIENTED_EDGE('',*,*,#8034,.F.);
#8190 = ORIENTED_EDGE('',*,*,#3468,.T.);
#8191 = ORIENTED_EDGE('',*,*,#361,.F.);
#8192 = ORIENTED_EDGE('',*,*,#8139,.F.);
#8193 = ADVANCED_FACE('',(#8194),#3880,.F.);
#8194 = FACE_BOUND('',#8195,.F.);
#8195 = EDGE_LOOP('',(#8196,#8197,#8198,#8219));
#8196 = ORIENTED_EDGE('',*,*,#3864,.F.);
#8197 = ORIENTED_EDGE('',*,*,#5796,.F.);
#8198 = ORIENTED_EDGE('',*,*,#8199,.F.);
#8199 = EDGE_CURVE('',#8086,#5797,#8200,.T.);
#8200 = SURFACE_CURVE('',#8201,(#8205,#8212),.PCURVE_S1.);
#8201 = LINE('',#8202,#8203);
#8202 = CARTESIAN_POINT('',(-1.899998645782,12.331690848348,1.2));
#8203 = VECTOR('',#8204,1.);
#8204 = DIRECTION('',(1.,1.873501354055E-15,-2.000004173018E-31));
#8205 = PCURVE('',#3880,#8206);
#8206 = DEFINITIONAL_REPRESENTATION('',(#8207),#8211);
#8207 = LINE('',#8208,#8209);
#8208 = CARTESIAN_POINT('',(1.518772863567,0.));
#8209 = VECTOR('',#8210,1.);
#8210 = DIRECTION('',(0.,-1.));
#8211 = ( GEOMETRIC_REPRESENTATION_CONTEXT(2) 
PARAMETRIC_REPRESENTATION_CONTEXT() REPRESENTATION_CONTEXT('2D SPACE',''
  ) );
#8212 = PCURVE('',#5840,#8213);
#8213 = DEFINITIONAL_REPRESENTATION('',(#8214),#8218);
#8214 = LINE('',#8215,#8216);
#8215 = CARTESIAN_POINT('',(25.148309299471,-37.3999974823));
#8216 = VECTOR('',#8217,1.);
#8217 = DIRECTION('',(-1.984523656517E-15,1.));
#8218 = ( GEOMETRIC_REPRESENTATION_CONTEXT(2) 
PARAMETRIC_REPRESENTATION_CONTEXT() REPRESENTATION_CONTEXT('2D SPACE',''
  ) );
#8219 = ORIENTED_EDGE('',*,*,#8108,.F.);
#8220 = ADVANCED_FACE('',(#8221),#2183,.F.);
#8221 = FACE_BOUND('',#8222,.F.);
#8222 = EDGE_LOOP('',(#8223,#8224,#8225,#8246));
#8223 = ORIENTED_EDGE('',*,*,#2167,.F.);
#8224 = ORIENTED_EDGE('',*,*,#8061,.F.);
#8225 = ORIENTED_EDGE('',*,*,#8226,.F.);
#8226 = EDGE_CURVE('',#5825,#8062,#8227,.T.);
#8227 = SURFACE_CURVE('',#8228,(#8232,#8239),.PCURVE_S1.);
#8228 = LINE('',#8229,#8230);
#8229 = CARTESIAN_POINT('',(-1.899998645782,7.228308560374,1.2));
#8230 = VECTOR('',#8231,1.);
#8231 = DIRECTION('',(-1.,-1.873501354055E-15,2.000004173018E-31));
#8232 = PCURVE('',#2183,#8233);
#8233 = DEFINITIONAL_REPRESENTATION('',(#8234),#8238);
#8234 = LINE('',#8235,#8236);
#8235 = CARTESIAN_POINT('',(1.518772863567,0.));
#8236 = VECTOR('',#8237,1.);
#8237 = DIRECTION('',(0.,-1.));
#8238 = ( GEOMETRIC_REPRESENTATION_CONTEXT(2) 
PARAMETRIC_REPRESENTATION_CONTEXT() REPRESENTATION_CONTEXT('2D SPACE',''
  ) );
#8239 = PCURVE('',#5840,#8240);
#8240 = DEFINITIONAL_REPRESENTATION('',(#8241),#8245);
#8241 = LINE('',#8242,#8243);
#8242 = CARTESIAN_POINT('',(30.251691587446,-37.3999974823));
#8243 = VECTOR('',#8244,1.);
#8244 = DIRECTION('',(1.984523656517E-15,-1.));
#8245 = ( GEOMETRIC_REPRESENTATION_CONTEXT(2) 
PARAMETRIC_REPRESENTATION_CONTEXT() REPRESENTATION_CONTEXT('2D SPACE',''
  ) );
#8246 = ORIENTED_EDGE('',*,*,#5852,.F.);
#8247 = ADVANCED_FACE('',(#8248),#5840,.T.);
#8248 = FACE_BOUND('',#8249,.T.);
#8249 = EDGE_LOOP('',(#8250,#8251,#8252,#8253));
#8250 = ORIENTED_EDGE('',*,*,#8199,.F.);
#8251 = ORIENTED_EDGE('',*,*,#8085,.F.);
#8252 = ORIENTED_EDGE('',*,*,#8226,.F.);
#8253 = ORIENTED_EDGE('',*,*,#5824,.T.);
#8254 = ADVANCED_FACE('',(#8255),#294,.T.);
#8255 = FACE_BOUND('',#8256,.T.);
#8256 = EDGE_LOOP('',(#8257,#8258,#8259));
#8257 = ORIENTED_EDGE('',*,*,#8161,.T.);
#8258 = ORIENTED_EDGE('',*,*,#278,.F.);
#8259 = ORIENTED_EDGE('',*,*,#7065,.F.);
#8260 = ADVANCED_FACE('',(#8261),#3783,.T.);
#8261 = FACE_BOUND('',#8262,.T.);
#8262 = EDGE_LOOP('',(#8263,#8264,#8292,#8315));
#8263 = ORIENTED_EDGE('',*,*,#3767,.T.);
#8264 = ORIENTED_EDGE('',*,*,#8265,.T.);
#8265 = EDGE_CURVE('',#3745,#8266,#8268,.T.);
#8266 = VERTEX_POINT('',#8267);
#8267 = CARTESIAN_POINT('',(-3.299998645782,32.629307455744,0.2));
#8268 = SURFACE_CURVE('',#8269,(#8274,#8281),.PCURVE_S1.);
#8269 = CIRCLE('',#8270,2.25);
#8270 = AXIS2_PLACEMENT_3D('',#8271,#8272,#8273);
#8271 = CARTESIAN_POINT('',(-3.299998645782,32.629307455744,2.45));
#8272 = DIRECTION('',(1.,1.762479051592E-15,1.387778780781E-17));
#8273 = DIRECTION('',(1.762374521798E-15,-0.999772884717,
    -2.131147540984E-02));
#8274 = PCURVE('',#3783,#8275);
#8275 = DEFINITIONAL_REPRESENTATION('',(#8276),#8280);
#8276 = LINE('',#8277,#8278);
#8277 = CARTESIAN_POINT('',(1.127570259385E-16,-0.4));
#8278 = VECTOR('',#8279,1.);
#8279 = DIRECTION('',(1.,-1.120110173096E-15));
#8280 = ( GEOMETRIC_REPRESENTATION_CONTEXT(2) 
PARAMETRIC_REPRESENTATION_CONTEXT() REPRESENTATION_CONTEXT('2D SPACE',''
  ) );
#8281 = PCURVE('',#719,#8282);
#8282 = DEFINITIONAL_REPRESENTATION('',(#8283),#8291);
#8283 = ( BOUNDED_CURVE() B_SPLINE_CURVE(2,(#8284,#8285,#8286,#8287,
#8288,#8289,#8290),.UNSPECIFIED.,.T.,.F.) B_SPLINE_CURVE_WITH_KNOTS((1,2
    ,2,2,2,1),(-2.094395102393,0.,2.094395102393,4.188790204786,
6.28318530718,8.377580409573),.UNSPECIFIED.) CURVE() 
GEOMETRIC_REPRESENTATION_ITEM() RATIONAL_B_SPLINE_CURVE((1.,0.5,1.,0.5,
1.,0.5,1.)) REPRESENTATION_ITEM('') );
#8284 = CARTESIAN_POINT('',(-20.59981876076,-4.795081967213E-02));
#8285 = CARTESIAN_POINT('',(-20.6828720167,-3.944180042482));
#8286 = CARTESIAN_POINT('',(-24.01557887465,-1.924139201569));
#8287 = CARTESIAN_POINT('',(-27.34828573261,9.590163934426E-02));
#8288 = CARTESIAN_POINT('',(-23.93252561872,1.972090021241));
#8289 = CARTESIAN_POINT('',(-20.51676550483,3.848278403138));
#8290 = CARTESIAN_POINT('',(-20.59981876076,-4.795081967213E-02));
#8291 = ( GEOMETRIC_REPRESENTATION_CONTEXT(2) 
PARAMETRIC_REPRESENTATION_CONTEXT() REPRESENTATION_CONTEXT('2D SPACE',''
  ) );
#8292 = ORIENTED_EDGE('',*,*,#8293,.T.);
#8293 = EDGE_CURVE('',#8266,#8294,#8296,.T.);
#8294 = VERTEX_POINT('',#8295);
#8295 = CARTESIAN_POINT('',(-2.499998645782,32.629307455744,-0.6));
#8296 = SURFACE_CURVE('',#8297,(#8301,#8308),.PCURVE_S1.);
#8297 = LINE('',#8298,#8299);
#8298 = CARTESIAN_POINT('',(-3.299998645782,32.629307455744,0.2));
#8299 = VECTOR('',#8300,1.);
#8300 = DIRECTION('',(0.707106781187,0.,-0.707106781187));
#8301 = PCURVE('',#3783,#8302);
#8302 = DEFINITIONAL_REPRESENTATION('',(#8303),#8307);
#8303 = LINE('',#8304,#8305);
#8304 = CARTESIAN_POINT('',(1.549483237851,-0.4));
#8305 = VECTOR('',#8306,1.);
#8306 = DIRECTION('',(1.110223024625E-15,1.));
#8307 = ( GEOMETRIC_REPRESENTATION_CONTEXT(2) 
PARAMETRIC_REPRESENTATION_CONTEXT() REPRESENTATION_CONTEXT('2D SPACE',''
  ) );
#8308 = PCURVE('',#3939,#8309);
#8309 = DEFINITIONAL_REPRESENTATION('',(#8310),#8314);
#8310 = LINE('',#8311,#8312);
#8311 = CARTESIAN_POINT('',(0.565685351614,8.999307524885));
#8312 = VECTOR('',#8313,1.);
#8313 = DIRECTION('',(-1.,-1.514615172473E-22));
#8314 = ( GEOMETRIC_REPRESENTATION_CONTEXT(2) 
PARAMETRIC_REPRESENTATION_CONTEXT() REPRESENTATION_CONTEXT('2D SPACE',''
  ) );
#8315 = ORIENTED_EDGE('',*,*,#8316,.T.);
#8316 = EDGE_CURVE('',#8294,#3768,#8317,.T.);
#8317 = SURFACE_CURVE('',#8318,(#8323,#8330),.PCURVE_S1.);
#8318 = CIRCLE('',#8319,3.05);
#8319 = AXIS2_PLACEMENT_3D('',#8320,#8321,#8322);
#8320 = CARTESIAN_POINT('',(-2.499998645782,32.629307455744,2.45));
#8321 = DIRECTION('',(-1.,-1.762479051592E-15,-1.387778780781E-17));
#8322 = DIRECTION('',(1.762374521798E-15,-0.999772884717,
    -2.131147540984E-02));
#8323 = PCURVE('',#3783,#8324);
#8324 = DEFINITIONAL_REPRESENTATION('',(#8325),#8329);
#8325 = LINE('',#8326,#8327);
#8326 = CARTESIAN_POINT('',(6.28318530718,0.4));
#8327 = VECTOR('',#8328,1.);
#8328 = DIRECTION('',(-1.,8.106405647143E-16));
#8329 = ( GEOMETRIC_REPRESENTATION_CONTEXT(2) 
PARAMETRIC_REPRESENTATION_CONTEXT() REPRESENTATION_CONTEXT('2D SPACE',''
  ) );
#8330 = PCURVE('',#49,#8331);
#8331 = DEFINITIONAL_REPRESENTATION('',(#8332),#8336);
#8332 = LINE('',#8333,#8334);
#8333 = CARTESIAN_POINT('',(6.28318530718,-0.599999792576));
#8334 = VECTOR('',#8335,1.);
#8335 = DIRECTION('',(-1.,-2.866047202072E-16));
#8336 = ( GEOMETRIC_REPRESENTATION_CONTEXT(2) 
PARAMETRIC_REPRESENTATION_CONTEXT() REPRESENTATION_CONTEXT('2D SPACE',''
  ) );
#8337 = ADVANCED_FACE('',(#8338),#3939,.T.);
#8338 = FACE_BOUND('',#8339,.T.);
#8339 = EDGE_LOOP('',(#8340,#8341,#8362,#8363));
#8340 = ORIENTED_EDGE('',*,*,#8293,.F.);
#8341 = ORIENTED_EDGE('',*,*,#8342,.T.);
#8342 = EDGE_CURVE('',#8266,#3917,#8343,.T.);
#8343 = SURFACE_CURVE('',#8344,(#8348,#8355),.PCURVE_S1.);
#8344 = LINE('',#8345,#8346);
#8345 = CARTESIAN_POINT('',(-3.299998645782,23.629999930859,0.2));
#8346 = VECTOR('',#8347,1.);
#8347 = DIRECTION('',(-1.762479051592E-15,1.,1.102216608582E-16));
#8348 = PCURVE('',#3939,#8349);
#8349 = DEFINITIONAL_REPRESENTATION('',(#8350),#8354);
#8350 = LINE('',#8351,#8352);
#8351 = CARTESIAN_POINT('',(0.565685351614,1.972152263053E-31));
#8352 = VECTOR('',#8353,1.);
#8353 = DIRECTION('',(1.324199221445E-15,1.));
#8354 = ( GEOMETRIC_REPRESENTATION_CONTEXT(2) 
PARAMETRIC_REPRESENTATION_CONTEXT() REPRESENTATION_CONTEXT('2D SPACE',''
  ) );
#8355 = PCURVE('',#719,#8356);
#8356 = DEFINITIONAL_REPRESENTATION('',(#8357),#8361);
#8357 = LINE('',#8358,#8359);
#8358 = CARTESIAN_POINT('',(-13.85000022649,-2.25));
#8359 = VECTOR('',#8360,1.);
#8360 = DIRECTION('',(-1.,1.067522139063E-16));
#8361 = ( GEOMETRIC_REPRESENTATION_CONTEXT(2) 
PARAMETRIC_REPRESENTATION_CONTEXT() REPRESENTATION_CONTEXT('2D SPACE',''
  ) );
#8362 = ORIENTED_EDGE('',*,*,#3916,.T.);
#8363 = ORIENTED_EDGE('',*,*,#8364,.T.);
#8364 = EDGE_CURVE('',#3919,#8294,#8365,.T.);
#8365 = SURFACE_CURVE('',#8366,(#8370,#8377),.PCURVE_S1.);
#8366 = LINE('',#8367,#8368);
#8367 = CARTESIAN_POINT('',(-2.499998853207,23.629999930859,-0.6));
#8368 = VECTOR('',#8369,1.);
#8369 = DIRECTION('',(1.762479051592E-15,-1.,-1.102216608582E-16));
#8370 = PCURVE('',#3939,#8371);
#8371 = DEFINITIONAL_REPRESENTATION('',(#8372),#8376);
#8372 = LINE('',#8373,#8374);
#8373 = CARTESIAN_POINT('',(-0.565685351614,-4.930380657631E-32));
#8374 = VECTOR('',#8375,1.);
#8375 = DIRECTION('',(-1.324199221445E-15,-1.));
#8376 = ( GEOMETRIC_REPRESENTATION_CONTEXT(2) 
PARAMETRIC_REPRESENTATION_CONTEXT() REPRESENTATION_CONTEXT('2D SPACE',''
  ) );
#8377 = PCURVE('',#99,#8378);
#8378 = DEFINITIONAL_REPRESENTATION('',(#8379),#8383);
#8379 = LINE('',#8380,#8381);
#8380 = CARTESIAN_POINT('',(13.850000226498,0.8));
#8381 = VECTOR('',#8382,1.);
#8382 = DIRECTION('',(1.,3.05926564243E-33));
#8383 = ( GEOMETRIC_REPRESENTATION_CONTEXT(2) 
PARAMETRIC_REPRESENTATION_CONTEXT() REPRESENTATION_CONTEXT('2D SPACE',''
  ) );
#8384 = ADVANCED_FACE('',(#8385),#719,.T.);
#8385 = FACE_BOUND('',#8386,.T.);
#8386 = EDGE_LOOP('',(#8387,#8388,#8389,#8390,#8414,#8437,#8459,#8460,
    #8461));
#8387 = ORIENTED_EDGE('',*,*,#8342,.F.);
#8388 = ORIENTED_EDGE('',*,*,#8265,.F.);
#8389 = ORIENTED_EDGE('',*,*,#3744,.T.);
#8390 = ORIENTED_EDGE('',*,*,#8391,.F.);
#8391 = EDGE_CURVE('',#8392,#3717,#8394,.T.);
#8392 = VERTEX_POINT('',#8393);
#8393 = CARTESIAN_POINT('',(-3.299998853207,33.628309013369,1.2));
#8394 = SURFACE_CURVE('',#8395,(#8400,#8407),.PCURVE_S1.);
#8395 = CIRCLE('',#8396,1.25);
#8396 = AXIS2_PLACEMENT_3D('',#8397,#8398,#8399);
#8397 = CARTESIAN_POINT('',(-3.299998645782,33.628309013369,2.45));
#8398 = DIRECTION('',(-1.,-1.762479051592E-15,-1.387778780781E-17));
#8399 = DIRECTION('',(1.760816211878E-15,-0.99864708481,-5.2E-02));
#8400 = PCURVE('',#719,#8401);
#8401 = DEFINITIONAL_REPRESENTATION('',(#8402),#8406);
#8402 = CIRCLE('',#8403,1.25);
#8403 = AXIS2_PLACEMENT_2D('',#8404,#8405);
#8404 = CARTESIAN_POINT('',(-23.848309309,-8.274044404139E-17));
#8405 = DIRECTION('',(0.99864708481,-5.2E-02));
#8406 = ( GEOMETRIC_REPRESENTATION_CONTEXT(2) 
PARAMETRIC_REPRESENTATION_CONTEXT() REPRESENTATION_CONTEXT('2D SPACE',''
  ) );
#8407 = PCURVE('',#3732,#8408);
#8408 = DEFINITIONAL_REPRESENTATION('',(#8409),#8413);
#8409 = LINE('',#8410,#8411);
#8410 = CARTESIAN_POINT('',(6.28318530718,-1.399999792576));
#8411 = VECTOR('',#8412,1.);
#8412 = DIRECTION('',(-1.,0.));
#8413 = ( GEOMETRIC_REPRESENTATION_CONTEXT(2) 
PARAMETRIC_REPRESENTATION_CONTEXT() REPRESENTATION_CONTEXT('2D SPACE',''
  ) );
#8414 = ORIENTED_EDGE('',*,*,#8415,.T.);
#8415 = EDGE_CURVE('',#8392,#8416,#8418,.T.);
#8416 = VERTEX_POINT('',#8417);
#8417 = CARTESIAN_POINT('',(-3.299998853207,38.731691301343,1.2));
#8418 = SURFACE_CURVE('',#8419,(#8423,#8430),.PCURVE_S1.);
#8419 = LINE('',#8420,#8421);
#8420 = CARTESIAN_POINT('',(-3.299998853207,34.880000157356,1.2));
#8421 = VECTOR('',#8422,1.);
#8422 = DIRECTION('',(-1.762479051592E-15,1.,1.102216608582E-16));
#8423 = PCURVE('',#719,#8424);
#8424 = DEFINITIONAL_REPRESENTATION('',(#8425),#8429);
#8425 = LINE('',#8426,#8427);
#8426 = CARTESIAN_POINT('',(-25.10000045299,-1.25));
#8427 = VECTOR('',#8428,1.);
#8428 = DIRECTION('',(-1.,1.067522139063E-16));
#8429 = ( GEOMETRIC_REPRESENTATION_CONTEXT(2) 
PARAMETRIC_REPRESENTATION_CONTEXT() REPRESENTATION_CONTEXT('2D SPACE',''
  ) );
#8430 = PCURVE('',#6053,#8431);
#8431 = DEFINITIONAL_REPRESENTATION('',(#8432),#8436);
#8432 = LINE('',#8433,#8434);
#8433 = CARTESIAN_POINT('',(2.599999990463,-38.79999768972));
#8434 = VECTOR('',#8435,1.);
#8435 = DIRECTION('',(-1.,-1.873501354055E-15));
#8436 = ( GEOMETRIC_REPRESENTATION_CONTEXT(2) 
PARAMETRIC_REPRESENTATION_CONTEXT() REPRESENTATION_CONTEXT('2D SPACE',''
  ) );
#8437 = ORIENTED_EDGE('',*,*,#8438,.F.);
#8438 = EDGE_CURVE('',#704,#8416,#8439,.T.);
#8439 = SURFACE_CURVE('',#8440,(#8445,#8452),.PCURVE_S1.);
#8440 = CIRCLE('',#8441,1.25);
#8441 = AXIS2_PLACEMENT_3D('',#8442,#8443,#8444);
#8442 = CARTESIAN_POINT('',(-3.299998645782,38.731691301343,2.45));
#8443 = DIRECTION('',(-1.,-1.762479051592E-15,-1.387778780781E-17));
#8444 = DIRECTION('',(-1.759372921946E-15,0.99864708481,-5.2E-02));
#8445 = PCURVE('',#719,#8446);
#8446 = DEFINITIONAL_REPRESENTATION('',(#8447),#8451);
#8447 = CIRCLE('',#8448,1.25);
#8448 = AXIS2_PLACEMENT_2D('',#8449,#8450);
#8449 = CARTESIAN_POINT('',(-28.95169159698,-1.004463581651E-16));
#8450 = DIRECTION('',(-0.99864708481,-5.2E-02));
#8451 = ( GEOMETRIC_REPRESENTATION_CONTEXT(2) 
PARAMETRIC_REPRESENTATION_CONTEXT() REPRESENTATION_CONTEXT('2D SPACE',''
  ) );
#8452 = PCURVE('',#747,#8453);
#8453 = DEFINITIONAL_REPRESENTATION('',(#8454),#8458);
#8454 = LINE('',#8455,#8456);
#8455 = CARTESIAN_POINT('',(0.,1.399999792576));
#8456 = VECTOR('',#8457,1.);
#8457 = DIRECTION('',(1.,2.924000161598E-16));
#8458 = ( GEOMETRIC_REPRESENTATION_CONTEXT(2) 
PARAMETRIC_REPRESENTATION_CONTEXT() REPRESENTATION_CONTEXT('2D SPACE',''
  ) );
#8459 = ORIENTED_EDGE('',*,*,#703,.T.);
#8460 = ORIENTED_EDGE('',*,*,#4045,.T.);
#8461 = ORIENTED_EDGE('',*,*,#3951,.T.);
#8462 = ADVANCED_FACE('',(#8463),#99,.T.);
#8463 = FACE_BOUND('',#8464,.T.);
#8464 = EDGE_LOOP('',(#8465,#8466,#8467,#8468,#8469));
#8465 = ORIENTED_EDGE('',*,*,#8364,.F.);
#8466 = ORIENTED_EDGE('',*,*,#3997,.T.);
#8467 = ORIENTED_EDGE('',*,*,#4100,.T.);
#8468 = ORIENTED_EDGE('',*,*,#83,.F.);
#8469 = ORIENTED_EDGE('',*,*,#8470,.F.);
#8470 = EDGE_CURVE('',#8294,#24,#8471,.T.);
#8471 = SURFACE_CURVE('',#8472,(#8476,#8483),.PCURVE_S1.);
#8472 = LINE('',#8473,#8474);
#8473 = CARTESIAN_POINT('',(-1.899998853207,32.629307455744,-0.6));
#8474 = VECTOR('',#8475,1.);
#8475 = DIRECTION('',(1.,1.873501354055E-15,2.775557561563E-17));
#8476 = PCURVE('',#99,#8477);
#8477 = DEFINITIONAL_REPRESENTATION('',(#8478),#8482);
#8478 = LINE('',#8479,#8480);
#8479 = CARTESIAN_POINT('',(4.850692701612,0.2));
#8480 = VECTOR('',#8481,1.);
#8481 = DIRECTION('',(-1.110223024625E-16,-1.));
#8482 = ( GEOMETRIC_REPRESENTATION_CONTEXT(2) 
PARAMETRIC_REPRESENTATION_CONTEXT() REPRESENTATION_CONTEXT('2D SPACE',''
  ) );
#8483 = PCURVE('',#49,#8484);
#8484 = DEFINITIONAL_REPRESENTATION('',(#8485),#8489);
#8485 = LINE('',#8486,#8487);
#8486 = CARTESIAN_POINT('',(1.549483237851,2.22044604925E-16));
#8487 = VECTOR('',#8488,1.);
#8488 = DIRECTION('',(-2.571046458875E-15,1.));
#8489 = ( GEOMETRIC_REPRESENTATION_CONTEXT(2) 
PARAMETRIC_REPRESENTATION_CONTEXT() REPRESENTATION_CONTEXT('2D SPACE',''
  ) );
#8490 = ADVANCED_FACE('',(#8491),#49,.T.);
#8491 = FACE_BOUND('',#8492,.T.);
#8492 = EDGE_LOOP('',(#8493,#8494,#8495,#8496,#8497));
#8493 = ORIENTED_EDGE('',*,*,#8316,.F.);
#8494 = ORIENTED_EDGE('',*,*,#8470,.T.);
#8495 = ORIENTED_EDGE('',*,*,#21,.F.);
#8496 = ORIENTED_EDGE('',*,*,#3516,.F.);
#8497 = ORIENTED_EDGE('',*,*,#3817,.T.);
#8498 = ADVANCED_FACE('',(#8499),#3732,.F.);
#8499 = FACE_BOUND('',#8500,.F.);
#8500 = EDGE_LOOP('',(#8501,#8502,#8503,#8524));
#8501 = ORIENTED_EDGE('',*,*,#3716,.F.);
#8502 = ORIENTED_EDGE('',*,*,#8391,.F.);
#8503 = ORIENTED_EDGE('',*,*,#8504,.F.);
#8504 = EDGE_CURVE('',#6038,#8392,#8505,.T.);
#8505 = SURFACE_CURVE('',#8506,(#8510,#8517),.PCURVE_S1.);
#8506 = LINE('',#8507,#8508);
#8507 = CARTESIAN_POINT('',(-1.899998853207,33.628309013369,1.2));
#8508 = VECTOR('',#8509,1.);
#8509 = DIRECTION('',(-1.,-1.873501354055E-15,2.000004173018E-31));
#8510 = PCURVE('',#3732,#8511);
#8511 = DEFINITIONAL_REPRESENTATION('',(#8512),#8516);
#8512 = LINE('',#8513,#8514);
#8513 = CARTESIAN_POINT('',(1.518772863567,0.));
#8514 = VECTOR('',#8515,1.);
#8515 = DIRECTION('',(3.608224830032E-15,-1.));
#8516 = ( GEOMETRIC_REPRESENTATION_CONTEXT(2) 
PARAMETRIC_REPRESENTATION_CONTEXT() REPRESENTATION_CONTEXT('2D SPACE',''
  ) );
#8517 = PCURVE('',#6053,#8518);
#8518 = DEFINITIONAL_REPRESENTATION('',(#8519),#8523);
#8519 = LINE('',#8520,#8521);
#8520 = CARTESIAN_POINT('',(3.85169113445,-37.39999768972));
#8521 = VECTOR('',#8522,1.);
#8522 = DIRECTION('',(1.984523656517E-15,-1.));
#8523 = ( GEOMETRIC_REPRESENTATION_CONTEXT(2) 
PARAMETRIC_REPRESENTATION_CONTEXT() REPRESENTATION_CONTEXT('2D SPACE',''
  ) );
#8524 = ORIENTED_EDGE('',*,*,#6065,.F.);
#8525 = ADVANCED_FACE('',(#8526),#747,.F.);
#8526 = FACE_BOUND('',#8527,.F.);
#8527 = EDGE_LOOP('',(#8528,#8529,#8530,#8551));
#8528 = ORIENTED_EDGE('',*,*,#731,.F.);
#8529 = ORIENTED_EDGE('',*,*,#6009,.F.);
#8530 = ORIENTED_EDGE('',*,*,#8531,.F.);
#8531 = EDGE_CURVE('',#8416,#6010,#8532,.T.);
#8532 = SURFACE_CURVE('',#8533,(#8537,#8544),.PCURVE_S1.);
#8533 = LINE('',#8534,#8535);
#8534 = CARTESIAN_POINT('',(-1.899998853207,38.731691301343,1.2));
#8535 = VECTOR('',#8536,1.);
#8536 = DIRECTION('',(1.,1.873501354055E-15,-2.000004173018E-31));
#8537 = PCURVE('',#747,#8538);
#8538 = DEFINITIONAL_REPRESENTATION('',(#8539),#8543);
#8539 = LINE('',#8540,#8541);
#8540 = CARTESIAN_POINT('',(1.518772863567,2.22044604925E-16));
#8541 = VECTOR('',#8542,1.);
#8542 = DIRECTION('',(3.608224830032E-15,-1.));
#8543 = ( GEOMETRIC_REPRESENTATION_CONTEXT(2) 
PARAMETRIC_REPRESENTATION_CONTEXT() REPRESENTATION_CONTEXT('2D SPACE',''
  ) );
#8544 = PCURVE('',#6053,#8545);
#8545 = DEFINITIONAL_REPRESENTATION('',(#8546),#8550);
#8546 = LINE('',#8547,#8548);
#8547 = CARTESIAN_POINT('',(-1.251691153524,-37.39999768972));
#8548 = VECTOR('',#8549,1.);
#8549 = DIRECTION('',(-1.984523656517E-15,1.));
#8550 = ( GEOMETRIC_REPRESENTATION_CONTEXT(2) 
PARAMETRIC_REPRESENTATION_CONTEXT() REPRESENTATION_CONTEXT('2D SPACE',''
  ) );
#8551 = ORIENTED_EDGE('',*,*,#8438,.F.);
#8552 = ADVANCED_FACE('',(#8553),#6053,.T.);
#8553 = FACE_BOUND('',#8554,.T.);
#8554 = EDGE_LOOP('',(#8555,#8556,#8557,#8558));
#8555 = ORIENTED_EDGE('',*,*,#8504,.F.);
#8556 = ORIENTED_EDGE('',*,*,#6037,.T.);
#8557 = ORIENTED_EDGE('',*,*,#8531,.F.);
#8558 = ORIENTED_EDGE('',*,*,#8415,.F.);
#8559 = ADVANCED_FACE('',(#8560),#182,.T.);
#8560 = FACE_BOUND('',#8561,.T.);
#8561 = EDGE_LOOP('',(#8562,#8563,#8564));
#8562 = ORIENTED_EDGE('',*,*,#4073,.T.);
#8563 = ORIENTED_EDGE('',*,*,#606,.F.);
#8564 = ORIENTED_EDGE('',*,*,#166,.F.);
#8565 = ADVANCED_FACE('',(#8566),#6977,.T.);
#8566 = FACE_BOUND('',#8567,.T.);
#8567 = EDGE_LOOP('',(#8568,#8594,#8615,#8616));
#8568 = ORIENTED_EDGE('',*,*,#8569,.T.);
#8569 = EDGE_CURVE('',#8570,#8572,#8574,.T.);
#8570 = VERTEX_POINT('',#8571);
#8571 = CARTESIAN_POINT('',(33.280111584104,1.761111111112,-2.05));
#8572 = VERTEX_POINT('',#8573);
#8573 = CARTESIAN_POINT('',(33.9,3.9,-2.05));
#8574 = SURFACE_CURVE('',#8575,(#8580,#8587),.PCURVE_S1.);
#8575 = CIRCLE('',#8576,4.);
#8576 = AXIS2_PLACEMENT_3D('',#8577,#8578,#8579);
#8577 = CARTESIAN_POINT('',(29.9,3.9,-2.05));
#8578 = DIRECTION('',(-0.,0.,1.));
#8579 = DIRECTION('',(0.707106781187,-0.707106781187,0.));
#8580 = PCURVE('',#6977,#8581);
#8581 = DEFINITIONAL_REPRESENTATION('',(#8582),#8586);
#8582 = LINE('',#8583,#8584);
#8583 = CARTESIAN_POINT('',(-4.718447854657E-16,-0.8));
#8584 = VECTOR('',#8585,1.);
#8585 = DIRECTION('',(1.,-1.113187466415E-15));
#8586 = ( GEOMETRIC_REPRESENTATION_CONTEXT(2) 
PARAMETRIC_REPRESENTATION_CONTEXT() REPRESENTATION_CONTEXT('2D SPACE',''
  ) );
#8587 = PCURVE('',#238,#8588);
#8588 = DEFINITIONAL_REPRESENTATION('',(#8589),#8593);
#8589 = CIRCLE('',#8590,4.);
#8590 = AXIS2_PLACEMENT_2D('',#8591,#8592);
#8591 = CARTESIAN_POINT('',(-13.,19.08));
#8592 = DIRECTION('',(-0.707106781187,0.707106781187));
#8593 = ( GEOMETRIC_REPRESENTATION_CONTEXT(2) 
PARAMETRIC_REPRESENTATION_CONTEXT() REPRESENTATION_CONTEXT('2D SPACE',''
  ) );
#8594 = ORIENTED_EDGE('',*,*,#8595,.T.);
#8595 = EDGE_CURVE('',#8572,#6961,#8596,.T.);
#8596 = SURFACE_CURVE('',#8597,(#8601,#8608),.PCURVE_S1.);
#8597 = LINE('',#8598,#8599);
#8598 = CARTESIAN_POINT('',(33.9,3.9,-2.05));
#8599 = VECTOR('',#8600,1.);
#8600 = DIRECTION('',(0.707106781187,0.,0.707106781187));
#8601 = PCURVE('',#6977,#8602);
#8602 = DEFINITIONAL_REPRESENTATION('',(#8603),#8607);
#8603 = LINE('',#8604,#8605);
#8604 = CARTESIAN_POINT('',(0.785398163397,-0.8));
#8605 = VECTOR('',#8606,1.);
#8606 = DIRECTION('',(0.,1.));
#8607 = ( GEOMETRIC_REPRESENTATION_CONTEXT(2) 
PARAMETRIC_REPRESENTATION_CONTEXT() REPRESENTATION_CONTEXT('2D SPACE',''
  ) );
#8608 = PCURVE('',#1557,#8609);
#8609 = DEFINITIONAL_REPRESENTATION('',(#8610),#8614);
#8610 = LINE('',#8611,#8612);
#8611 = CARTESIAN_POINT('',(1.131370849898,-28.57));
#8612 = VECTOR('',#8613,1.);
#8613 = DIRECTION('',(-1.,-2.465190328816E-31));
#8614 = ( GEOMETRIC_REPRESENTATION_CONTEXT(2) 
PARAMETRIC_REPRESENTATION_CONTEXT() REPRESENTATION_CONTEXT('2D SPACE',''
  ) );
#8615 = ORIENTED_EDGE('',*,*,#6960,.T.);
#8616 = ORIENTED_EDGE('',*,*,#8617,.T.);
#8617 = EDGE_CURVE('',#6938,#8570,#8618,.T.);
#8618 = SURFACE_CURVE('',#8619,(#8624,#8653),.PCURVE_S1.);
#8619 = B_SPLINE_CURVE_WITH_KNOTS('',3,(#8620,#8621,#8622,#8623),
  .UNSPECIFIED.,.F.,.F.,(4,4),(-0.22049733995,0.),
  .PIECEWISE_BEZIER_KNOTS.);
#8620 = CARTESIAN_POINT('',(34.720529016613,1.050000000001,-0.45));
#8621 = CARTESIAN_POINT('',(34.261668742781,1.276866591239,
    -0.960449830287));
#8622 = CARTESIAN_POINT('',(33.747644631512,1.530781964141,
    -1.531759419315));
#8623 = CARTESIAN_POINT('',(33.280111584104,1.761111111112,-2.05));
#8624 = PCURVE('',#6977,#8625);
#8625 = DEFINITIONAL_REPRESENTATION('',(#8626),#8652);
#8626 = B_SPLINE_CURVE_WITH_KNOTS('',3,(#8627,#8628,#8629,#8630,#8631,
    #8632,#8633,#8634,#8635,#8636,#8637,#8638,#8639,#8640,#8641,#8642,
    #8643,#8644,#8645,#8646,#8647,#8648,#8649,#8650,#8651),
  .UNSPECIFIED.,.F.,.F.,(4,1,1,1,1,1,1,1,1,1,1,1,1,1,1,1,1,1,1,1,1,1,4),
  (-0.22049733995,-0.210474733588,-0.200452127227,-0.190429520866,
    -0.180406914504,-0.170384308143,-0.160361701782,-0.15033909542,
    -0.140316489059,-0.130293882697,-0.120271276336,-0.110248669975,
    -0.100226063613,-9.020345725211E-02,-8.018085089077E-02,
    -7.015824452942E-02,-6.013563816807E-02,-5.011303180673E-02,
    -4.009042544538E-02,-3.006781908404E-02,-2.004521272269E-02,
    -1.002260636135E-02,0.),.QUASI_UNIFORM_KNOTS.);
#8627 = CARTESIAN_POINT('',(0.251458508416,0.8));
#8628 = CARTESIAN_POINT('',(0.251148130176,0.776797735224));
#8629 = CARTESIAN_POINT('',(0.25051613041,0.730141718162));
#8630 = CARTESIAN_POINT('',(0.249533546506,0.659467421208));
#8631 = CARTESIAN_POINT('',(0.248515532884,0.588167042978));
#8632 = CARTESIAN_POINT('',(0.247461212832,0.516304777358));
#8633 = CARTESIAN_POINT('',(0.24636969144,0.443944820514));
#8634 = CARTESIAN_POINT('',(0.245240054815,0.371151371058));
#8635 = CARTESIAN_POINT('',(0.24407137347,0.297988629703));
#8636 = CARTESIAN_POINT('',(0.242862705146,0.224520799005));
#8637 = CARTESIAN_POINT('',(0.241613098393,0.150812083019));
#8638 = CARTESIAN_POINT('',(0.240321596642,7.692668690303E-02));
#8639 = CARTESIAN_POINT('',(0.238987242917,2.928816461099E-03));
#8640 = CARTESIAN_POINT('',(0.237609085241,-7.111732239015E-02));
#8641 = CARTESIAN_POINT('',(0.236186182822,-0.145147524234));
#8642 = CARTESIAN_POINT('',(0.234717613105,-0.219097584855));
#8643 = CARTESIAN_POINT('',(0.233202479773,-0.292903302046));
#8644 = CARTESIAN_POINT('',(0.231639921825,-0.366500476521));
#8645 = CARTESIAN_POINT('',(0.230029123712,-0.439824912941));
#8646 = CARTESIAN_POINT('',(0.228369327142,-0.512812421125));
#8647 = CARTESIAN_POINT('',(0.226659842736,-0.58539881724));
#8648 = CARTESIAN_POINT('',(0.224900068907,-0.657519925727));
#8649 = CARTESIAN_POINT('',(0.223089490961,-0.729111579299));
#8650 = CARTESIAN_POINT('',(0.221848338158,-0.776443611056));
#8651 = CARTESIAN_POINT('',(0.221219170711,-0.8));
#8652 = ( GEOMETRIC_REPRESENTATION_CONTEXT(2) 
PARAMETRIC_REPRESENTATION_CONTEXT() REPRESENTATION_CONTEXT('2D SPACE',''
  ) );
#8653 = PCURVE('',#8654,#8659);
#8654 = CONICAL_SURFACE('',#8655,4.4,0.785398163397);
#8655 = AXIS2_PLACEMENT_3D('',#8656,#8657,#8658);
#8656 = CARTESIAN_POINT('',(29.9,3.,-1.25));
#8657 = DIRECTION('',(0.,0.,1.));
#8658 = DIRECTION('',(1.,0.,0.));
#8659 = DEFINITIONAL_REPRESENTATION('',(#8660),#8686);
#8660 = B_SPLINE_CURVE_WITH_KNOTS('',3,(#8661,#8662,#8663,#8664,#8665,
    #8666,#8667,#8668,#8669,#8670,#8671,#8672,#8673,#8674,#8675,#8676,
    #8677,#8678,#8679,#8680,#8681,#8682,#8683,#8684,#8685),
  .UNSPECIFIED.,.F.,.F.,(4,1,1,1,1,1,1,1,1,1,1,1,1,1,1,1,1,1,1,1,1,1,4),
  (-0.22049733995,-0.210474733588,-0.200452127227,-0.190429520866,
    -0.180406914504,-0.170384308143,-0.160361701782,-0.15033909542,
    -0.140316489059,-0.130293882697,-0.120271276336,-0.110248669975,
    -0.100226063613,-9.020345725211E-02,-8.018085089077E-02,
    -7.015824452942E-02,-6.013563816807E-02,-5.011303180673E-02,
    -4.009042544538E-02,-3.006781908404E-02,-2.004521272269E-02,
    -1.002260636135E-02,0.),.QUASI_UNIFORM_KNOTS.);
#8661 = CARTESIAN_POINT('',(5.898788532684,0.8));
#8662 = CARTESIAN_POINT('',(5.899122786921,0.77679773524));
#8663 = CARTESIAN_POINT('',(5.899803720314,0.73014171815));
#8664 = CARTESIAN_POINT('',(5.900863430706,0.65946742045));
#8665 = CARTESIAN_POINT('',(5.901962473691,0.588167040175));
#8666 = CARTESIAN_POINT('',(5.903101917943,0.516304770871));
#8667 = CARTESIAN_POINT('',(5.904282860721,0.44394480854));
#8668 = CARTESIAN_POINT('',(5.905506430378,0.37115135182));
#8669 = CARTESIAN_POINT('',(5.906773782896,0.297988601633));
#8670 = CARTESIAN_POINT('',(5.908086099422,0.224520760914));
#8671 = CARTESIAN_POINT('',(5.90944458283,0.150812034254));
#8672 = CARTESIAN_POINT('',(5.910850453753,7.692662748085E-02));
#8673 = CARTESIAN_POINT('',(5.912304945847,2.92874717383E-03));
#8674 = CARTESIAN_POINT('',(5.913809300223,-7.111739991133E-02));
#8675 = CARTESIAN_POINT('',(5.915364758932,-0.145147607506));
#8676 = CARTESIAN_POINT('',(5.91697255738,-0.219097670598));
#8677 = CARTESIAN_POINT('',(5.918633915547,-0.29290338632));
#8678 = CARTESIAN_POINT('',(5.920350027826,-0.366500554965));
#8679 = CARTESIAN_POINT('',(5.922122051479,-0.439824981148));
#8680 = CARTESIAN_POINT('',(5.92395109297,-0.512812475162));
#8681 = CARTESIAN_POINT('',(5.9258381941,-0.585398854357));
#8682 = CARTESIAN_POINT('',(5.927784309913,-0.657519945341));
#8683 = CARTESIAN_POINT('',(5.929790307406,-0.729111584026));
#8684 = CARTESIAN_POINT('',(5.931168019628,-0.776443611209));
#8685 = CARTESIAN_POINT('',(5.931867094207,-0.8));
#8686 = ( GEOMETRIC_REPRESENTATION_CONTEXT(2) 
PARAMETRIC_REPRESENTATION_CONTEXT() REPRESENTATION_CONTEXT('2D SPACE',''
  ) );
#8687 = ADVANCED_FACE('',(#8688),#8703,.T.);
#8688 = FACE_BOUND('',#8689,.T.);
#8689 = EDGE_LOOP('',(#8690,#8721,#8773,#8795));
#8690 = ORIENTED_EDGE('',*,*,#8691,.T.);
#8691 = EDGE_CURVE('',#8692,#8694,#8696,.T.);
#8692 = VERTEX_POINT('',#8693);
#8693 = CARTESIAN_POINT('',(33.280111584104,44.198888888888,-2.05));
#8694 = VERTEX_POINT('',#8695);
#8695 = CARTESIAN_POINT('',(28.069699478228,46.06,-2.05));
#8696 = SURFACE_CURVE('',#8697,(#8702,#8714),.PCURVE_S1.);
#8697 = CIRCLE('',#8698,3.6);
#8698 = AXIS2_PLACEMENT_3D('',#8699,#8700,#8701);
#8699 = CARTESIAN_POINT('',(29.9,42.96,-2.05));
#8700 = DIRECTION('',(0.,0.,1.));
#8701 = DIRECTION('',(1.,0.,0.));
#8702 = PCURVE('',#8703,#8708);
#8703 = CONICAL_SURFACE('',#8704,4.4,0.785398163397);
#8704 = AXIS2_PLACEMENT_3D('',#8705,#8706,#8707);
#8705 = CARTESIAN_POINT('',(29.9,42.96,-1.25));
#8706 = DIRECTION('',(0.,0.,1.));
#8707 = DIRECTION('',(1.,0.,0.));
#8708 = DEFINITIONAL_REPRESENTATION('',(#8709),#8713);
#8709 = LINE('',#8710,#8711);
#8710 = CARTESIAN_POINT('',(8.881784197001E-16,-0.8));
#8711 = VECTOR('',#8712,1.);
#8712 = DIRECTION('',(1.,-8.061754782937E-16));
#8713 = ( GEOMETRIC_REPRESENTATION_CONTEXT(2) 
PARAMETRIC_REPRESENTATION_CONTEXT() REPRESENTATION_CONTEXT('2D SPACE',''
  ) );
#8714 = PCURVE('',#4552,#8715);
#8715 = DEFINITIONAL_REPRESENTATION('',(#8716),#8720);
#8716 = LINE('',#8717,#8718);
#8717 = CARTESIAN_POINT('',(7.742643395059,0.));
#8718 = VECTOR('',#8719,1.);
#8719 = DIRECTION('',(-1.,0.));
#8720 = ( GEOMETRIC_REPRESENTATION_CONTEXT(2) 
PARAMETRIC_REPRESENTATION_CONTEXT() REPRESENTATION_CONTEXT('2D SPACE',''
  ) );
#8721 = ORIENTED_EDGE('',*,*,#8722,.T.);
#8722 = EDGE_CURVE('',#8694,#8723,#8725,.T.);
#8723 = VERTEX_POINT('',#8724);
#8724 = CARTESIAN_POINT('',(27.675140453871,47.66,-0.45));
#8725 = SURFACE_CURVE('',#8726,(#8731,#8760),.PCURVE_S1.);
#8726 = B_SPLINE_CURVE_WITH_KNOTS('',3,(#8727,#8728,#8729,#8730),
  .UNSPECIFIED.,.F.,.F.,(4,4),(-0.227064510661,0.),
  .PIECEWISE_BEZIER_KNOTS.);
#8727 = CARTESIAN_POINT('',(28.069699478228,46.06,-2.05));
#8728 = CARTESIAN_POINT('',(27.926062496554,46.585797685006,
    -1.524202314994));
#8729 = CARTESIAN_POINT('',(27.793926380366,47.131435994984,
    -0.978564005016));
#8730 = CARTESIAN_POINT('',(27.675140453871,47.66,-0.45));
#8731 = PCURVE('',#8703,#8732);
#8732 = DEFINITIONAL_REPRESENTATION('',(#8733),#8759);
#8733 = B_SPLINE_CURVE_WITH_KNOTS('',3,(#8734,#8735,#8736,#8737,#8738,
    #8739,#8740,#8741,#8742,#8743,#8744,#8745,#8746,#8747,#8748,#8749,
    #8750,#8751,#8752,#8753,#8754,#8755,#8756,#8757,#8758),
  .UNSPECIFIED.,.F.,.F.,(4,1,1,1,1,1,1,1,1,1,1,1,1,1,1,1,1,1,1,1,1,1,4),
  (-0.227064510661,-0.21674339654,-0.206422282419,-0.196101168298,
    -0.185780054177,-0.175458940056,-0.165137825935,-0.154816711814,
    -0.144495597693,-0.134174483572,-0.123853369451,-0.113532255331,
    -0.10321114121,-9.28900270886E-02,-8.256891296764E-02,
    -7.224779884669E-02,-6.192668472573E-02,-5.160557060478E-02,
    -4.128445648382E-02,-3.096334236287E-02,-2.064222824191E-02,
    -1.032111412096E-02,0.),.UNSPECIFIED.);
#8734 = CARTESIAN_POINT('',(2.104141575706,-0.8));
#8735 = CARTESIAN_POINT('',(2.102327996313,-0.776100105529));
#8736 = CARTESIAN_POINT('',(2.098750060608,-0.728218342559));
#8737 = CARTESIAN_POINT('',(2.093526000048,-0.656170564729));
#8738 = CARTESIAN_POINT('',(2.088439870171,-0.583918440934));
#8739 = CARTESIAN_POINT('',(2.08348705991,-0.511482763134));
#8740 = CARTESIAN_POINT('',(2.078663141468,-0.438884325649));
#8741 = CARTESIAN_POINT('',(2.073963888541,-0.366143925189));
#8742 = CARTESIAN_POINT('',(2.069385258801,-0.29328236034));
#8743 = CARTESIAN_POINT('',(2.064923386687,-0.220320431252));
#8744 = CARTESIAN_POINT('',(2.060574574095,-0.14727893931));
#8745 = CARTESIAN_POINT('',(2.056335282277,-7.417868684953E-02));
#8746 = CARTESIAN_POINT('',(2.052202124003,-1.040476901432E-03));
#8747 = CARTESIAN_POINT('',(2.048171856227,7.211488704738E-02));
#8748 = CARTESIAN_POINT('',(2.044241373133,0.145266601265));
#8749 = CARTESIAN_POINT('',(2.040407699588,0.218393861969));
#8750 = CARTESIAN_POINT('',(2.036667984943,0.291475865502));
#8751 = CARTESIAN_POINT('',(2.033019497204,0.364491808495));
#8752 = CARTESIAN_POINT('',(2.029459617448,0.437420888015));
#8753 = CARTESIAN_POINT('',(2.025985834809,0.5102423017));
#8754 = CARTESIAN_POINT('',(2.022595740762,0.582935247875));
#8755 = CARTESIAN_POINT('',(2.019287027391,0.655478925708));
#8756 = CARTESIAN_POINT('',(2.016057472,0.727852535171));
#8757 = CARTESIAN_POINT('',(2.013955806613,0.775974363499));
#8758 = CARTESIAN_POINT('',(2.012917460882,0.8));
#8759 = ( GEOMETRIC_REPRESENTATION_CONTEXT(2) 
PARAMETRIC_REPRESENTATION_CONTEXT() REPRESENTATION_CONTEXT('2D SPACE',''
  ) );
#8760 = PCURVE('',#8761,#8766);
#8761 = PLANE('',#8762);
#8762 = AXIS2_PLACEMENT_3D('',#8763,#8764,#8765);
#8763 = CARTESIAN_POINT('',(10.45,46.86,-1.25));
#8764 = DIRECTION('',(2.434251873928E-16,0.707106781187,-0.707106781187)
  );
#8765 = DIRECTION('',(-1.,-3.451266460342E-31,-3.442552014342E-16));
#8766 = DEFINITIONAL_REPRESENTATION('',(#8767),#8772);
#8767 = B_SPLINE_CURVE_WITH_KNOTS('',3,(#8768,#8769,#8770,#8771),
  .UNSPECIFIED.,.F.,.F.,(4,4),(-0.227064510661,0.),
  .PIECEWISE_BEZIER_KNOTS.);
#8768 = CARTESIAN_POINT('',(-17.61969947822,-1.131370849898));
#8769 = CARTESIAN_POINT('',(-17.47606249655,-0.387780632699));
#8770 = CARTESIAN_POINT('',(-17.34392638036,0.383868465423));
#8771 = CARTESIAN_POINT('',(-17.22514045387,1.131370849898));
#8772 = ( GEOMETRIC_REPRESENTATION_CONTEXT(2) 
PARAMETRIC_REPRESENTATION_CONTEXT() REPRESENTATION_CONTEXT('2D SPACE',''
  ) );
#8773 = ORIENTED_EDGE('',*,*,#8774,.T.);
#8774 = EDGE_CURVE('',#8723,#6836,#8775,.T.);
#8775 = SURFACE_CURVE('',#8776,(#8781,#8788),.PCURVE_S1.);
#8776 = CIRCLE('',#8777,5.2);
#8777 = AXIS2_PLACEMENT_3D('',#8778,#8779,#8780);
#8778 = CARTESIAN_POINT('',(29.9,42.96,-0.45));
#8779 = DIRECTION('',(0.,0.,-1.));
#8780 = DIRECTION('',(1.,0.,0.));
#8781 = PCURVE('',#8703,#8782);
#8782 = DEFINITIONAL_REPRESENTATION('',(#8783),#8787);
#8783 = LINE('',#8784,#8785);
#8784 = CARTESIAN_POINT('',(6.28318530718,0.8));
#8785 = VECTOR('',#8786,1.);
#8786 = DIRECTION('',(-1.,5.784731401237E-16));
#8787 = ( GEOMETRIC_REPRESENTATION_CONTEXT(2) 
PARAMETRIC_REPRESENTATION_CONTEXT() REPRESENTATION_CONTEXT('2D SPACE',''
  ) );
#8788 = PCURVE('',#1271,#8789);
#8789 = DEFINITIONAL_REPRESENTATION('',(#8790),#8794);
#8790 = LINE('',#8791,#8792);
#8791 = CARTESIAN_POINT('',(6.28318530718,1.6));
#8792 = VECTOR('',#8793,1.);
#8793 = DIRECTION('',(-1.,0.));
#8794 = ( GEOMETRIC_REPRESENTATION_CONTEXT(2) 
PARAMETRIC_REPRESENTATION_CONTEXT() REPRESENTATION_CONTEXT('2D SPACE',''
  ) );
#8795 = ORIENTED_EDGE('',*,*,#8796,.F.);
#8796 = EDGE_CURVE('',#8692,#6836,#8797,.T.);
#8797 = SURFACE_CURVE('',#8798,(#8803,#8832),.PCURVE_S1.);
#8798 = B_SPLINE_CURVE_WITH_KNOTS('',3,(#8799,#8800,#8801,#8802),
  .UNSPECIFIED.,.F.,.F.,(4,4),(-0.216869132756,0.),
  .PIECEWISE_BEZIER_KNOTS.);
#8799 = CARTESIAN_POINT('',(33.280111584104,44.198888888888,-2.05));
#8800 = CARTESIAN_POINT('',(33.747644631502,44.429218035854,
    -1.531759419326));
#8801 = CARTESIAN_POINT('',(34.261668742734,44.683133408737,
    -0.960449830339));
#8802 = CARTESIAN_POINT('',(34.720529016613,44.909999999999,-0.45));
#8803 = PCURVE('',#8703,#8804);
#8804 = DEFINITIONAL_REPRESENTATION('',(#8805),#8831);
#8805 = B_SPLINE_CURVE_WITH_KNOTS('',3,(#8806,#8807,#8808,#8809,#8810,
    #8811,#8812,#8813,#8814,#8815,#8816,#8817,#8818,#8819,#8820,#8821,
    #8822,#8823,#8824,#8825,#8826,#8827,#8828,#8829,#8830),
  .UNSPECIFIED.,.F.,.F.,(4,1,1,1,1,1,1,1,1,1,1,1,1,1,1,1,1,1,1,1,1,1,4),
  (-0.216869132756,-0.207011444903,-0.197153757051,-0.187296069198,
    -0.177438381345,-0.167580693493,-0.15772300564,-0.147865317788,
    -0.138007629935,-0.128149942083,-0.11829225423,-0.108434566378,
    -9.857687852525E-02,-8.871919067273E-02,-7.88615028202E-02,
    -6.900381496768E-02,-5.914612711515E-02,-4.928843926263E-02,
    -3.94307514101E-02,-2.957306355758E-02,-1.971537570505E-02,
    -9.857687852525E-03,0.),.UNSPECIFIED.);
#8806 = CARTESIAN_POINT('',(0.351318212973,-0.8));
#8807 = CARTESIAN_POINT('',(0.352017287552,-0.77644361121));
#8808 = CARTESIAN_POINT('',(0.353394999774,-0.729111584028));
#8809 = CARTESIAN_POINT('',(0.355400997266,-0.657519945344));
#8810 = CARTESIAN_POINT('',(0.357347113079,-0.585398854363));
#8811 = CARTESIAN_POINT('',(0.359234214209,-0.51281247517));
#8812 = CARTESIAN_POINT('',(0.3610632557,-0.439824981158));
#8813 = CARTESIAN_POINT('',(0.362835279353,-0.366500554978));
#8814 = CARTESIAN_POINT('',(0.364551391632,-0.292903386335));
#8815 = CARTESIAN_POINT('',(0.366212749799,-0.219097670616));
#8816 = CARTESIAN_POINT('',(0.367820548247,-0.145147607526));
#8817 = CARTESIAN_POINT('',(0.369376006956,-7.11173999334E-02));
#8818 = CARTESIAN_POINT('',(0.370880361332,2.928747150122E-03));
#8819 = CARTESIAN_POINT('',(0.372334853426,7.69266274559E-02));
#8820 = CARTESIAN_POINT('',(0.373740724349,0.150812034228));
#8821 = CARTESIAN_POINT('',(0.375099207757,0.224520760888));
#8822 = CARTESIAN_POINT('',(0.376411524283,0.297988601608));
#8823 = CARTESIAN_POINT('',(0.377678876802,0.371151351796));
#8824 = CARTESIAN_POINT('',(0.378902446458,0.443944808517));
#8825 = CARTESIAN_POINT('',(0.380083389236,0.516304770851));
#8826 = CARTESIAN_POINT('',(0.381222833488,0.588167040158));
#8827 = CARTESIAN_POINT('',(0.382321876473,0.659467420438));
#8828 = CARTESIAN_POINT('',(0.383381586865,0.730141718143));
#8829 = CARTESIAN_POINT('',(0.384062520258,0.776797735238));
#8830 = CARTESIAN_POINT('',(0.384396774495,0.8));
#8831 = ( GEOMETRIC_REPRESENTATION_CONTEXT(2) 
PARAMETRIC_REPRESENTATION_CONTEXT() REPRESENTATION_CONTEXT('2D SPACE',''
  ) );
#8832 = PCURVE('',#6852,#8833);
#8833 = DEFINITIONAL_REPRESENTATION('',(#8834),#8860);
#8834 = B_SPLINE_CURVE_WITH_KNOTS('',3,(#8835,#8836,#8837,#8838,#8839,
    #8840,#8841,#8842,#8843,#8844,#8845,#8846,#8847,#8848,#8849,#8850,
    #8851,#8852,#8853,#8854,#8855,#8856,#8857,#8858,#8859),
  .UNSPECIFIED.,.F.,.F.,(4,1,1,1,1,1,1,1,1,1,1,1,1,1,1,1,1,1,1,1,1,1,4),
  (-0.216869132756,-0.207011444903,-0.197153757051,-0.187296069198,
    -0.177438381345,-0.167580693493,-0.15772300564,-0.147865317788,
    -0.138007629935,-0.128149942083,-0.11829225423,-0.108434566378,
    -9.857687852525E-02,-8.871919067273E-02,-7.88615028202E-02,
    -6.900381496768E-02,-5.914612711515E-02,-4.928843926263E-02,
    -3.94307514101E-02,-2.957306355758E-02,-1.971537570505E-02,
    -9.857687852525E-03,0.),.UNSPECIFIED.);
#8835 = CARTESIAN_POINT('',(6.061966136469,-0.8));
#8836 = CARTESIAN_POINT('',(6.061336969022,-0.776443611057));
#8837 = CARTESIAN_POINT('',(6.060095816219,-0.729111579301));
#8838 = CARTESIAN_POINT('',(6.058285238272,-0.65751992573));
#8839 = CARTESIAN_POINT('',(6.056525464443,-0.585398817246));
#8840 = CARTESIAN_POINT('',(6.054815980038,-0.512812421133));
#8841 = CARTESIAN_POINT('',(6.053156183468,-0.439824912952));
#8842 = CARTESIAN_POINT('',(6.051545385355,-0.366500476534));
#8843 = CARTESIAN_POINT('',(6.049982827407,-0.292903302062));
#8844 = CARTESIAN_POINT('',(6.048467694075,-0.219097584873));
#8845 = CARTESIAN_POINT('',(6.046999124358,-0.145147524254));
#8846 = CARTESIAN_POINT('',(6.045576221939,-7.111732241225E-02));
#8847 = CARTESIAN_POINT('',(6.044198064263,2.928816437374E-03));
#8848 = CARTESIAN_POINT('',(6.042863710538,7.692668687806E-02));
#8849 = CARTESIAN_POINT('',(6.041572208787,0.150812082993));
#8850 = CARTESIAN_POINT('',(6.040322602034,0.224520798979));
#8851 = CARTESIAN_POINT('',(6.03911393371,0.297988629677));
#8852 = CARTESIAN_POINT('',(6.037945252365,0.371151371033));
#8853 = CARTESIAN_POINT('',(6.03681561574,0.443944820491));
#8854 = CARTESIAN_POINT('',(6.035724094348,0.516304777337));
#8855 = CARTESIAN_POINT('',(6.034669774295,0.588167042962));
#8856 = CARTESIAN_POINT('',(6.033651760673,0.659467421196));
#8857 = CARTESIAN_POINT('',(6.03266917677,0.730141718155));
#8858 = CARTESIAN_POINT('',(6.032037177003,0.776797735222));
#8859 = CARTESIAN_POINT('',(6.031726798763,0.8));
#8860 = ( GEOMETRIC_REPRESENTATION_CONTEXT(2) 
PARAMETRIC_REPRESENTATION_CONTEXT() REPRESENTATION_CONTEXT('2D SPACE',''
  ) );
#8861 = ADVANCED_FACE('',(#8862),#8761,.T.);
#8862 = FACE_BOUND('',#8863,.T.);
#8863 = EDGE_LOOP('',(#8864,#8887,#8939,#8960));
#8864 = ORIENTED_EDGE('',*,*,#8865,.T.);
#8865 = EDGE_CURVE('',#8694,#8866,#8868,.T.);
#8866 = VERTEX_POINT('',#8867);
#8867 = CARTESIAN_POINT('',(5.730300521773,46.06,-2.05));
#8868 = SURFACE_CURVE('',#8869,(#8873,#8880),.PCURVE_S1.);
#8869 = LINE('',#8870,#8871);
#8870 = CARTESIAN_POINT('',(10.45,46.06,-2.05));
#8871 = VECTOR('',#8872,1.);
#8872 = DIRECTION('',(-1.,3.442552014342E-16,0.));
#8873 = PCURVE('',#8761,#8874);
#8874 = DEFINITIONAL_REPRESENTATION('',(#8875),#8879);
#8875 = LINE('',#8876,#8877);
#8876 = CARTESIAN_POINT('',(2.754041611473E-16,-1.131370849898));
#8877 = VECTOR('',#8878,1.);
#8878 = DIRECTION('',(1.,4.868503747857E-16));
#8879 = ( GEOMETRIC_REPRESENTATION_CONTEXT(2) 
PARAMETRIC_REPRESENTATION_CONTEXT() REPRESENTATION_CONTEXT('2D SPACE',''
  ) );
#8880 = PCURVE('',#4979,#8881);
#8881 = DEFINITIONAL_REPRESENTATION('',(#8882),#8886);
#8882 = LINE('',#8883,#8884);
#8883 = CARTESIAN_POINT('',(6.45,-23.08));
#8884 = VECTOR('',#8885,1.);
#8885 = DIRECTION('',(1.,-3.442552014342E-16));
#8886 = ( GEOMETRIC_REPRESENTATION_CONTEXT(2) 
PARAMETRIC_REPRESENTATION_CONTEXT() REPRESENTATION_CONTEXT('2D SPACE',''
  ) );
#8887 = ORIENTED_EDGE('',*,*,#8888,.T.);
#8888 = EDGE_CURVE('',#8866,#8889,#8891,.T.);
#8889 = VERTEX_POINT('',#8890);
#8890 = CARTESIAN_POINT('',(6.124859546129,47.66,-0.45));
#8891 = SURFACE_CURVE('',#8892,(#8897,#8905),.PCURVE_S1.);
#8892 = B_SPLINE_CURVE_WITH_KNOTS('',3,(#8893,#8894,#8895,#8896),
  .UNSPECIFIED.,.F.,.F.,(4,4),(-0.227064510661,0.),
  .PIECEWISE_BEZIER_KNOTS.);
#8893 = CARTESIAN_POINT('',(5.730300521772,46.06,-2.05));
#8894 = CARTESIAN_POINT('',(5.873937503446,46.585797685006,
    -1.524202314994));
#8895 = CARTESIAN_POINT('',(6.006073619634,47.131435994983,
    -0.978564005017));
#8896 = CARTESIAN_POINT('',(6.124859546129,47.66,-0.45));
#8897 = PCURVE('',#8761,#8898);
#8898 = DEFINITIONAL_REPRESENTATION('',(#8899),#8904);
#8899 = B_SPLINE_CURVE_WITH_KNOTS('',3,(#8900,#8901,#8902,#8903),
  .UNSPECIFIED.,.F.,.F.,(4,4),(-0.227064510661,0.),
  .PIECEWISE_BEZIER_KNOTS.);
#8900 = CARTESIAN_POINT('',(4.719699478228,-1.131370849898));
#8901 = CARTESIAN_POINT('',(4.576062496554,-0.387780632699));
#8902 = CARTESIAN_POINT('',(4.443926380366,0.383868465421));
#8903 = CARTESIAN_POINT('',(4.325140453871,1.131370849898));
#8904 = ( GEOMETRIC_REPRESENTATION_CONTEXT(2) 
PARAMETRIC_REPRESENTATION_CONTEXT() REPRESENTATION_CONTEXT('2D SPACE',''
  ) );
#8905 = PCURVE('',#8906,#8911);
#8906 = CONICAL_SURFACE('',#8907,4.4,0.785398163397);
#8907 = AXIS2_PLACEMENT_3D('',#8908,#8909,#8910);
#8908 = CARTESIAN_POINT('',(3.9,42.96,-1.25));
#8909 = DIRECTION('',(0.,0.,1.));
#8910 = DIRECTION('',(-1.,0.,0.));
#8911 = DEFINITIONAL_REPRESENTATION('',(#8912),#8938);
#8912 = B_SPLINE_CURVE_WITH_KNOTS('',3,(#8913,#8914,#8915,#8916,#8917,
    #8918,#8919,#8920,#8921,#8922,#8923,#8924,#8925,#8926,#8927,#8928,
    #8929,#8930,#8931,#8932,#8933,#8934,#8935,#8936,#8937),
  .UNSPECIFIED.,.F.,.F.,(4,1,1,1,1,1,1,1,1,1,1,1,1,1,1,1,1,1,1,1,1,1,4),
  (-0.227064510661,-0.21674339654,-0.206422282419,-0.196101168298,
    -0.185780054177,-0.175458940057,-0.165137825936,-0.154816711815,
    -0.144495597694,-0.134174483573,-0.123853369452,-0.113532255331,
    -0.10321114121,-9.289002708875E-02,-8.256891296778E-02,
    -7.22477988468E-02,-6.192668472583E-02,-5.160557060486E-02,
    -4.128445648389E-02,-3.096334236292E-02,-2.064222824194E-02,
    -1.032111412097E-02,0.),.UNSPECIFIED.);
#8913 = CARTESIAN_POINT('',(4.179043731474,-0.8));
#8914 = CARTESIAN_POINT('',(4.180857310867,-0.776100105529));
#8915 = CARTESIAN_POINT('',(4.184435246572,-0.728218342559));
#8916 = CARTESIAN_POINT('',(4.189659307131,-0.656170564729));
#8917 = CARTESIAN_POINT('',(4.194745437009,-0.583918440935));
#8918 = CARTESIAN_POINT('',(4.19969824727,-0.511482763135));
#8919 = CARTESIAN_POINT('',(4.204522165711,-0.43888432565));
#8920 = CARTESIAN_POINT('',(4.209221418639,-0.366143925189));
#8921 = CARTESIAN_POINT('',(4.213800048378,-0.29328236034));
#8922 = CARTESIAN_POINT('',(4.218261920493,-0.220320431252));
#8923 = CARTESIAN_POINT('',(4.222610733084,-0.14727893931));
#8924 = CARTESIAN_POINT('',(4.226850024903,-7.417868684994E-02));
#8925 = CARTESIAN_POINT('',(4.230983183176,-1.040476901862E-03));
#8926 = CARTESIAN_POINT('',(4.235013450953,7.211488704694E-02));
#8927 = CARTESIAN_POINT('',(4.238943934047,0.145266601264));
#8928 = CARTESIAN_POINT('',(4.242777607592,0.218393861968));
#8929 = CARTESIAN_POINT('',(4.246517322237,0.291475865501));
#8930 = CARTESIAN_POINT('',(4.250165809975,0.364491808495));
#8931 = CARTESIAN_POINT('',(4.253725689732,0.437420888015));
#8932 = CARTESIAN_POINT('',(4.25719947237,0.5102423017));
#8933 = CARTESIAN_POINT('',(4.260589566418,0.582935247875));
#8934 = CARTESIAN_POINT('',(4.263898279789,0.655478925707));
#8935 = CARTESIAN_POINT('',(4.267127835179,0.727852535171));
#8936 = CARTESIAN_POINT('',(4.269229500567,0.775974363499));
#8937 = CARTESIAN_POINT('',(4.270267846298,0.8));
#8938 = ( GEOMETRIC_REPRESENTATION_CONTEXT(2) 
PARAMETRIC_REPRESENTATION_CONTEXT() REPRESENTATION_CONTEXT('2D SPACE',''
  ) );
#8939 = ORIENTED_EDGE('',*,*,#8940,.T.);
#8940 = EDGE_CURVE('',#8889,#8723,#8941,.T.);
#8941 = SURFACE_CURVE('',#8942,(#8946,#8953),.PCURVE_S1.);
#8942 = LINE('',#8943,#8944);
#8943 = CARTESIAN_POINT('',(10.45,47.66,-0.45));
#8944 = VECTOR('',#8945,1.);
#8945 = DIRECTION('',(1.,-3.442552014342E-16,0.));
#8946 = PCURVE('',#8761,#8947);
#8947 = DEFINITIONAL_REPRESENTATION('',(#8948),#8952);
#8948 = LINE('',#8949,#8950);
#8949 = CARTESIAN_POINT('',(-2.754041611473E-16,1.131370849898));
#8950 = VECTOR('',#8951,1.);
#8951 = DIRECTION('',(-1.,-4.868503747857E-16));
#8952 = ( GEOMETRIC_REPRESENTATION_CONTEXT(2) 
PARAMETRIC_REPRESENTATION_CONTEXT() REPRESENTATION_CONTEXT('2D SPACE',''
  ) );
#8953 = PCURVE('',#1299,#8954);
#8954 = DEFINITIONAL_REPRESENTATION('',(#8955),#8959);
#8955 = LINE('',#8956,#8957);
#8956 = CARTESIAN_POINT('',(6.45,-1.6));
#8957 = VECTOR('',#8958,1.);
#8958 = DIRECTION('',(1.,0.));
#8959 = ( GEOMETRIC_REPRESENTATION_CONTEXT(2) 
PARAMETRIC_REPRESENTATION_CONTEXT() REPRESENTATION_CONTEXT('2D SPACE',''
  ) );
#8960 = ORIENTED_EDGE('',*,*,#8722,.F.);
#8961 = ADVANCED_FACE('',(#8962),#210,.T.);
#8962 = FACE_BOUND('',#8963,.T.);
#8963 = EDGE_LOOP('',(#8964,#8988,#8989,#8990));
#8964 = ORIENTED_EDGE('',*,*,#8965,.T.);
#8965 = EDGE_CURVE('',#8966,#195,#8968,.T.);
#8966 = VERTEX_POINT('',#8967);
#8967 = CARTESIAN_POINT('',(0.519888415897,44.198888888889,-2.05));
#8968 = SURFACE_CURVE('',#8969,(#8974,#8981),.PCURVE_S1.);
#8969 = CIRCLE('',#8970,4.);
#8970 = AXIS2_PLACEMENT_3D('',#8971,#8972,#8973);
#8971 = CARTESIAN_POINT('',(3.9,42.06,-2.05));
#8972 = DIRECTION('',(0.,0.,1.));
#8973 = DIRECTION('',(-0.707106781187,0.707106781187,0.));
#8974 = PCURVE('',#210,#8975);
#8975 = DEFINITIONAL_REPRESENTATION('',(#8976),#8980);
#8976 = LINE('',#8977,#8978);
#8977 = CARTESIAN_POINT('',(-1.054711873394E-15,-0.8));
#8978 = VECTOR('',#8979,1.);
#8979 = DIRECTION('',(1.,-1.669781199622E-15));
#8980 = ( GEOMETRIC_REPRESENTATION_CONTEXT(2) 
PARAMETRIC_REPRESENTATION_CONTEXT() REPRESENTATION_CONTEXT('2D SPACE',''
  ) );
#8981 = PCURVE('',#238,#8982);
#8982 = DEFINITIONAL_REPRESENTATION('',(#8983),#8987);
#8983 = CIRCLE('',#8984,4.);
#8984 = AXIS2_PLACEMENT_2D('',#8985,#8986);
#8985 = CARTESIAN_POINT('',(13.,-19.08));
#8986 = DIRECTION('',(0.707106781187,-0.707106781187));
#8987 = ( GEOMETRIC_REPRESENTATION_CONTEXT(2) 
PARAMETRIC_REPRESENTATION_CONTEXT() REPRESENTATION_CONTEXT('2D SPACE',''
  ) );
#8988 = ORIENTED_EDGE('',*,*,#194,.T.);
#8989 = ORIENTED_EDGE('',*,*,#584,.T.);
#8990 = ORIENTED_EDGE('',*,*,#8991,.T.);
#8991 = EDGE_CURVE('',#557,#8966,#8992,.T.);
#8992 = SURFACE_CURVE('',#8993,(#8998,#9027),.PCURVE_S1.);
#8993 = B_SPLINE_CURVE_WITH_KNOTS('',3,(#8994,#8995,#8996,#8997),
  .UNSPECIFIED.,.F.,.F.,(4,4),(-0.220497339951,0.),
  .PIECEWISE_BEZIER_KNOTS.);
#8994 = CARTESIAN_POINT('',(-0.920529016612,44.910000000001,-0.45));
#8995 = CARTESIAN_POINT('',(-0.461668742792,44.683133408768,
    -0.960449830274));
#8996 = CARTESIAN_POINT('',(5.23553684871E-02,44.429218035862,
    -1.531759419313));
#8997 = CARTESIAN_POINT('',(0.519888415897,44.198888888889,-2.05));
#8998 = PCURVE('',#210,#8999);
#8999 = DEFINITIONAL_REPRESENTATION('',(#9000),#9026);
#9000 = B_SPLINE_CURVE_WITH_KNOTS('',3,(#9001,#9002,#9003,#9004,#9005,
    #9006,#9007,#9008,#9009,#9010,#9011,#9012,#9013,#9014,#9015,#9016,
    #9017,#9018,#9019,#9020,#9021,#9022,#9023,#9024,#9025),
  .UNSPECIFIED.,.F.,.F.,(4,1,1,1,1,1,1,1,1,1,1,1,1,1,1,1,1,1,1,1,1,1,4),
  (-0.220497339951,-0.210474733589,-0.200452127228,-0.190429520866,
    -0.180406914505,-0.170384308144,-0.160361701782,-0.150339095421,
    -0.140316489059,-0.130293882698,-0.120271276337,-0.110248669975,
    -0.100226063614,-9.020345725251E-02,-8.018085089112E-02,
    -7.015824452973E-02,-6.013563816834E-02,-5.011303180695E-02,
    -4.009042544556E-02,-3.006781908417E-02,-2.004521272278E-02,
    -1.002260636139E-02,0.),.UNSPECIFIED.);
#9001 = CARTESIAN_POINT('',(0.251458508416,0.8));
#9002 = CARTESIAN_POINT('',(0.251148130176,0.776797735225));
#9003 = CARTESIAN_POINT('',(0.250516130409,0.730141718164));
#9004 = CARTESIAN_POINT('',(0.249533546506,0.659467421211));
#9005 = CARTESIAN_POINT('',(0.248515532884,0.588167042982));
#9006 = CARTESIAN_POINT('',(0.247461212831,0.516304777363));
#9007 = CARTESIAN_POINT('',(0.24636969144,0.443944820519));
#9008 = CARTESIAN_POINT('',(0.245240054815,0.371151371064));
#9009 = CARTESIAN_POINT('',(0.24407137347,0.297988629709));
#9010 = CARTESIAN_POINT('',(0.242862705146,0.224520799011));
#9011 = CARTESIAN_POINT('',(0.241613098393,0.150812083025));
#9012 = CARTESIAN_POINT('',(0.240321596642,7.692668690894E-02));
#9013 = CARTESIAN_POINT('',(0.238987242917,2.928816466695E-03));
#9014 = CARTESIAN_POINT('',(0.23760908524,-7.111732238495E-02));
#9015 = CARTESIAN_POINT('',(0.236186182821,-0.145147524229));
#9016 = CARTESIAN_POINT('',(0.234717613105,-0.219097584851));
#9017 = CARTESIAN_POINT('',(0.233202479772,-0.292903302043));
#9018 = CARTESIAN_POINT('',(0.231639921825,-0.366500476518));
#9019 = CARTESIAN_POINT('',(0.230029123711,-0.439824912939));
#9020 = CARTESIAN_POINT('',(0.228369327141,-0.512812421123));
#9021 = CARTESIAN_POINT('',(0.226659842736,-0.585398817239));
#9022 = CARTESIAN_POINT('',(0.224900068907,-0.657519925726));
#9023 = CARTESIAN_POINT('',(0.22308949096,-0.729111579299));
#9024 = CARTESIAN_POINT('',(0.221848338157,-0.776443611056));
#9025 = CARTESIAN_POINT('',(0.22121917071,-0.8));
#9026 = ( GEOMETRIC_REPRESENTATION_CONTEXT(2) 
PARAMETRIC_REPRESENTATION_CONTEXT() REPRESENTATION_CONTEXT('2D SPACE',''
  ) );
#9027 = PCURVE('',#8906,#9028);
#9028 = DEFINITIONAL_REPRESENTATION('',(#9029),#9055);
#9029 = B_SPLINE_CURVE_WITH_KNOTS('',3,(#9030,#9031,#9032,#9033,#9034,
    #9035,#9036,#9037,#9038,#9039,#9040,#9041,#9042,#9043,#9044,#9045,
    #9046,#9047,#9048,#9049,#9050,#9051,#9052,#9053,#9054),
  .UNSPECIFIED.,.F.,.F.,(4,1,1,1,1,1,1,1,1,1,1,1,1,1,1,1,1,1,1,1,1,1,4),
  (-0.220497339951,-0.210474733589,-0.200452127228,-0.190429520866,
    -0.180406914505,-0.170384308144,-0.160361701782,-0.150339095421,
    -0.140316489059,-0.130293882698,-0.120271276337,-0.110248669975,
    -0.100226063614,-9.020345725251E-02,-8.018085089112E-02,
    -7.015824452973E-02,-6.013563816834E-02,-5.011303180695E-02,
    -4.009042544556E-02,-3.006781908417E-02,-2.004521272278E-02,
    -1.002260636139E-02,0.),.UNSPECIFIED.);
#9030 = CARTESIAN_POINT('',(5.898788532684,0.8));
#9031 = CARTESIAN_POINT('',(5.899122786921,0.776797735241));
#9032 = CARTESIAN_POINT('',(5.899803720314,0.730141718151));
#9033 = CARTESIAN_POINT('',(5.900863430705,0.659467420453));
#9034 = CARTESIAN_POINT('',(5.901962473691,0.588167040179));
#9035 = CARTESIAN_POINT('',(5.903101917942,0.516304770876));
#9036 = CARTESIAN_POINT('',(5.90428286072,0.443944808545));
#9037 = CARTESIAN_POINT('',(5.905506430377,0.371151351826));
#9038 = CARTESIAN_POINT('',(5.906773782896,0.297988601639));
#9039 = CARTESIAN_POINT('',(5.908086099422,0.224520760921));
#9040 = CARTESIAN_POINT('',(5.909444582829,0.15081203426));
#9041 = CARTESIAN_POINT('',(5.910850453752,7.692662748678E-02));
#9042 = CARTESIAN_POINT('',(5.912304945846,2.928747179449E-03));
#9043 = CARTESIAN_POINT('',(5.913809300222,-7.111739990611E-02));
#9044 = CARTESIAN_POINT('',(5.915364758932,-0.145147607501));
#9045 = CARTESIAN_POINT('',(5.91697255738,-0.219097670594));
#9046 = CARTESIAN_POINT('',(5.918633915547,-0.292903386316));
#9047 = CARTESIAN_POINT('',(5.920350027826,-0.366500554962));
#9048 = CARTESIAN_POINT('',(5.922122051479,-0.439824981145));
#9049 = CARTESIAN_POINT('',(5.92395109297,-0.51281247516));
#9050 = CARTESIAN_POINT('',(5.9258381941,-0.585398854356));
#9051 = CARTESIAN_POINT('',(5.927784309913,-0.65751994534));
#9052 = CARTESIAN_POINT('',(5.929790307405,-0.729111584026));
#9053 = CARTESIAN_POINT('',(5.931168019627,-0.776443611209));
#9054 = CARTESIAN_POINT('',(5.931867094206,-0.8));
#9055 = ( GEOMETRIC_REPRESENTATION_CONTEXT(2) 
PARAMETRIC_REPRESENTATION_CONTEXT() REPRESENTATION_CONTEXT('2D SPACE',''
  ) );
#9056 = ADVANCED_FACE('',(#9057),#266,.T.);
#9057 = FACE_BOUND('',#9058,.T.);
#9058 = EDGE_LOOP('',(#9059,#9060,#9061,#9085));
#9059 = ORIENTED_EDGE('',*,*,#7086,.T.);
#9060 = ORIENTED_EDGE('',*,*,#250,.F.);
#9061 = ORIENTED_EDGE('',*,*,#9062,.T.);
#9062 = EDGE_CURVE('',#223,#9063,#9065,.T.);
#9063 = VERTEX_POINT('',#9064);
#9064 = CARTESIAN_POINT('',(0.519888415897,1.761111111111,-2.05));
#9065 = SURFACE_CURVE('',#9066,(#9071,#9078),.PCURVE_S1.);
#9066 = CIRCLE('',#9067,4.);
#9067 = AXIS2_PLACEMENT_3D('',#9068,#9069,#9070);
#9068 = CARTESIAN_POINT('',(3.9,3.9,-2.05));
#9069 = DIRECTION('',(0.,0.,1.));
#9070 = DIRECTION('',(-0.707106781187,-0.707106781187,0.));
#9071 = PCURVE('',#266,#9072);
#9072 = DEFINITIONAL_REPRESENTATION('',(#9073),#9077);
#9073 = LINE('',#9074,#9075);
#9074 = CARTESIAN_POINT('',(0.,-0.8));
#9075 = VECTOR('',#9076,1.);
#9076 = DIRECTION('',(1.,-8.348905998108E-16));
#9077 = ( GEOMETRIC_REPRESENTATION_CONTEXT(2) 
PARAMETRIC_REPRESENTATION_CONTEXT() REPRESENTATION_CONTEXT('2D SPACE',''
  ) );
#9078 = PCURVE('',#238,#9079);
#9079 = DEFINITIONAL_REPRESENTATION('',(#9080),#9084);
#9080 = CIRCLE('',#9081,4.);
#9081 = AXIS2_PLACEMENT_2D('',#9082,#9083);
#9082 = CARTESIAN_POINT('',(13.,19.08));
#9083 = DIRECTION('',(0.707106781187,0.707106781187));
#9084 = ( GEOMETRIC_REPRESENTATION_CONTEXT(2) 
PARAMETRIC_REPRESENTATION_CONTEXT() REPRESENTATION_CONTEXT('2D SPACE',''
  ) );
#9085 = ORIENTED_EDGE('',*,*,#9086,.T.);
#9086 = EDGE_CURVE('',#9063,#7087,#9087,.T.);
#9087 = SURFACE_CURVE('',#9088,(#9093,#9122),.PCURVE_S1.);
#9088 = B_SPLINE_CURVE_WITH_KNOTS('',3,(#9089,#9090,#9091,#9092),
  .UNSPECIFIED.,.F.,.F.,(4,4),(-0.21686913273,0.),
  .PIECEWISE_BEZIER_KNOTS.);
#9089 = CARTESIAN_POINT('',(0.519888415897,1.761111111111,-2.05));
#9090 = CARTESIAN_POINT('',(5.235536848796E-02,1.530781964139,
    -1.531759419314));
#9091 = CARTESIAN_POINT('',(-0.461668742786,1.276866591235,
    -0.96044983028));
#9092 = CARTESIAN_POINT('',(-0.920529016612,1.049999999999,-0.45));
#9093 = PCURVE('',#266,#9094);
#9094 = DEFINITIONAL_REPRESENTATION('',(#9095),#9121);
#9095 = B_SPLINE_CURVE_WITH_KNOTS('',3,(#9096,#9097,#9098,#9099,#9100,
    #9101,#9102,#9103,#9104,#9105,#9106,#9107,#9108,#9109,#9110,#9111,
    #9112,#9113,#9114,#9115,#9116,#9117,#9118,#9119,#9120),
  .UNSPECIFIED.,.F.,.F.,(4,1,1,1,1,1,1,1,1,1,1,1,1,1,1,1,1,1,1,1,1,1,4),
  (-0.21686913273,-0.207011444879,-0.197153757028,-0.187296069176,
    -0.177438381325,-0.167580693474,-0.157723005622,-0.147865317771,
    -0.138007629919,-0.128149942068,-0.118292254217,-0.108434566365,
    -9.857687851383E-02,-8.871919066245E-02,-7.886150281106E-02,
    -6.900381495968E-02,-5.91461271083E-02,-4.928843925691E-02,
    -3.943075140553E-02,-2.957306355415E-02,-1.971537570277E-02,
    -9.857687851383E-03,0.),.UNSPECIFIED.);
#9096 = CARTESIAN_POINT('',(6.061966136469,-0.8));
#9097 = CARTESIAN_POINT('',(6.061336969022,-0.776443611056));
#9098 = CARTESIAN_POINT('',(6.060095816219,-0.729111579299));
#9099 = CARTESIAN_POINT('',(6.058285238273,-0.657519925726));
#9100 = CARTESIAN_POINT('',(6.056525464444,-0.585398817239));
#9101 = CARTESIAN_POINT('',(6.054815980038,-0.512812421124));
#9102 = CARTESIAN_POINT('',(6.053156183468,-0.43982491294));
#9103 = CARTESIAN_POINT('',(6.051545385355,-0.366500476519));
#9104 = CARTESIAN_POINT('',(6.049982827407,-0.292903302045));
#9105 = CARTESIAN_POINT('',(6.048467694075,-0.219097584853));
#9106 = CARTESIAN_POINT('',(6.046999124358,-0.145147524231));
#9107 = CARTESIAN_POINT('',(6.045576221939,-7.111732238743E-02));
#9108 = CARTESIAN_POINT('',(6.044198064263,2.92881646403E-03));
#9109 = CARTESIAN_POINT('',(6.042863710537,7.692668690612E-02));
#9110 = CARTESIAN_POINT('',(6.041572208787,0.150812083022));
#9111 = CARTESIAN_POINT('',(6.040322602034,0.224520799008));
#9112 = CARTESIAN_POINT('',(6.03911393371,0.297988629706));
#9113 = CARTESIAN_POINT('',(6.037945252365,0.371151371061));
#9114 = CARTESIAN_POINT('',(6.03681561574,0.443944820517));
#9115 = CARTESIAN_POINT('',(6.035724094348,0.51630477736));
#9116 = CARTESIAN_POINT('',(6.034669774296,0.588167042981));
#9117 = CARTESIAN_POINT('',(6.033651760673,0.659467421209));
#9118 = CARTESIAN_POINT('',(6.03266917677,0.730141718163));
#9119 = CARTESIAN_POINT('',(6.032037177004,0.776797735225));
#9120 = CARTESIAN_POINT('',(6.031726798763,0.8));
#9121 = ( GEOMETRIC_REPRESENTATION_CONTEXT(2) 
PARAMETRIC_REPRESENTATION_CONTEXT() REPRESENTATION_CONTEXT('2D SPACE',''
  ) );
#9122 = PCURVE('',#9123,#9128);
#9123 = CONICAL_SURFACE('',#9124,4.4,0.785398163397);
#9124 = AXIS2_PLACEMENT_3D('',#9125,#9126,#9127);
#9125 = CARTESIAN_POINT('',(3.9,3.,-1.25));
#9126 = DIRECTION('',(0.,0.,1.));
#9127 = DIRECTION('',(-1.,0.,0.));
#9128 = DEFINITIONAL_REPRESENTATION('',(#9129),#9155);
#9129 = B_SPLINE_CURVE_WITH_KNOTS('',3,(#9130,#9131,#9132,#9133,#9134,
    #9135,#9136,#9137,#9138,#9139,#9140,#9141,#9142,#9143,#9144,#9145,
    #9146,#9147,#9148,#9149,#9150,#9151,#9152,#9153,#9154),
  .UNSPECIFIED.,.F.,.F.,(4,1,1,1,1,1,1,1,1,1,1,1,1,1,1,1,1,1,1,1,1,1,4),
  (-0.21686913273,-0.207011444879,-0.197153757028,-0.187296069176,
    -0.177438381325,-0.167580693474,-0.157723005622,-0.147865317771,
    -0.138007629919,-0.128149942068,-0.118292254217,-0.108434566365,
    -9.857687851383E-02,-8.871919066245E-02,-7.886150281106E-02,
    -6.900381495968E-02,-5.91461271083E-02,-4.928843925691E-02,
    -3.943075140553E-02,-2.957306355415E-02,-1.971537570277E-02,
    -9.857687851383E-03,0.),.UNSPECIFIED.);
#9130 = CARTESIAN_POINT('',(0.351318212973,-0.8));
#9131 = CARTESIAN_POINT('',(0.352017287552,-0.776443611209));
#9132 = CARTESIAN_POINT('',(0.353394999774,-0.729111584026));
#9133 = CARTESIAN_POINT('',(0.355400997267,-0.65751994534));
#9134 = CARTESIAN_POINT('',(0.35734711308,-0.585398854356));
#9135 = CARTESIAN_POINT('',(0.35923421421,-0.512812475161));
#9136 = CARTESIAN_POINT('',(0.361063255701,-0.439824981146));
#9137 = CARTESIAN_POINT('',(0.362835279354,-0.366500554964));
#9138 = CARTESIAN_POINT('',(0.364551391633,-0.292903386318));
#9139 = CARTESIAN_POINT('',(0.3662127498,-0.219097670596));
#9140 = CARTESIAN_POINT('',(0.367820548248,-0.145147607504));
#9141 = CARTESIAN_POINT('',(0.369376006957,-7.111739990859E-02));
#9142 = CARTESIAN_POINT('',(0.370880361333,2.928747176776E-03));
#9143 = CARTESIAN_POINT('',(0.372334853427,7.692662748395E-02));
#9144 = CARTESIAN_POINT('',(0.37374072435,0.150812034257));
#9145 = CARTESIAN_POINT('',(0.375099207758,0.224520760918));
#9146 = CARTESIAN_POINT('',(0.376411524284,0.297988601636));
#9147 = CARTESIAN_POINT('',(0.377678876802,0.371151351823));
#9148 = CARTESIAN_POINT('',(0.378902446459,0.443944808543));
#9149 = CARTESIAN_POINT('',(0.380083389237,0.516304770873));
#9150 = CARTESIAN_POINT('',(0.381222833489,0.588167040177));
#9151 = CARTESIAN_POINT('',(0.382321876474,0.659467420452));
#9152 = CARTESIAN_POINT('',(0.383381586866,0.73014171815));
#9153 = CARTESIAN_POINT('',(0.384062520259,0.77679773524));
#9154 = CARTESIAN_POINT('',(0.384396774496,0.8));
#9155 = ( GEOMETRIC_REPRESENTATION_CONTEXT(2) 
PARAMETRIC_REPRESENTATION_CONTEXT() REPRESENTATION_CONTEXT('2D SPACE',''
  ) );
#9156 = ADVANCED_FACE('',(#9157),#8906,.T.);
#9157 = FACE_BOUND('',#9158,.T.);
#9158 = EDGE_LOOP('',(#9159,#9181,#9182,#9204));
#9159 = ORIENTED_EDGE('',*,*,#9160,.T.);
#9160 = EDGE_CURVE('',#8866,#8966,#9161,.T.);
#9161 = SURFACE_CURVE('',#9162,(#9167,#9174),.PCURVE_S1.);
#9162 = CIRCLE('',#9163,3.6);
#9163 = AXIS2_PLACEMENT_3D('',#9164,#9165,#9166);
#9164 = CARTESIAN_POINT('',(3.9,42.96,-2.05));
#9165 = DIRECTION('',(0.,0.,1.));
#9166 = DIRECTION('',(1.,0.,0.));
#9167 = PCURVE('',#8906,#9168);
#9168 = DEFINITIONAL_REPRESENTATION('',(#9169),#9173);
#9169 = LINE('',#9170,#9171);
#9170 = CARTESIAN_POINT('',(3.14159265359,-0.8));
#9171 = VECTOR('',#9172,1.);
#9172 = DIRECTION('',(1.,-8.957505314376E-17));
#9173 = ( GEOMETRIC_REPRESENTATION_CONTEXT(2) 
PARAMETRIC_REPRESENTATION_CONTEXT() REPRESENTATION_CONTEXT('2D SPACE',''
  ) );
#9174 = PCURVE('',#4929,#9175);
#9175 = DEFINITIONAL_REPRESENTATION('',(#9176),#9180);
#9176 = LINE('',#9177,#9178);
#9177 = CARTESIAN_POINT('',(7.965347486659,0.));
#9178 = VECTOR('',#9179,1.);
#9179 = DIRECTION('',(-1.,0.));
#9180 = ( GEOMETRIC_REPRESENTATION_CONTEXT(2) 
PARAMETRIC_REPRESENTATION_CONTEXT() REPRESENTATION_CONTEXT('2D SPACE',''
  ) );
#9181 = ORIENTED_EDGE('',*,*,#8991,.F.);
#9182 = ORIENTED_EDGE('',*,*,#9183,.T.);
#9183 = EDGE_CURVE('',#557,#8889,#9184,.T.);
#9184 = SURFACE_CURVE('',#9185,(#9190,#9197),.PCURVE_S1.);
#9185 = CIRCLE('',#9186,5.2);
#9186 = AXIS2_PLACEMENT_3D('',#9187,#9188,#9189);
#9187 = CARTESIAN_POINT('',(3.9,42.96,-0.45));
#9188 = DIRECTION('',(0.,0.,-1.));
#9189 = DIRECTION('',(-1.,0.,0.));
#9190 = PCURVE('',#8906,#9191);
#9191 = DEFINITIONAL_REPRESENTATION('',(#9192),#9196);
#9192 = LINE('',#9193,#9194);
#9193 = CARTESIAN_POINT('',(6.28318530718,0.8));
#9194 = VECTOR('',#9195,1.);
#9195 = DIRECTION('',(-1.,-7.712975201651E-16));
#9196 = ( GEOMETRIC_REPRESENTATION_CONTEXT(2) 
PARAMETRIC_REPRESENTATION_CONTEXT() REPRESENTATION_CONTEXT('2D SPACE',''
  ) );
#9197 = PCURVE('',#572,#9198);
#9198 = DEFINITIONAL_REPRESENTATION('',(#9199),#9203);
#9199 = LINE('',#9200,#9201);
#9200 = CARTESIAN_POINT('',(3.14159265359,1.6));
#9201 = VECTOR('',#9202,1.);
#9202 = DIRECTION('',(-1.,0.));
#9203 = ( GEOMETRIC_REPRESENTATION_CONTEXT(2) 
PARAMETRIC_REPRESENTATION_CONTEXT() REPRESENTATION_CONTEXT('2D SPACE',''
  ) );
#9204 = ORIENTED_EDGE('',*,*,#8888,.F.);
#9205 = ADVANCED_FACE('',(#9206),#9123,.T.);
#9206 = FACE_BOUND('',#9207,.T.);
#9207 = EDGE_LOOP('',(#9208,#9232,#9233,#9262));
#9208 = ORIENTED_EDGE('',*,*,#9209,.T.);
#9209 = EDGE_CURVE('',#9210,#7087,#9212,.T.);
#9210 = VERTEX_POINT('',#9211);
#9211 = CARTESIAN_POINT('',(6.124859546129,-1.7,-0.45));
#9212 = SURFACE_CURVE('',#9213,(#9218,#9225),.PCURVE_S1.);
#9213 = CIRCLE('',#9214,5.2);
#9214 = AXIS2_PLACEMENT_3D('',#9215,#9216,#9217);
#9215 = CARTESIAN_POINT('',(3.9,3.,-0.45));
#9216 = DIRECTION('',(0.,0.,-1.));
#9217 = DIRECTION('',(-1.,0.,0.));
#9218 = PCURVE('',#9123,#9219);
#9219 = DEFINITIONAL_REPRESENTATION('',(#9220),#9224);
#9220 = LINE('',#9221,#9222);
#9221 = CARTESIAN_POINT('',(6.28318530718,0.8));
#9222 = VECTOR('',#9223,1.);
#9223 = DIRECTION('',(-1.,-1.928243800413E-16));
#9224 = ( GEOMETRIC_REPRESENTATION_CONTEXT(2) 
PARAMETRIC_REPRESENTATION_CONTEXT() REPRESENTATION_CONTEXT('2D SPACE',''
  ) );
#9225 = PCURVE('',#2369,#9226);
#9226 = DEFINITIONAL_REPRESENTATION('',(#9227),#9231);
#9227 = LINE('',#9228,#9229);
#9228 = CARTESIAN_POINT('',(9.424777960769,1.6));
#9229 = VECTOR('',#9230,1.);
#9230 = DIRECTION('',(-1.,0.));
#9231 = ( GEOMETRIC_REPRESENTATION_CONTEXT(2) 
PARAMETRIC_REPRESENTATION_CONTEXT() REPRESENTATION_CONTEXT('2D SPACE',''
  ) );
#9232 = ORIENTED_EDGE('',*,*,#9086,.F.);
#9233 = ORIENTED_EDGE('',*,*,#9234,.T.);
#9234 = EDGE_CURVE('',#9063,#9235,#9237,.T.);
#9235 = VERTEX_POINT('',#9236);
#9236 = CARTESIAN_POINT('',(5.730300521772,-0.1,-2.05));
#9237 = SURFACE_CURVE('',#9238,(#9243,#9250),.PCURVE_S1.);
#9238 = CIRCLE('',#9239,3.6);
#9239 = AXIS2_PLACEMENT_3D('',#9240,#9241,#9242);
#9240 = CARTESIAN_POINT('',(3.9,3.,-2.05));
#9241 = DIRECTION('',(0.,0.,1.));
#9242 = DIRECTION('',(1.,0.,0.));
#9243 = PCURVE('',#9123,#9244);
#9244 = DEFINITIONAL_REPRESENTATION('',(#9245),#9249);
#9245 = LINE('',#9246,#9247);
#9246 = CARTESIAN_POINT('',(-3.14159265359,-0.8));
#9247 = VECTOR('',#9248,1.);
#9248 = DIRECTION('',(1.,-2.687251594313E-16));
#9249 = ( GEOMETRIC_REPRESENTATION_CONTEXT(2) 
PARAMETRIC_REPRESENTATION_CONTEXT() REPRESENTATION_CONTEXT('2D SPACE',''
  ) );
#9250 = PCURVE('',#9251,#9256);
#9251 = TOROIDAL_SURFACE('',#9252,2.8,0.8);
#9252 = AXIS2_PLACEMENT_3D('',#9253,#9254,#9255);
#9253 = CARTESIAN_POINT('',(3.9,3.,-2.05));
#9254 = DIRECTION('',(0.,0.,-1.));
#9255 = DIRECTION('',(-1.,0.,0.));
#9256 = DEFINITIONAL_REPRESENTATION('',(#9257),#9261);
#9257 = LINE('',#9258,#9259);
#9258 = CARTESIAN_POINT('',(3.14159265359,0.));
#9259 = VECTOR('',#9260,1.);
#9260 = DIRECTION('',(-1.,0.));
#9261 = ( GEOMETRIC_REPRESENTATION_CONTEXT(2) 
PARAMETRIC_REPRESENTATION_CONTEXT() REPRESENTATION_CONTEXT('2D SPACE',''
  ) );
#9262 = ORIENTED_EDGE('',*,*,#9263,.T.);
#9263 = EDGE_CURVE('',#9235,#9210,#9264,.T.);
#9264 = SURFACE_CURVE('',#9265,(#9270,#9299),.PCURVE_S1.);
#9265 = B_SPLINE_CURVE_WITH_KNOTS('',3,(#9266,#9267,#9268,#9269),
  .UNSPECIFIED.,.F.,.F.,(4,4),(-0.227064510661,0.),
  .PIECEWISE_BEZIER_KNOTS.);
#9266 = CARTESIAN_POINT('',(5.730300521772,-0.1,-2.05));
#9267 = CARTESIAN_POINT('',(5.873937503446,-0.625797685006,
    -1.524202314994));
#9268 = CARTESIAN_POINT('',(6.006073619634,-1.171435994983,
    -0.978564005017));
#9269 = CARTESIAN_POINT('',(6.124859546129,-1.7,-0.45));
#9270 = PCURVE('',#9123,#9271);
#9271 = DEFINITIONAL_REPRESENTATION('',(#9272),#9298);
#9272 = B_SPLINE_CURVE_WITH_KNOTS('',3,(#9273,#9274,#9275,#9276,#9277,
    #9278,#9279,#9280,#9281,#9282,#9283,#9284,#9285,#9286,#9287,#9288,
    #9289,#9290,#9291,#9292,#9293,#9294,#9295,#9296,#9297),
  .UNSPECIFIED.,.F.,.F.,(4,1,1,1,1,1,1,1,1,1,1,1,1,1,1,1,1,1,1,1,1,1,4),
  (-0.227064510661,-0.21674339654,-0.206422282419,-0.196101168298,
    -0.185780054177,-0.175458940056,-0.165137825935,-0.154816711814,
    -0.144495597694,-0.134174483573,-0.123853369452,-0.113532255331,
    -0.10321114121,-9.28900270887E-02,-8.256891296773E-02,
    -7.224779884676E-02,-6.19266847258E-02,-5.160557060483E-02,
    -4.128445648387E-02,-3.09633423629E-02,-2.064222824193E-02,
    -1.032111412097E-02,0.),.UNSPECIFIED.);
#9273 = CARTESIAN_POINT('',(2.104141575706,-0.8));
#9274 = CARTESIAN_POINT('',(2.102327996313,-0.776100105529));
#9275 = CARTESIAN_POINT('',(2.098750060608,-0.728218342559));
#9276 = CARTESIAN_POINT('',(2.093526000048,-0.656170564729));
#9277 = CARTESIAN_POINT('',(2.088439870171,-0.583918440935));
#9278 = CARTESIAN_POINT('',(2.08348705991,-0.511482763135));
#9279 = CARTESIAN_POINT('',(2.078663141468,-0.43888432565));
#9280 = CARTESIAN_POINT('',(2.073963888541,-0.366143925189));
#9281 = CARTESIAN_POINT('',(2.069385258801,-0.29328236034));
#9282 = CARTESIAN_POINT('',(2.064923386687,-0.220320431252));
#9283 = CARTESIAN_POINT('',(2.060574574095,-0.14727893931));
#9284 = CARTESIAN_POINT('',(2.056335282277,-7.417868684981E-02));
#9285 = CARTESIAN_POINT('',(2.052202124003,-1.04047690173E-03));
#9286 = CARTESIAN_POINT('',(2.048171856227,7.211488704707E-02));
#9287 = CARTESIAN_POINT('',(2.044241373133,0.145266601265));
#9288 = CARTESIAN_POINT('',(2.040407699588,0.218393861968));
#9289 = CARTESIAN_POINT('',(2.036667984943,0.291475865501));
#9290 = CARTESIAN_POINT('',(2.033019497204,0.364491808495));
#9291 = CARTESIAN_POINT('',(2.029459617448,0.437420888015));
#9292 = CARTESIAN_POINT('',(2.025985834809,0.5102423017));
#9293 = CARTESIAN_POINT('',(2.022595740762,0.582935247875));
#9294 = CARTESIAN_POINT('',(2.019287027391,0.655478925707));
#9295 = CARTESIAN_POINT('',(2.016057472,0.727852535171));
#9296 = CARTESIAN_POINT('',(2.013955806613,0.775974363499));
#9297 = CARTESIAN_POINT('',(2.012917460882,0.8));
#9298 = ( GEOMETRIC_REPRESENTATION_CONTEXT(2) 
PARAMETRIC_REPRESENTATION_CONTEXT() REPRESENTATION_CONTEXT('2D SPACE',''
  ) );
#9299 = PCURVE('',#9300,#9305);
#9300 = PLANE('',#9301);
#9301 = AXIS2_PLACEMENT_3D('',#9302,#9303,#9304);
#9302 = CARTESIAN_POINT('',(23.35,-0.9,-1.25));
#9303 = DIRECTION('',(0.,-0.707106781187,-0.707106781187));
#9304 = DIRECTION('',(-1.,0.,0.));
#9305 = DEFINITIONAL_REPRESENTATION('',(#9306),#9311);
#9306 = B_SPLINE_CURVE_WITH_KNOTS('',3,(#9307,#9308,#9309,#9310),
  .UNSPECIFIED.,.F.,.F.,(4,4),(-0.227064510661,0.),
  .PIECEWISE_BEZIER_KNOTS.);
#9307 = CARTESIAN_POINT('',(17.619699478228,1.131370849898));
#9308 = CARTESIAN_POINT('',(17.476062496554,0.387780632699));
#9309 = CARTESIAN_POINT('',(17.343926380366,-0.383868465422));
#9310 = CARTESIAN_POINT('',(17.225140453871,-1.131370849898));
#9311 = ( GEOMETRIC_REPRESENTATION_CONTEXT(2) 
PARAMETRIC_REPRESENTATION_CONTEXT() REPRESENTATION_CONTEXT('2D SPACE',''
  ) );
#9312 = ADVANCED_FACE('',(#9313),#9300,.T.);
#9313 = FACE_BOUND('',#9314,.T.);
#9314 = EDGE_LOOP('',(#9315,#9338,#9339,#9362));
#9315 = ORIENTED_EDGE('',*,*,#9316,.T.);
#9316 = EDGE_CURVE('',#9317,#9210,#9319,.T.);
#9317 = VERTEX_POINT('',#9318);
#9318 = CARTESIAN_POINT('',(27.675140453871,-1.7,-0.45));
#9319 = SURFACE_CURVE('',#9320,(#9324,#9331),.PCURVE_S1.);
#9320 = LINE('',#9321,#9322);
#9321 = CARTESIAN_POINT('',(23.35,-1.7,-0.45));
#9322 = VECTOR('',#9323,1.);
#9323 = DIRECTION('',(-1.,0.,0.));
#9324 = PCURVE('',#9300,#9325);
#9325 = DEFINITIONAL_REPRESENTATION('',(#9326),#9330);
#9326 = LINE('',#9327,#9328);
#9327 = CARTESIAN_POINT('',(0.,-1.131370849898));
#9328 = VECTOR('',#9329,1.);
#9329 = DIRECTION('',(1.,0.));
#9330 = ( GEOMETRIC_REPRESENTATION_CONTEXT(2) 
PARAMETRIC_REPRESENTATION_CONTEXT() REPRESENTATION_CONTEXT('2D SPACE',''
  ) );
#9331 = PCURVE('',#2397,#9332);
#9332 = DEFINITIONAL_REPRESENTATION('',(#9333),#9337);
#9333 = LINE('',#9334,#9335);
#9334 = CARTESIAN_POINT('',(6.45,-1.6));
#9335 = VECTOR('',#9336,1.);
#9336 = DIRECTION('',(1.,0.));
#9337 = ( GEOMETRIC_REPRESENTATION_CONTEXT(2) 
PARAMETRIC_REPRESENTATION_CONTEXT() REPRESENTATION_CONTEXT('2D SPACE',''
  ) );
#9338 = ORIENTED_EDGE('',*,*,#9263,.F.);
#9339 = ORIENTED_EDGE('',*,*,#9340,.T.);
#9340 = EDGE_CURVE('',#9235,#9341,#9343,.T.);
#9341 = VERTEX_POINT('',#9342);
#9342 = CARTESIAN_POINT('',(28.069699478228,-0.1,-2.05));
#9343 = SURFACE_CURVE('',#9344,(#9348,#9355),.PCURVE_S1.);
#9344 = LINE('',#9345,#9346);
#9345 = CARTESIAN_POINT('',(23.35,-0.1,-2.05));
#9346 = VECTOR('',#9347,1.);
#9347 = DIRECTION('',(1.,0.,0.));
#9348 = PCURVE('',#9300,#9349);
#9349 = DEFINITIONAL_REPRESENTATION('',(#9350),#9354);
#9350 = LINE('',#9351,#9352);
#9351 = CARTESIAN_POINT('',(-0.,1.131370849898));
#9352 = VECTOR('',#9353,1.);
#9353 = DIRECTION('',(-1.,0.));
#9354 = ( GEOMETRIC_REPRESENTATION_CONTEXT(2) 
PARAMETRIC_REPRESENTATION_CONTEXT() REPRESENTATION_CONTEXT('2D SPACE',''
  ) );
#9355 = PCURVE('',#238,#9356);
#9356 = DEFINITIONAL_REPRESENTATION('',(#9357),#9361);
#9357 = LINE('',#9358,#9359);
#9358 = CARTESIAN_POINT('',(-6.45,23.08));
#9359 = VECTOR('',#9360,1.);
#9360 = DIRECTION('',(-1.,0.));
#9361 = ( GEOMETRIC_REPRESENTATION_CONTEXT(2) 
PARAMETRIC_REPRESENTATION_CONTEXT() REPRESENTATION_CONTEXT('2D SPACE',''
  ) );
#9362 = ORIENTED_EDGE('',*,*,#9363,.T.);
#9363 = EDGE_CURVE('',#9341,#9317,#9364,.T.);
#9364 = SURFACE_CURVE('',#9365,(#9370,#9378),.PCURVE_S1.);
#9365 = B_SPLINE_CURVE_WITH_KNOTS('',3,(#9366,#9367,#9368,#9369),
  .UNSPECIFIED.,.F.,.F.,(4,4),(-0.227064510661,0.),
  .PIECEWISE_BEZIER_KNOTS.);
#9366 = CARTESIAN_POINT('',(28.069699478228,-0.1,-2.05));
#9367 = CARTESIAN_POINT('',(27.926062496554,-0.625797685006,
    -1.524202314994));
#9368 = CARTESIAN_POINT('',(27.793926380366,-1.171435994983,
    -0.978564005017));
#9369 = CARTESIAN_POINT('',(27.675140453871,-1.7,-0.45));
#9370 = PCURVE('',#9300,#9371);
#9371 = DEFINITIONAL_REPRESENTATION('',(#9372),#9377);
#9372 = B_SPLINE_CURVE_WITH_KNOTS('',3,(#9373,#9374,#9375,#9376),
  .UNSPECIFIED.,.F.,.F.,(4,4),(-0.227064510661,0.),
  .PIECEWISE_BEZIER_KNOTS.);
#9373 = CARTESIAN_POINT('',(-4.719699478228,1.131370849898));
#9374 = CARTESIAN_POINT('',(-4.576062496554,0.387780632699));
#9375 = CARTESIAN_POINT('',(-4.443926380366,-0.383868465422));
#9376 = CARTESIAN_POINT('',(-4.325140453871,-1.131370849898));
#9377 = ( GEOMETRIC_REPRESENTATION_CONTEXT(2) 
PARAMETRIC_REPRESENTATION_CONTEXT() REPRESENTATION_CONTEXT('2D SPACE',''
  ) );
#9378 = PCURVE('',#8654,#9379);
#9379 = DEFINITIONAL_REPRESENTATION('',(#9380),#9406);
#9380 = B_SPLINE_CURVE_WITH_KNOTS('',3,(#9381,#9382,#9383,#9384,#9385,
    #9386,#9387,#9388,#9389,#9390,#9391,#9392,#9393,#9394,#9395,#9396,
    #9397,#9398,#9399,#9400,#9401,#9402,#9403,#9404,#9405),
  .UNSPECIFIED.,.F.,.F.,(4,1,1,1,1,1,1,1,1,1,1,1,1,1,1,1,1,1,1,1,1,1,4),
  (-0.227064510661,-0.21674339654,-0.206422282419,-0.196101168298,
    -0.185780054177,-0.175458940056,-0.165137825935,-0.154816711815,
    -0.144495597694,-0.134174483573,-0.123853369452,-0.113532255331,
    -0.10321114121,-9.289002708871E-02,-8.256891296774E-02,
    -7.224779884678E-02,-6.192668472581E-02,-5.160557060484E-02,
    -4.128445648387E-02,-3.09633423629E-02,-2.064222824194E-02,
    -1.032111412097E-02,0.),.UNSPECIFIED.);
#9381 = CARTESIAN_POINT('',(4.179043731474,-0.8));
#9382 = CARTESIAN_POINT('',(4.180857310867,-0.776100105529));
#9383 = CARTESIAN_POINT('',(4.184435246572,-0.728218342559));
#9384 = CARTESIAN_POINT('',(4.189659307131,-0.656170564729));
#9385 = CARTESIAN_POINT('',(4.194745437009,-0.583918440935));
#9386 = CARTESIAN_POINT('',(4.19969824727,-0.511482763135));
#9387 = CARTESIAN_POINT('',(4.204522165711,-0.43888432565));
#9388 = CARTESIAN_POINT('',(4.209221418639,-0.366143925189));
#9389 = CARTESIAN_POINT('',(4.213800048378,-0.29328236034));
#9390 = CARTESIAN_POINT('',(4.218261920493,-0.220320431252));
#9391 = CARTESIAN_POINT('',(4.222610733084,-0.14727893931));
#9392 = CARTESIAN_POINT('',(4.226850024903,-7.417868684985E-02));
#9393 = CARTESIAN_POINT('',(4.230983183176,-1.04047690177E-03));
#9394 = CARTESIAN_POINT('',(4.235013450953,7.211488704703E-02));
#9395 = CARTESIAN_POINT('',(4.238943934047,0.145266601265));
#9396 = CARTESIAN_POINT('',(4.242777607592,0.218393861968));
#9397 = CARTESIAN_POINT('',(4.246517322237,0.291475865501));
#9398 = CARTESIAN_POINT('',(4.250165809975,0.364491808495));
#9399 = CARTESIAN_POINT('',(4.253725689732,0.437420888015));
#9400 = CARTESIAN_POINT('',(4.25719947237,0.5102423017));
#9401 = CARTESIAN_POINT('',(4.260589566418,0.582935247875));
#9402 = CARTESIAN_POINT('',(4.263898279789,0.655478925707));
#9403 = CARTESIAN_POINT('',(4.267127835179,0.727852535171));
#9404 = CARTESIAN_POINT('',(4.269229500567,0.775974363499));
#9405 = CARTESIAN_POINT('',(4.270267846298,0.8));
#9406 = ( GEOMETRIC_REPRESENTATION_CONTEXT(2) 
PARAMETRIC_REPRESENTATION_CONTEXT() REPRESENTATION_CONTEXT('2D SPACE',''
  ) );
#9407 = ADVANCED_FACE('',(#9408),#8654,.T.);
#9408 = FACE_BOUND('',#9409,.T.);
#9409 = EDGE_LOOP('',(#9410,#9432,#9433,#9460));
#9410 = ORIENTED_EDGE('',*,*,#9411,.T.);
#9411 = EDGE_CURVE('',#6938,#9317,#9412,.T.);
#9412 = SURFACE_CURVE('',#9413,(#9418,#9425),.PCURVE_S1.);
#9413 = CIRCLE('',#9414,5.2);
#9414 = AXIS2_PLACEMENT_3D('',#9415,#9416,#9417);
#9415 = CARTESIAN_POINT('',(29.9,3.,-0.45));
#9416 = DIRECTION('',(0.,0.,-1.));
#9417 = DIRECTION('',(1.,0.,0.));
#9418 = PCURVE('',#8654,#9419);
#9419 = DEFINITIONAL_REPRESENTATION('',(#9420),#9424);
#9420 = LINE('',#9421,#9422);
#9421 = CARTESIAN_POINT('',(6.28318530718,0.8));
#9422 = VECTOR('',#9423,1.);
#9423 = DIRECTION('',(-1.,1.060534090227E-15));
#9424 = ( GEOMETRIC_REPRESENTATION_CONTEXT(2) 
PARAMETRIC_REPRESENTATION_CONTEXT() REPRESENTATION_CONTEXT('2D SPACE',''
  ) );
#9425 = PCURVE('',#2430,#9426);
#9426 = DEFINITIONAL_REPRESENTATION('',(#9427),#9431);
#9427 = LINE('',#9428,#9429);
#9428 = CARTESIAN_POINT('',(6.28318530718,1.6));
#9429 = VECTOR('',#9430,1.);
#9430 = DIRECTION('',(-1.,0.));
#9431 = ( GEOMETRIC_REPRESENTATION_CONTEXT(2) 
PARAMETRIC_REPRESENTATION_CONTEXT() REPRESENTATION_CONTEXT('2D SPACE',''
  ) );
#9432 = ORIENTED_EDGE('',*,*,#9363,.F.);
#9433 = ORIENTED_EDGE('',*,*,#9434,.T.);
#9434 = EDGE_CURVE('',#9341,#8570,#9435,.T.);
#9435 = SURFACE_CURVE('',#9436,(#9441,#9448),.PCURVE_S1.);
#9436 = CIRCLE('',#9437,3.6);
#9437 = AXIS2_PLACEMENT_3D('',#9438,#9439,#9440);
#9438 = CARTESIAN_POINT('',(29.9,3.,-2.05));
#9439 = DIRECTION('',(0.,0.,1.));
#9440 = DIRECTION('',(1.,0.,0.));
#9441 = PCURVE('',#8654,#9442);
#9442 = DEFINITIONAL_REPRESENTATION('',(#9443),#9447);
#9443 = LINE('',#9444,#9445);
#9444 = CARTESIAN_POINT('',(0.,-0.8));
#9445 = VECTOR('',#9446,1.);
#9446 = DIRECTION('',(1.,7.166004251499E-16));
#9447 = ( GEOMETRIC_REPRESENTATION_CONTEXT(2) 
PARAMETRIC_REPRESENTATION_CONTEXT() REPRESENTATION_CONTEXT('2D SPACE',''
  ) );
#9448 = PCURVE('',#9449,#9454);
#9449 = TOROIDAL_SURFACE('',#9450,2.8,0.8);
#9450 = AXIS2_PLACEMENT_3D('',#9451,#9452,#9453);
#9451 = CARTESIAN_POINT('',(29.9,3.,-2.05));
#9452 = DIRECTION('',(0.,0.,-1.));
#9453 = DIRECTION('',(-1.,0.,0.));
#9454 = DEFINITIONAL_REPRESENTATION('',(#9455),#9459);
#9455 = LINE('',#9456,#9457);
#9456 = CARTESIAN_POINT('',(3.14159265359,0.));
#9457 = VECTOR('',#9458,1.);
#9458 = DIRECTION('',(-1.,0.));
#9459 = ( GEOMETRIC_REPRESENTATION_CONTEXT(2) 
PARAMETRIC_REPRESENTATION_CONTEXT() REPRESENTATION_CONTEXT('2D SPACE',''
  ) );
#9460 = ORIENTED_EDGE('',*,*,#8617,.F.);
#9461 = ADVANCED_FACE('',(#9462),#1557,.T.);
#9462 = FACE_BOUND('',#9463,.T.);
#9463 = EDGE_LOOP('',(#9464,#9465,#9466,#9467,#9490,#9511,#9512,#9513,
    #9514,#9515,#9516,#9517));
#9464 = ORIENTED_EDGE('',*,*,#7749,.T.);
#9465 = ORIENTED_EDGE('',*,*,#7884,.T.);
#9466 = ORIENTED_EDGE('',*,*,#8595,.F.);
#9467 = ORIENTED_EDGE('',*,*,#9468,.T.);
#9468 = EDGE_CURVE('',#8572,#9469,#9471,.T.);
#9469 = VERTEX_POINT('',#9470);
#9470 = CARTESIAN_POINT('',(33.9,42.06,-2.05));
#9471 = SURFACE_CURVE('',#9472,(#9476,#9483),.PCURVE_S1.);
#9472 = LINE('',#9473,#9474);
#9473 = CARTESIAN_POINT('',(33.9,32.47,-2.05));
#9474 = VECTOR('',#9475,1.);
#9475 = DIRECTION('',(-1.169887275685E-16,1.,0.));
#9476 = PCURVE('',#1557,#9477);
#9477 = DEFINITIONAL_REPRESENTATION('',(#9478),#9482);
#9478 = LINE('',#9479,#9480);
#9479 = CARTESIAN_POINT('',(1.131370849898,9.860761315263E-32));
#9480 = VECTOR('',#9481,1.);
#9481 = DIRECTION('',(8.272352258608E-17,1.));
#9482 = ( GEOMETRIC_REPRESENTATION_CONTEXT(2) 
PARAMETRIC_REPRESENTATION_CONTEXT() REPRESENTATION_CONTEXT('2D SPACE',''
  ) );
#9483 = PCURVE('',#238,#9484);
#9484 = DEFINITIONAL_REPRESENTATION('',(#9485),#9489);
#9485 = LINE('',#9486,#9487);
#9486 = CARTESIAN_POINT('',(-17.,-9.49));
#9487 = VECTOR('',#9488,1.);
#9488 = DIRECTION('',(1.169887275685E-16,-1.));
#9489 = ( GEOMETRIC_REPRESENTATION_CONTEXT(2) 
PARAMETRIC_REPRESENTATION_CONTEXT() REPRESENTATION_CONTEXT('2D SPACE',''
  ) );
#9490 = ORIENTED_EDGE('',*,*,#9491,.T.);
#9491 = EDGE_CURVE('',#9469,#6813,#9492,.T.);
#9492 = SURFACE_CURVE('',#9493,(#9497,#9504),.PCURVE_S1.);
#9493 = LINE('',#9494,#9495);
#9494 = CARTESIAN_POINT('',(33.9,42.06,-2.05));
#9495 = VECTOR('',#9496,1.);
#9496 = DIRECTION('',(0.707106781187,0.,0.707106781187));
#9497 = PCURVE('',#1557,#9498);
#9498 = DEFINITIONAL_REPRESENTATION('',(#9499),#9503);
#9499 = LINE('',#9500,#9501);
#9500 = CARTESIAN_POINT('',(1.131370849898,9.59));
#9501 = VECTOR('',#9502,1.);
#9502 = DIRECTION('',(-1.,-6.162975822039E-33));
#9503 = ( GEOMETRIC_REPRESENTATION_CONTEXT(2) 
PARAMETRIC_REPRESENTATION_CONTEXT() REPRESENTATION_CONTEXT('2D SPACE',''
  ) );
#9504 = PCURVE('',#6852,#9505);
#9505 = DEFINITIONAL_REPRESENTATION('',(#9506),#9510);
#9506 = LINE('',#9507,#9508);
#9507 = CARTESIAN_POINT('',(5.497787143782,-0.8));
#9508 = VECTOR('',#9509,1.);
#9509 = DIRECTION('',(5.551115123126E-16,1.));
#9510 = ( GEOMETRIC_REPRESENTATION_CONTEXT(2) 
PARAMETRIC_REPRESENTATION_CONTEXT() REPRESENTATION_CONTEXT('2D SPACE',''
  ) );
#9511 = ORIENTED_EDGE('',*,*,#7909,.T.);
#9512 = ORIENTED_EDGE('',*,*,#2656,.T.);
#9513 = ORIENTED_EDGE('',*,*,#2839,.T.);
#9514 = ORIENTED_EDGE('',*,*,#7220,.T.);
#9515 = ORIENTED_EDGE('',*,*,#7334,.T.);
#9516 = ORIENTED_EDGE('',*,*,#1518,.T.);
#9517 = ORIENTED_EDGE('',*,*,#7693,.T.);
#9518 = ADVANCED_FACE('',(#9519),#6852,.T.);
#9519 = FACE_BOUND('',#9520,.T.);
#9520 = EDGE_LOOP('',(#9521,#9522,#9523,#9545));
#9521 = ORIENTED_EDGE('',*,*,#6835,.T.);
#9522 = ORIENTED_EDGE('',*,*,#9491,.F.);
#9523 = ORIENTED_EDGE('',*,*,#9524,.T.);
#9524 = EDGE_CURVE('',#9469,#8692,#9525,.T.);
#9525 = SURFACE_CURVE('',#9526,(#9531,#9538),.PCURVE_S1.);
#9526 = CIRCLE('',#9527,4.);
#9527 = AXIS2_PLACEMENT_3D('',#9528,#9529,#9530);
#9528 = CARTESIAN_POINT('',(29.9,42.06,-2.05));
#9529 = DIRECTION('',(0.,-0.,1.));
#9530 = DIRECTION('',(0.707106781187,0.707106781187,0.));
#9531 = PCURVE('',#6852,#9532);
#9532 = DEFINITIONAL_REPRESENTATION('',(#9533),#9537);
#9533 = LINE('',#9534,#9535);
#9534 = CARTESIAN_POINT('',(8.881784197001E-16,-0.8));
#9535 = VECTOR('',#9536,1.);
#9536 = DIRECTION('',(1.,1.391484333019E-15));
#9537 = ( GEOMETRIC_REPRESENTATION_CONTEXT(2) 
PARAMETRIC_REPRESENTATION_CONTEXT() REPRESENTATION_CONTEXT('2D SPACE',''
  ) );
#9538 = PCURVE('',#238,#9539);
#9539 = DEFINITIONAL_REPRESENTATION('',(#9540),#9544);
#9540 = CIRCLE('',#9541,4.);
#9541 = AXIS2_PLACEMENT_2D('',#9542,#9543);
#9542 = CARTESIAN_POINT('',(-13.,-19.08));
#9543 = DIRECTION('',(-0.707106781187,-0.707106781187));
#9544 = ( GEOMETRIC_REPRESENTATION_CONTEXT(2) 
PARAMETRIC_REPRESENTATION_CONTEXT() REPRESENTATION_CONTEXT('2D SPACE',''
  ) );
#9545 = ORIENTED_EDGE('',*,*,#8796,.T.);
#9546 = ADVANCED_FACE('',(#9547),#1271,.T.);
#9547 = FACE_BOUND('',#9548,.T.);
#9548 = EDGE_LOOP('',(#9549,#9550,#9571,#9572));
#9549 = ORIENTED_EDGE('',*,*,#8774,.F.);
#9550 = ORIENTED_EDGE('',*,*,#9551,.F.);
#9551 = EDGE_CURVE('',#1251,#8723,#9552,.T.);
#9552 = SURFACE_CURVE('',#9553,(#9557,#9564),.PCURVE_S1.);
#9553 = LINE('',#9554,#9555);
#9554 = CARTESIAN_POINT('',(27.675140453871,47.66,-2.05));
#9555 = VECTOR('',#9556,1.);
#9556 = DIRECTION('',(0.,0.,-1.));
#9557 = PCURVE('',#1271,#9558);
#9558 = DEFINITIONAL_REPRESENTATION('',(#9559),#9563);
#9559 = LINE('',#9560,#9561);
#9560 = CARTESIAN_POINT('',(2.012917460882,0.));
#9561 = VECTOR('',#9562,1.);
#9562 = DIRECTION('',(0.,-1.));
#9563 = ( GEOMETRIC_REPRESENTATION_CONTEXT(2) 
PARAMETRIC_REPRESENTATION_CONTEXT() REPRESENTATION_CONTEXT('2D SPACE',''
  ) );
#9564 = PCURVE('',#1299,#9565);
#9565 = DEFINITIONAL_REPRESENTATION('',(#9566),#9570);
#9566 = LINE('',#9567,#9568);
#9567 = CARTESIAN_POINT('',(23.675140453871,0.));
#9568 = VECTOR('',#9569,1.);
#9569 = DIRECTION('',(0.,1.));
#9570 = ( GEOMETRIC_REPRESENTATION_CONTEXT(2) 
PARAMETRIC_REPRESENTATION_CONTEXT() REPRESENTATION_CONTEXT('2D SPACE',''
  ) );
#9571 = ORIENTED_EDGE('',*,*,#1250,.F.);
#9572 = ORIENTED_EDGE('',*,*,#6864,.F.);
#9573 = ADVANCED_FACE('',(#9574),#1299,.T.);
#9574 = FACE_BOUND('',#9575,.T.);
#9575 = EDGE_LOOP('',(#9576,#9577,#9598,#9599));
#9576 = ORIENTED_EDGE('',*,*,#8940,.F.);
#9577 = ORIENTED_EDGE('',*,*,#9578,.T.);
#9578 = EDGE_CURVE('',#8889,#1284,#9579,.T.);
#9579 = SURFACE_CURVE('',#9580,(#9584,#9591),.PCURVE_S1.);
#9580 = LINE('',#9581,#9582);
#9581 = CARTESIAN_POINT('',(6.124859546129,47.66,-2.05));
#9582 = VECTOR('',#9583,1.);
#9583 = DIRECTION('',(0.,0.,1.));
#9584 = PCURVE('',#1299,#9585);
#9585 = DEFINITIONAL_REPRESENTATION('',(#9586),#9590);
#9586 = LINE('',#9587,#9588);
#9587 = CARTESIAN_POINT('',(2.124859546129,0.));
#9588 = VECTOR('',#9589,1.);
#9589 = DIRECTION('',(0.,-1.));
#9590 = ( GEOMETRIC_REPRESENTATION_CONTEXT(2) 
PARAMETRIC_REPRESENTATION_CONTEXT() REPRESENTATION_CONTEXT('2D SPACE',''
  ) );
#9591 = PCURVE('',#572,#9592);
#9592 = DEFINITIONAL_REPRESENTATION('',(#9593),#9597);
#9593 = LINE('',#9594,#9595);
#9594 = CARTESIAN_POINT('',(1.128675192708,0.));
#9595 = VECTOR('',#9596,1.);
#9596 = DIRECTION('',(0.,1.));
#9597 = ( GEOMETRIC_REPRESENTATION_CONTEXT(2) 
PARAMETRIC_REPRESENTATION_CONTEXT() REPRESENTATION_CONTEXT('2D SPACE',''
  ) );
#9598 = ORIENTED_EDGE('',*,*,#1283,.T.);
#9599 = ORIENTED_EDGE('',*,*,#9551,.T.);
#9600 = ADVANCED_FACE('',(#9601),#572,.T.);
#9601 = FACE_BOUND('',#9602,.T.);
#9602 = EDGE_LOOP('',(#9603,#9604,#9605,#9606));
#9603 = ORIENTED_EDGE('',*,*,#9183,.F.);
#9604 = ORIENTED_EDGE('',*,*,#556,.F.);
#9605 = ORIENTED_EDGE('',*,*,#1311,.F.);
#9606 = ORIENTED_EDGE('',*,*,#9578,.F.);
#9607 = ADVANCED_FACE('',(#9608),#4979,.F.);
#9608 = FACE_BOUND('',#9609,.T.);
#9609 = EDGE_LOOP('',(#9610,#9611,#9633,#9634));
#9610 = ORIENTED_EDGE('',*,*,#8865,.F.);
#9611 = ORIENTED_EDGE('',*,*,#9612,.T.);
#9612 = EDGE_CURVE('',#8694,#4964,#9613,.T.);
#9613 = SURFACE_CURVE('',#9614,(#9619,#9626),.PCURVE_S1.);
#9614 = CIRCLE('',#9615,3.6);
#9615 = AXIS2_PLACEMENT_3D('',#9616,#9617,#9618);
#9616 = CARTESIAN_POINT('',(29.9,42.96,-2.05));
#9617 = DIRECTION('',(0.,0.,1.));
#9618 = DIRECTION('',(1.,0.,0.));
#9619 = PCURVE('',#4979,#9620);
#9620 = DEFINITIONAL_REPRESENTATION('',(#9621),#9625);
#9621 = CIRCLE('',#9622,3.6);
#9622 = AXIS2_PLACEMENT_2D('',#9623,#9624);
#9623 = CARTESIAN_POINT('',(-13.,-19.98));
#9624 = DIRECTION('',(-1.,0.));
#9625 = ( GEOMETRIC_REPRESENTATION_CONTEXT(2) 
PARAMETRIC_REPRESENTATION_CONTEXT() REPRESENTATION_CONTEXT('2D SPACE',''
  ) );
#9626 = PCURVE('',#4552,#9627);
#9627 = DEFINITIONAL_REPRESENTATION('',(#9628),#9632);
#9628 = LINE('',#9629,#9630);
#9629 = CARTESIAN_POINT('',(7.742643395059,0.));
#9630 = VECTOR('',#9631,1.);
#9631 = DIRECTION('',(-1.,0.));
#9632 = ( GEOMETRIC_REPRESENTATION_CONTEXT(2) 
PARAMETRIC_REPRESENTATION_CONTEXT() REPRESENTATION_CONTEXT('2D SPACE',''
  ) );
#9633 = ORIENTED_EDGE('',*,*,#4963,.T.);
#9634 = ORIENTED_EDGE('',*,*,#9635,.T.);
#9635 = EDGE_CURVE('',#4900,#8866,#9636,.T.);
#9636 = SURFACE_CURVE('',#9637,(#9642,#9649),.PCURVE_S1.);
#9637 = CIRCLE('',#9638,3.6);
#9638 = AXIS2_PLACEMENT_3D('',#9639,#9640,#9641);
#9639 = CARTESIAN_POINT('',(3.9,42.96,-2.05));
#9640 = DIRECTION('',(0.,0.,1.));
#9641 = DIRECTION('',(1.,0.,0.));
#9642 = PCURVE('',#4979,#9643);
#9643 = DEFINITIONAL_REPRESENTATION('',(#9644),#9648);
#9644 = CIRCLE('',#9645,3.6);
#9645 = AXIS2_PLACEMENT_2D('',#9646,#9647);
#9646 = CARTESIAN_POINT('',(13.,-19.98));
#9647 = DIRECTION('',(-1.,0.));
#9648 = ( GEOMETRIC_REPRESENTATION_CONTEXT(2) 
PARAMETRIC_REPRESENTATION_CONTEXT() REPRESENTATION_CONTEXT('2D SPACE',''
  ) );
#9649 = PCURVE('',#4929,#9650);
#9650 = DEFINITIONAL_REPRESENTATION('',(#9651),#9655);
#9651 = LINE('',#9652,#9653);
#9652 = CARTESIAN_POINT('',(14.248532793838,0.));
#9653 = VECTOR('',#9654,1.);
#9654 = DIRECTION('',(-1.,0.));
#9655 = ( GEOMETRIC_REPRESENTATION_CONTEXT(2) 
PARAMETRIC_REPRESENTATION_CONTEXT() REPRESENTATION_CONTEXT('2D SPACE',''
  ) );
#9656 = ADVANCED_FACE('',(#9657),#9449,.T.);
#9657 = FACE_BOUND('',#9658,.T.);
#9658 = EDGE_LOOP('',(#9659,#9692,#9716,#9738,#9739,#9761));
#9659 = ORIENTED_EDGE('',*,*,#9660,.T.);
#9660 = EDGE_CURVE('',#9661,#9661,#9663,.T.);
#9661 = VERTEX_POINT('',#9662);
#9662 = CARTESIAN_POINT('',(32.7,3.,-2.85));
#9663 = SURFACE_CURVE('',#9664,(#9669,#9676),.PCURVE_S1.);
#9664 = CIRCLE('',#9665,2.8);
#9665 = AXIS2_PLACEMENT_3D('',#9666,#9667,#9668);
#9666 = CARTESIAN_POINT('',(29.9,3.,-2.85));
#9667 = DIRECTION('',(0.,0.,1.));
#9668 = DIRECTION('',(1.,0.,0.));
#9669 = PCURVE('',#9449,#9670);
#9670 = DEFINITIONAL_REPRESENTATION('',(#9671),#9675);
#9671 = LINE('',#9672,#9673);
#9672 = CARTESIAN_POINT('',(3.14159265359,1.570796326795));
#9673 = VECTOR('',#9674,1.);
#9674 = DIRECTION('',(-1.,0.));
#9675 = ( GEOMETRIC_REPRESENTATION_CONTEXT(2) 
PARAMETRIC_REPRESENTATION_CONTEXT() REPRESENTATION_CONTEXT('2D SPACE',''
  ) );
#9676 = PCURVE('',#9677,#9682);
#9677 = PLANE('',#9678);
#9678 = AXIS2_PLACEMENT_3D('',#9679,#9680,#9681);
#9679 = CARTESIAN_POINT('',(16.9,23.23,-2.85));
#9680 = DIRECTION('',(0.,0.,-1.));
#9681 = DIRECTION('',(1.,0.,0.));
#9682 = DEFINITIONAL_REPRESENTATION('',(#9683),#9691);
#9683 = ( BOUNDED_CURVE() B_SPLINE_CURVE(2,(#9684,#9685,#9686,#9687,
#9688,#9689,#9690),.UNSPECIFIED.,.T.,.F.) B_SPLINE_CURVE_WITH_KNOTS((1,2
    ,2,2,2,1),(-2.094395102393,0.,2.094395102393,4.188790204786,
6.28318530718,8.377580409573),.UNSPECIFIED.) CURVE() 
GEOMETRIC_REPRESENTATION_ITEM() RATIONAL_B_SPLINE_CURVE((1.,0.5,1.,0.5,
1.,0.5,1.)) REPRESENTATION_ITEM('') );
#9684 = CARTESIAN_POINT('',(15.8,20.23));
#9685 = CARTESIAN_POINT('',(15.8,15.380257738807));
#9686 = CARTESIAN_POINT('',(11.6,17.805128869404));
#9687 = CARTESIAN_POINT('',(7.4,20.23));
#9688 = CARTESIAN_POINT('',(11.6,22.654871130596));
#9689 = CARTESIAN_POINT('',(15.8,25.079742261193));
#9690 = CARTESIAN_POINT('',(15.8,20.23));
#9691 = ( GEOMETRIC_REPRESENTATION_CONTEXT(2) 
PARAMETRIC_REPRESENTATION_CONTEXT() REPRESENTATION_CONTEXT('2D SPACE',''
  ) );
#9692 = ORIENTED_EDGE('',*,*,#9693,.T.);
#9693 = EDGE_CURVE('',#9661,#9694,#9696,.T.);
#9694 = VERTEX_POINT('',#9695);
#9695 = CARTESIAN_POINT('',(33.5,3.,-2.05));
#9696 = SEAM_CURVE('',#9697,(#9702,#9709),.PCURVE_S1.);
#9697 = CIRCLE('',#9698,0.8);
#9698 = AXIS2_PLACEMENT_3D('',#9699,#9700,#9701);
#9699 = CARTESIAN_POINT('',(32.7,3.,-2.05));
#9700 = DIRECTION('',(-1.54197642309E-16,-1.,0.));
#9701 = DIRECTION('',(1.,-1.54197642309E-16,0.));
#9702 = PCURVE('',#9449,#9703);
#9703 = DEFINITIONAL_REPRESENTATION('',(#9704),#9708);
#9704 = LINE('',#9705,#9706);
#9705 = CARTESIAN_POINT('',(-3.14159265359,6.28318530718));
#9706 = VECTOR('',#9707,1.);
#9707 = DIRECTION('',(0.,-1.));
#9708 = ( GEOMETRIC_REPRESENTATION_CONTEXT(2) 
PARAMETRIC_REPRESENTATION_CONTEXT() REPRESENTATION_CONTEXT('2D SPACE',''
  ) );
#9709 = PCURVE('',#9449,#9710);
#9710 = DEFINITIONAL_REPRESENTATION('',(#9711),#9715);
#9711 = LINE('',#9712,#9713);
#9712 = CARTESIAN_POINT('',(3.14159265359,6.28318530718));
#9713 = VECTOR('',#9714,1.);
#9714 = DIRECTION('',(0.,-1.));
#9715 = ( GEOMETRIC_REPRESENTATION_CONTEXT(2) 
PARAMETRIC_REPRESENTATION_CONTEXT() REPRESENTATION_CONTEXT('2D SPACE',''
  ) );
#9716 = ORIENTED_EDGE('',*,*,#9717,.F.);
#9717 = EDGE_CURVE('',#8570,#9694,#9718,.T.);
#9718 = SURFACE_CURVE('',#9719,(#9724,#9731),.PCURVE_S1.);
#9719 = CIRCLE('',#9720,3.6);
#9720 = AXIS2_PLACEMENT_3D('',#9721,#9722,#9723);
#9721 = CARTESIAN_POINT('',(29.9,3.,-2.05));
#9722 = DIRECTION('',(0.,0.,1.));
#9723 = DIRECTION('',(1.,0.,0.));
#9724 = PCURVE('',#9449,#9725);
#9725 = DEFINITIONAL_REPRESENTATION('',(#9726),#9730);
#9726 = LINE('',#9727,#9728);
#9727 = CARTESIAN_POINT('',(3.14159265359,0.));
#9728 = VECTOR('',#9729,1.);
#9729 = DIRECTION('',(-1.,0.));
#9730 = ( GEOMETRIC_REPRESENTATION_CONTEXT(2) 
PARAMETRIC_REPRESENTATION_CONTEXT() REPRESENTATION_CONTEXT('2D SPACE',''
  ) );
#9731 = PCURVE('',#238,#9732);
#9732 = DEFINITIONAL_REPRESENTATION('',(#9733),#9737);
#9733 = CIRCLE('',#9734,3.6);
#9734 = AXIS2_PLACEMENT_2D('',#9735,#9736);
#9735 = CARTESIAN_POINT('',(-13.,19.98));
#9736 = DIRECTION('',(-1.,0.));
#9737 = ( GEOMETRIC_REPRESENTATION_CONTEXT(2) 
PARAMETRIC_REPRESENTATION_CONTEXT() REPRESENTATION_CONTEXT('2D SPACE',''
  ) );
#9738 = ORIENTED_EDGE('',*,*,#9434,.F.);
#9739 = ORIENTED_EDGE('',*,*,#9740,.F.);
#9740 = EDGE_CURVE('',#9694,#9341,#9741,.T.);
#9741 = SURFACE_CURVE('',#9742,(#9747,#9754),.PCURVE_S1.);
#9742 = CIRCLE('',#9743,3.6);
#9743 = AXIS2_PLACEMENT_3D('',#9744,#9745,#9746);
#9744 = CARTESIAN_POINT('',(29.9,3.,-2.05));
#9745 = DIRECTION('',(0.,0.,1.));
#9746 = DIRECTION('',(1.,0.,0.));
#9747 = PCURVE('',#9449,#9748);
#9748 = DEFINITIONAL_REPRESENTATION('',(#9749),#9753);
#9749 = LINE('',#9750,#9751);
#9750 = CARTESIAN_POINT('',(3.14159265359,0.));
#9751 = VECTOR('',#9752,1.);
#9752 = DIRECTION('',(-1.,0.));
#9753 = ( GEOMETRIC_REPRESENTATION_CONTEXT(2) 
PARAMETRIC_REPRESENTATION_CONTEXT() REPRESENTATION_CONTEXT('2D SPACE',''
  ) );
#9754 = PCURVE('',#238,#9755);
#9755 = DEFINITIONAL_REPRESENTATION('',(#9756),#9760);
#9756 = CIRCLE('',#9757,3.6);
#9757 = AXIS2_PLACEMENT_2D('',#9758,#9759);
#9758 = CARTESIAN_POINT('',(-13.,19.98));
#9759 = DIRECTION('',(-1.,0.));
#9760 = ( GEOMETRIC_REPRESENTATION_CONTEXT(2) 
PARAMETRIC_REPRESENTATION_CONTEXT() REPRESENTATION_CONTEXT('2D SPACE',''
  ) );
#9761 = ORIENTED_EDGE('',*,*,#9693,.F.);
#9762 = ADVANCED_FACE('',(#9763,#9766),#9677,.T.);
#9763 = FACE_BOUND('',#9764,.T.);
#9764 = EDGE_LOOP('',(#9765));
#9765 = ORIENTED_EDGE('',*,*,#9660,.F.);
#9766 = FACE_BOUND('',#9767,.T.);
#9767 = EDGE_LOOP('',(#9768));
#9768 = ORIENTED_EDGE('',*,*,#9769,.T.);
#9769 = EDGE_CURVE('',#9770,#9770,#9772,.T.);
#9770 = VERTEX_POINT('',#9771);
#9771 = CARTESIAN_POINT('',(27.9,3.,-2.85));
#9772 = SURFACE_CURVE('',#9773,(#9778,#9789),.PCURVE_S1.);
#9773 = CIRCLE('',#9774,2.);
#9774 = AXIS2_PLACEMENT_3D('',#9775,#9776,#9777);
#9775 = CARTESIAN_POINT('',(29.9,3.,-2.85));
#9776 = DIRECTION('',(0.,0.,1.));
#9777 = DIRECTION('',(1.,0.,0.));
#9778 = PCURVE('',#9677,#9779);
#9779 = DEFINITIONAL_REPRESENTATION('',(#9780),#9788);
#9780 = ( BOUNDED_CURVE() B_SPLINE_CURVE(2,(#9781,#9782,#9783,#9784,
#9785,#9786,#9787),.UNSPECIFIED.,.T.,.F.) B_SPLINE_CURVE_WITH_KNOTS((1,2
    ,2,2,2,1),(-2.094395102393,0.,2.094395102393,4.188790204786,
6.28318530718,8.377580409573),.UNSPECIFIED.) CURVE() 
GEOMETRIC_REPRESENTATION_ITEM() RATIONAL_B_SPLINE_CURVE((1.,0.5,1.,0.5,
1.,0.5,1.)) REPRESENTATION_ITEM('') );
#9781 = CARTESIAN_POINT('',(15.,20.23));
#9782 = CARTESIAN_POINT('',(15.,16.765898384862));
#9783 = CARTESIAN_POINT('',(12.,18.497949192431));
#9784 = CARTESIAN_POINT('',(9.,20.23));
#9785 = CARTESIAN_POINT('',(12.,21.962050807569));
#9786 = CARTESIAN_POINT('',(15.,23.694101615138));
#9787 = CARTESIAN_POINT('',(15.,20.23));
#9788 = ( GEOMETRIC_REPRESENTATION_CONTEXT(2) 
PARAMETRIC_REPRESENTATION_CONTEXT() REPRESENTATION_CONTEXT('2D SPACE',''
  ) );
#9789 = PCURVE('',#9790,#9795);
#9790 = CYLINDRICAL_SURFACE('',#9791,2.);
#9791 = AXIS2_PLACEMENT_3D('',#9792,#9793,#9794);
#9792 = CARTESIAN_POINT('',(29.9,3.,-2.05));
#9793 = DIRECTION('',(0.,0.,-1.));
#9794 = DIRECTION('',(1.,0.,0.));
#9795 = DEFINITIONAL_REPRESENTATION('',(#9796),#9800);
#9796 = LINE('',#9797,#9798);
#9797 = CARTESIAN_POINT('',(6.28318530718,0.8));
#9798 = VECTOR('',#9799,1.);
#9799 = DIRECTION('',(-1.,0.));
#9800 = ( GEOMETRIC_REPRESENTATION_CONTEXT(2) 
PARAMETRIC_REPRESENTATION_CONTEXT() REPRESENTATION_CONTEXT('2D SPACE',''
  ) );
#9801 = ADVANCED_FACE('',(#9802),#9251,.T.);
#9802 = FACE_BOUND('',#9803,.T.);
#9803 = EDGE_LOOP('',(#9804,#9837,#9861,#9883,#9884,#9906));
#9804 = ORIENTED_EDGE('',*,*,#9805,.T.);
#9805 = EDGE_CURVE('',#9806,#9806,#9808,.T.);
#9806 = VERTEX_POINT('',#9807);
#9807 = CARTESIAN_POINT('',(6.7,3.,-2.85));
#9808 = SURFACE_CURVE('',#9809,(#9814,#9821),.PCURVE_S1.);
#9809 = CIRCLE('',#9810,2.8);
#9810 = AXIS2_PLACEMENT_3D('',#9811,#9812,#9813);
#9811 = CARTESIAN_POINT('',(3.9,3.,-2.85));
#9812 = DIRECTION('',(0.,0.,1.));
#9813 = DIRECTION('',(1.,0.,0.));
#9814 = PCURVE('',#9251,#9815);
#9815 = DEFINITIONAL_REPRESENTATION('',(#9816),#9820);
#9816 = LINE('',#9817,#9818);
#9817 = CARTESIAN_POINT('',(3.14159265359,1.570796326795));
#9818 = VECTOR('',#9819,1.);
#9819 = DIRECTION('',(-1.,0.));
#9820 = ( GEOMETRIC_REPRESENTATION_CONTEXT(2) 
PARAMETRIC_REPRESENTATION_CONTEXT() REPRESENTATION_CONTEXT('2D SPACE',''
  ) );
#9821 = PCURVE('',#9822,#9827);
#9822 = PLANE('',#9823);
#9823 = AXIS2_PLACEMENT_3D('',#9824,#9825,#9826);
#9824 = CARTESIAN_POINT('',(16.9,23.23,-2.85));
#9825 = DIRECTION('',(0.,0.,-1.));
#9826 = DIRECTION('',(1.,0.,0.));
#9827 = DEFINITIONAL_REPRESENTATION('',(#9828),#9836);
#9828 = ( BOUNDED_CURVE() B_SPLINE_CURVE(2,(#9829,#9830,#9831,#9832,
#9833,#9834,#9835),.UNSPECIFIED.,.T.,.F.) B_SPLINE_CURVE_WITH_KNOTS((1,2
    ,2,2,2,1),(-2.094395102393,0.,2.094395102393,4.188790204786,
6.28318530718,8.377580409573),.UNSPECIFIED.) CURVE() 
GEOMETRIC_REPRESENTATION_ITEM() RATIONAL_B_SPLINE_CURVE((1.,0.5,1.,0.5,
1.,0.5,1.)) REPRESENTATION_ITEM('') );
#9829 = CARTESIAN_POINT('',(-10.2,20.23));
#9830 = CARTESIAN_POINT('',(-10.2,15.380257738807));
#9831 = CARTESIAN_POINT('',(-14.4,17.805128869404));
#9832 = CARTESIAN_POINT('',(-18.6,20.23));
#9833 = CARTESIAN_POINT('',(-14.4,22.654871130596));
#9834 = CARTESIAN_POINT('',(-10.2,25.079742261193));
#9835 = CARTESIAN_POINT('',(-10.2,20.23));
#9836 = ( GEOMETRIC_REPRESENTATION_CONTEXT(2) 
PARAMETRIC_REPRESENTATION_CONTEXT() REPRESENTATION_CONTEXT('2D SPACE',''
  ) );
#9837 = ORIENTED_EDGE('',*,*,#9838,.T.);
#9838 = EDGE_CURVE('',#9806,#9839,#9841,.T.);
#9839 = VERTEX_POINT('',#9840);
#9840 = CARTESIAN_POINT('',(7.5,3.,-2.05));
#9841 = SEAM_CURVE('',#9842,(#9847,#9854),.PCURVE_S1.);
#9842 = CIRCLE('',#9843,0.8);
#9843 = AXIS2_PLACEMENT_3D('',#9844,#9845,#9846);
#9844 = CARTESIAN_POINT('',(6.7,3.,-2.05));
#9845 = DIRECTION('',(-1.54197642309E-16,-1.,0.));
#9846 = DIRECTION('',(1.,-1.54197642309E-16,0.));
#9847 = PCURVE('',#9251,#9848);
#9848 = DEFINITIONAL_REPRESENTATION('',(#9849),#9853);
#9849 = LINE('',#9850,#9851);
#9850 = CARTESIAN_POINT('',(-3.14159265359,6.28318530718));
#9851 = VECTOR('',#9852,1.);
#9852 = DIRECTION('',(0.,-1.));
#9853 = ( GEOMETRIC_REPRESENTATION_CONTEXT(2) 
PARAMETRIC_REPRESENTATION_CONTEXT() REPRESENTATION_CONTEXT('2D SPACE',''
  ) );
#9854 = PCURVE('',#9251,#9855);
#9855 = DEFINITIONAL_REPRESENTATION('',(#9856),#9860);
#9856 = LINE('',#9857,#9858);
#9857 = CARTESIAN_POINT('',(3.14159265359,6.28318530718));
#9858 = VECTOR('',#9859,1.);
#9859 = DIRECTION('',(0.,-1.));
#9860 = ( GEOMETRIC_REPRESENTATION_CONTEXT(2) 
PARAMETRIC_REPRESENTATION_CONTEXT() REPRESENTATION_CONTEXT('2D SPACE',''
  ) );
#9861 = ORIENTED_EDGE('',*,*,#9862,.F.);
#9862 = EDGE_CURVE('',#9235,#9839,#9863,.T.);
#9863 = SURFACE_CURVE('',#9864,(#9869,#9876),.PCURVE_S1.);
#9864 = CIRCLE('',#9865,3.6);
#9865 = AXIS2_PLACEMENT_3D('',#9866,#9867,#9868);
#9866 = CARTESIAN_POINT('',(3.9,3.,-2.05));
#9867 = DIRECTION('',(0.,0.,1.));
#9868 = DIRECTION('',(1.,0.,0.));
#9869 = PCURVE('',#9251,#9870);
#9870 = DEFINITIONAL_REPRESENTATION('',(#9871),#9875);
#9871 = LINE('',#9872,#9873);
#9872 = CARTESIAN_POINT('',(3.14159265359,0.));
#9873 = VECTOR('',#9874,1.);
#9874 = DIRECTION('',(-1.,0.));
#9875 = ( GEOMETRIC_REPRESENTATION_CONTEXT(2) 
PARAMETRIC_REPRESENTATION_CONTEXT() REPRESENTATION_CONTEXT('2D SPACE',''
  ) );
#9876 = PCURVE('',#238,#9877);
#9877 = DEFINITIONAL_REPRESENTATION('',(#9878),#9882);
#9878 = CIRCLE('',#9879,3.6);
#9879 = AXIS2_PLACEMENT_2D('',#9880,#9881);
#9880 = CARTESIAN_POINT('',(13.,19.98));
#9881 = DIRECTION('',(-1.,0.));
#9882 = ( GEOMETRIC_REPRESENTATION_CONTEXT(2) 
PARAMETRIC_REPRESENTATION_CONTEXT() REPRESENTATION_CONTEXT('2D SPACE',''
  ) );
#9883 = ORIENTED_EDGE('',*,*,#9234,.F.);
#9884 = ORIENTED_EDGE('',*,*,#9885,.F.);
#9885 = EDGE_CURVE('',#9839,#9063,#9886,.T.);
#9886 = SURFACE_CURVE('',#9887,(#9892,#9899),.PCURVE_S1.);
#9887 = CIRCLE('',#9888,3.6);
#9888 = AXIS2_PLACEMENT_3D('',#9889,#9890,#9891);
#9889 = CARTESIAN_POINT('',(3.9,3.,-2.05));
#9890 = DIRECTION('',(0.,0.,1.));
#9891 = DIRECTION('',(1.,0.,0.));
#9892 = PCURVE('',#9251,#9893);
#9893 = DEFINITIONAL_REPRESENTATION('',(#9894),#9898);
#9894 = LINE('',#9895,#9896);
#9895 = CARTESIAN_POINT('',(3.14159265359,0.));
#9896 = VECTOR('',#9897,1.);
#9897 = DIRECTION('',(-1.,0.));
#9898 = ( GEOMETRIC_REPRESENTATION_CONTEXT(2) 
PARAMETRIC_REPRESENTATION_CONTEXT() REPRESENTATION_CONTEXT('2D SPACE',''
  ) );
#9899 = PCURVE('',#238,#9900);
#9900 = DEFINITIONAL_REPRESENTATION('',(#9901),#9905);
#9901 = CIRCLE('',#9902,3.6);
#9902 = AXIS2_PLACEMENT_2D('',#9903,#9904);
#9903 = CARTESIAN_POINT('',(13.,19.98));
#9904 = DIRECTION('',(-1.,0.));
#9905 = ( GEOMETRIC_REPRESENTATION_CONTEXT(2) 
PARAMETRIC_REPRESENTATION_CONTEXT() REPRESENTATION_CONTEXT('2D SPACE',''
  ) );
#9906 = ORIENTED_EDGE('',*,*,#9838,.F.);
#9907 = ADVANCED_FACE('',(#9908,#9911),#9822,.T.);
#9908 = FACE_BOUND('',#9909,.T.);
#9909 = EDGE_LOOP('',(#9910));
#9910 = ORIENTED_EDGE('',*,*,#9805,.F.);
#9911 = FACE_BOUND('',#9912,.T.);
#9912 = EDGE_LOOP('',(#9913));
#9913 = ORIENTED_EDGE('',*,*,#9914,.T.);
#9914 = EDGE_CURVE('',#9915,#9915,#9917,.T.);
#9915 = VERTEX_POINT('',#9916);
#9916 = CARTESIAN_POINT('',(1.9,3.,-2.85));
#9917 = SURFACE_CURVE('',#9918,(#9923,#9934),.PCURVE_S1.);
#9918 = CIRCLE('',#9919,2.);
#9919 = AXIS2_PLACEMENT_3D('',#9920,#9921,#9922);
#9920 = CARTESIAN_POINT('',(3.9,3.,-2.85));
#9921 = DIRECTION('',(0.,0.,1.));
#9922 = DIRECTION('',(1.,0.,0.));
#9923 = PCURVE('',#9822,#9924);
#9924 = DEFINITIONAL_REPRESENTATION('',(#9925),#9933);
#9925 = ( BOUNDED_CURVE() B_SPLINE_CURVE(2,(#9926,#9927,#9928,#9929,
#9930,#9931,#9932),.UNSPECIFIED.,.T.,.F.) B_SPLINE_CURVE_WITH_KNOTS((1,2
    ,2,2,2,1),(-2.094395102393,0.,2.094395102393,4.188790204786,
6.28318530718,8.377580409573),.UNSPECIFIED.) CURVE() 
GEOMETRIC_REPRESENTATION_ITEM() RATIONAL_B_SPLINE_CURVE((1.,0.5,1.,0.5,
1.,0.5,1.)) REPRESENTATION_ITEM('') );
#9926 = CARTESIAN_POINT('',(-11.,20.23));
#9927 = CARTESIAN_POINT('',(-11.,16.765898384862));
#9928 = CARTESIAN_POINT('',(-14.,18.497949192431));
#9929 = CARTESIAN_POINT('',(-17.,20.23));
#9930 = CARTESIAN_POINT('',(-14.,21.962050807569));
#9931 = CARTESIAN_POINT('',(-11.,23.694101615138));
#9932 = CARTESIAN_POINT('',(-11.,20.23));
#9933 = ( GEOMETRIC_REPRESENTATION_CONTEXT(2) 
PARAMETRIC_REPRESENTATION_CONTEXT() REPRESENTATION_CONTEXT('2D SPACE',''
  ) );
#9934 = PCURVE('',#9935,#9940);
#9935 = CYLINDRICAL_SURFACE('',#9936,2.);
#9936 = AXIS2_PLACEMENT_3D('',#9937,#9938,#9939);
#9937 = CARTESIAN_POINT('',(3.9,3.,-2.05));
#9938 = DIRECTION('',(0.,0.,-1.));
#9939 = DIRECTION('',(1.,0.,0.));
#9940 = DEFINITIONAL_REPRESENTATION('',(#9941),#9945);
#9941 = LINE('',#9942,#9943);
#9942 = CARTESIAN_POINT('',(6.28318530718,0.8));
#9943 = VECTOR('',#9944,1.);
#9944 = DIRECTION('',(-1.,0.));
#9945 = ( GEOMETRIC_REPRESENTATION_CONTEXT(2) 
PARAMETRIC_REPRESENTATION_CONTEXT() REPRESENTATION_CONTEXT('2D SPACE',''
  ) );
#9946 = ADVANCED_FACE('',(#9947),#4552,.T.);
#9947 = FACE_BOUND('',#9948,.T.);
#9948 = EDGE_LOOP('',(#9949,#9971,#9972,#9973,#9974,#9996));
#9949 = ORIENTED_EDGE('',*,*,#9950,.F.);
#9950 = EDGE_CURVE('',#4992,#4480,#9951,.T.);
#9951 = SURFACE_CURVE('',#9952,(#9957,#9964),.PCURVE_S1.);
#9952 = CIRCLE('',#9953,2.8);
#9953 = AXIS2_PLACEMENT_3D('',#9954,#9955,#9956);
#9954 = CARTESIAN_POINT('',(29.9,42.96,-2.85));
#9955 = DIRECTION('',(0.,0.,-1.));
#9956 = DIRECTION('',(-1.,0.,0.));
#9957 = PCURVE('',#4552,#9958);
#9958 = DEFINITIONAL_REPRESENTATION('',(#9959),#9963);
#9959 = LINE('',#9960,#9961);
#9960 = CARTESIAN_POINT('',(-1.68213456571,1.570796326795));
#9961 = VECTOR('',#9962,1.);
#9962 = DIRECTION('',(1.,4.960358478624E-16));
#9963 = ( GEOMETRIC_REPRESENTATION_CONTEXT(2) 
PARAMETRIC_REPRESENTATION_CONTEXT() REPRESENTATION_CONTEXT('2D SPACE',''
  ) );
#9964 = PCURVE('',#4625,#9965);
#9965 = DEFINITIONAL_REPRESENTATION('',(#9966),#9970);
#9966 = CIRCLE('',#9967,2.8);
#9967 = AXIS2_PLACEMENT_2D('',#9968,#9969);
#9968 = CARTESIAN_POINT('',(13.,-19.73));
#9969 = DIRECTION('',(-1.,0.));
#9970 = ( GEOMETRIC_REPRESENTATION_CONTEXT(2) 
PARAMETRIC_REPRESENTATION_CONTEXT() REPRESENTATION_CONTEXT('2D SPACE',''
  ) );
#9971 = ORIENTED_EDGE('',*,*,#4991,.T.);
#9972 = ORIENTED_EDGE('',*,*,#9612,.F.);
#9973 = ORIENTED_EDGE('',*,*,#8691,.F.);
#9974 = ORIENTED_EDGE('',*,*,#9975,.F.);
#9975 = EDGE_CURVE('',#4482,#8692,#9976,.T.);
#9976 = SURFACE_CURVE('',#9977,(#9982,#9989),.PCURVE_S1.);
#9977 = CIRCLE('',#9978,3.6);
#9978 = AXIS2_PLACEMENT_3D('',#9979,#9980,#9981);
#9979 = CARTESIAN_POINT('',(29.9,42.96,-2.05));
#9980 = DIRECTION('',(0.,0.,1.));
#9981 = DIRECTION('',(1.,0.,0.));
#9982 = PCURVE('',#4552,#9983);
#9983 = DEFINITIONAL_REPRESENTATION('',(#9984),#9988);
#9984 = LINE('',#9985,#9986);
#9985 = CARTESIAN_POINT('',(14.025828702239,0.));
#9986 = VECTOR('',#9987,1.);
#9987 = DIRECTION('',(-1.,0.));
#9988 = ( GEOMETRIC_REPRESENTATION_CONTEXT(2) 
PARAMETRIC_REPRESENTATION_CONTEXT() REPRESENTATION_CONTEXT('2D SPACE',''
  ) );
#9989 = PCURVE('',#238,#9990);
#9990 = DEFINITIONAL_REPRESENTATION('',(#9991),#9995);
#9991 = CIRCLE('',#9992,3.6);
#9992 = AXIS2_PLACEMENT_2D('',#9993,#9994);
#9993 = CARTESIAN_POINT('',(-13.,-19.98));
#9994 = DIRECTION('',(-1.,0.));
#9995 = ( GEOMETRIC_REPRESENTATION_CONTEXT(2) 
PARAMETRIC_REPRESENTATION_CONTEXT() REPRESENTATION_CONTEXT('2D SPACE',''
  ) );
#9996 = ORIENTED_EDGE('',*,*,#4479,.F.);
#9997 = ADVANCED_FACE('',(#9998),#4625,.T.);
#9998 = FACE_BOUND('',#9999,.T.);
#9999 = EDGE_LOOP('',(#10000,#10001,#10002,#10003,#10029));
#10000 = ORIENTED_EDGE('',*,*,#9950,.T.);
#10001 = ORIENTED_EDGE('',*,*,#4608,.F.);
#10002 = ORIENTED_EDGE('',*,*,#5152,.T.);
#10003 = ORIENTED_EDGE('',*,*,#10004,.T.);
#10004 = EDGE_CURVE('',#5130,#5051,#10005,.T.);
#10005 = SURFACE_CURVE('',#10006,(#10011,#10022),.PCURVE_S1.);
#10006 = CIRCLE('',#10007,2.);
#10007 = AXIS2_PLACEMENT_3D('',#10008,#10009,#10010);
#10008 = CARTESIAN_POINT('',(29.9,42.96,-2.85));
#10009 = DIRECTION('',(0.,0.,1.));
#10010 = DIRECTION('',(1.,0.,0.));
#10011 = PCURVE('',#4625,#10012);
#10012 = DEFINITIONAL_REPRESENTATION('',(#10013),#10021);
#10013 = ( BOUNDED_CURVE() B_SPLINE_CURVE(2,(#10014,#10015,#10016,#10017
    ,#10018,#10019,#10020),.UNSPECIFIED.,.T.,.F.) 
B_SPLINE_CURVE_WITH_KNOTS((1,2,2,2,2,1),(-2.094395102393,0.,
    2.094395102393,4.188790204786,6.28318530718,8.377580409573),
.UNSPECIFIED.) CURVE() GEOMETRIC_REPRESENTATION_ITEM() 
RATIONAL_B_SPLINE_CURVE((1.,0.5,1.,0.5,1.,0.5,1.)) REPRESENTATION_ITEM(
  '') );
#10014 = CARTESIAN_POINT('',(15.,-19.73));
#10015 = CARTESIAN_POINT('',(15.,-23.19410161513));
#10016 = CARTESIAN_POINT('',(12.,-21.46205080756));
#10017 = CARTESIAN_POINT('',(9.,-19.73));
#10018 = CARTESIAN_POINT('',(12.,-17.99794919243));
#10019 = CARTESIAN_POINT('',(15.,-16.26589838486));
#10020 = CARTESIAN_POINT('',(15.,-19.73));
#10021 = ( GEOMETRIC_REPRESENTATION_CONTEXT(2) 
PARAMETRIC_REPRESENTATION_CONTEXT() REPRESENTATION_CONTEXT('2D SPACE',''
  ) );
#10022 = PCURVE('',#5089,#10023);
#10023 = DEFINITIONAL_REPRESENTATION('',(#10024),#10028);
#10024 = LINE('',#10025,#10026);
#10025 = CARTESIAN_POINT('',(7.853981633974,0.8));
#10026 = VECTOR('',#10027,1.);
#10027 = DIRECTION('',(-1.,0.));
#10028 = ( GEOMETRIC_REPRESENTATION_CONTEXT(2) 
PARAMETRIC_REPRESENTATION_CONTEXT() REPRESENTATION_CONTEXT('2D SPACE',''
  ) );
#10029 = ORIENTED_EDGE('',*,*,#5050,.T.);
#10030 = ADVANCED_FACE('',(#10031),#4929,.T.);
#10031 = FACE_BOUND('',#10032,.T.);
#10032 = EDGE_LOOP('',(#10033,#10034,#10060,#10061,#10087,#10088));
#10033 = ORIENTED_EDGE('',*,*,#4899,.T.);
#10034 = ORIENTED_EDGE('',*,*,#10035,.T.);
#10035 = EDGE_CURVE('',#4877,#5225,#10036,.T.);
#10036 = SURFACE_CURVE('',#10037,(#10042,#10049),.PCURVE_S1.);
#10037 = CIRCLE('',#10038,2.8);
#10038 = AXIS2_PLACEMENT_3D('',#10039,#10040,#10041);
#10039 = CARTESIAN_POINT('',(3.9,42.96,-2.85));
#10040 = DIRECTION('',(0.,0.,1.));
#10041 = DIRECTION('',(-0.200020124957,0.979791788908,0.));
#10042 = PCURVE('',#4929,#10043);
#10043 = DEFINITIONAL_REPRESENTATION('',(#10044),#10048);
#10044 = LINE('',#10045,#10046);
#10045 = CARTESIAN_POINT('',(12.476358006262,1.570796326795));
#10046 = VECTOR('',#10047,1.);
#10047 = DIRECTION('',(-1.,4.058434123212E-16));
#10048 = ( GEOMETRIC_REPRESENTATION_CONTEXT(2) 
PARAMETRIC_REPRESENTATION_CONTEXT() REPRESENTATION_CONTEXT('2D SPACE',''
  ) );
#10049 = PCURVE('',#4785,#10050);
#10050 = DEFINITIONAL_REPRESENTATION('',(#10051),#10059);
#10051 = ( BOUNDED_CURVE() B_SPLINE_CURVE(2,(#10052,#10053,#10054,#10055
    ,#10056,#10057,#10058),.UNSPECIFIED.,.T.,.F.) 
B_SPLINE_CURVE_WITH_KNOTS((1,2,2,2,2,1),(-2.094395102393,0.,
    2.094395102393,4.188790204786,6.28318530718,8.377580409573),
.UNSPECIFIED.) CURVE() GEOMETRIC_REPRESENTATION_ITEM() 
RATIONAL_B_SPLINE_CURVE((1.,0.5,1.,0.5,1.,0.5,1.)) REPRESENTATION_ITEM(
  '') );
#10052 = CARTESIAN_POINT('',(-13.56005634988,-22.47341700894));
#10053 = CARTESIAN_POINT('',(-18.31179399571,-21.50337095584));
#10054 = CARTESIAN_POINT('',(-15.09584064797,-17.87326846898));
#10055 = CARTESIAN_POINT('',(-11.87988730023,-14.24316598211));
#10056 = CARTESIAN_POINT('',(-10.34410300214,-18.84331452207));
#10057 = CARTESIAN_POINT('',(-8.808318704042,-23.44346306203));
#10058 = CARTESIAN_POINT('',(-13.56005634988,-22.47341700894));
#10059 = ( GEOMETRIC_REPRESENTATION_CONTEXT(2) 
PARAMETRIC_REPRESENTATION_CONTEXT() REPRESENTATION_CONTEXT('2D SPACE',''
  ) );
#10060 = ORIENTED_EDGE('',*,*,#5248,.F.);
#10061 = ORIENTED_EDGE('',*,*,#10062,.T.);
#10062 = EDGE_CURVE('',#5249,#8966,#10063,.T.);
#10063 = SURFACE_CURVE('',#10064,(#10069,#10076),.PCURVE_S1.);
#10064 = CIRCLE('',#10065,3.6);
#10065 = AXIS2_PLACEMENT_3D('',#10066,#10067,#10068);
#10066 = CARTESIAN_POINT('',(3.9,42.96,-2.05));
#10067 = DIRECTION('',(0.,0.,-1.));
#10068 = DIRECTION('',(-1.,0.,0.));
#10069 = PCURVE('',#4929,#10070);
#10070 = DEFINITIONAL_REPRESENTATION('',(#10071),#10075);
#10071 = LINE('',#10072,#10073);
#10072 = CARTESIAN_POINT('',(-1.459430474111,0.));
#10073 = VECTOR('',#10074,1.);
#10074 = DIRECTION('',(1.,0.));
#10075 = ( GEOMETRIC_REPRESENTATION_CONTEXT(2) 
PARAMETRIC_REPRESENTATION_CONTEXT() REPRESENTATION_CONTEXT('2D SPACE',''
  ) );
#10076 = PCURVE('',#238,#10077);
#10077 = DEFINITIONAL_REPRESENTATION('',(#10078),#10086);
#10078 = ( BOUNDED_CURVE() B_SPLINE_CURVE(2,(#10079,#10080,#10081,#10082
    ,#10083,#10084,#10085),.UNSPECIFIED.,.T.,.F.) 
B_SPLINE_CURVE_WITH_KNOTS((1,2,2,2,2,1),(-2.094395102393,0.,
    2.094395102393,4.188790204786,6.28318530718,8.377580409573),
.UNSPECIFIED.) CURVE() GEOMETRIC_REPRESENTATION_ITEM() 
RATIONAL_B_SPLINE_CURVE((1.,0.5,1.,0.5,1.,0.5,1.)) REPRESENTATION_ITEM(
  '') );
#10079 = CARTESIAN_POINT('',(16.6,-19.98));
#10080 = CARTESIAN_POINT('',(16.6,-26.21538290724));
#10081 = CARTESIAN_POINT('',(11.2,-23.09769145362));
#10082 = CARTESIAN_POINT('',(5.8,-19.98));
#10083 = CARTESIAN_POINT('',(11.2,-16.86230854637));
#10084 = CARTESIAN_POINT('',(16.6,-13.74461709275));
#10085 = CARTESIAN_POINT('',(16.6,-19.98));
#10086 = ( GEOMETRIC_REPRESENTATION_CONTEXT(2) 
PARAMETRIC_REPRESENTATION_CONTEXT() REPRESENTATION_CONTEXT('2D SPACE',''
  ) );
#10087 = ORIENTED_EDGE('',*,*,#9160,.F.);
#10088 = ORIENTED_EDGE('',*,*,#9635,.F.);
#10089 = ADVANCED_FACE('',(#10090),#4785,.T.);
#10090 = FACE_BOUND('',#10091,.T.);
#10091 = EDGE_LOOP('',(#10092,#10093,#10094,#10120,#10121));
#10092 = ORIENTED_EDGE('',*,*,#10035,.F.);
#10093 = ORIENTED_EDGE('',*,*,#4876,.T.);
#10094 = ORIENTED_EDGE('',*,*,#10095,.T.);
#10095 = EDGE_CURVE('',#4854,#4770,#10096,.T.);
#10096 = SURFACE_CURVE('',#10097,(#10102,#10113),.PCURVE_S1.);
#10097 = CIRCLE('',#10098,2.);
#10098 = AXIS2_PLACEMENT_3D('',#10099,#10100,#10101);
#10099 = CARTESIAN_POINT('',(3.9,42.96,-2.85));
#10100 = DIRECTION('',(0.,0.,1.));
#10101 = DIRECTION('',(1.,0.,0.));
#10102 = PCURVE('',#4785,#10103);
#10103 = DEFINITIONAL_REPRESENTATION('',(#10104),#10112);
#10104 = ( BOUNDED_CURVE() B_SPLINE_CURVE(2,(#10105,#10106,#10107,#10108
    ,#10109,#10110,#10111),.UNSPECIFIED.,.T.,.F.) 
B_SPLINE_CURVE_WITH_KNOTS((1,2,2,2,2,1),(-2.094395102393,0.,
    2.094395102393,4.188790204786,6.28318530718,8.377580409573),
.UNSPECIFIED.) CURVE() GEOMETRIC_REPRESENTATION_ITEM() 
RATIONAL_B_SPLINE_CURVE((1.,0.5,1.,0.5,1.,0.5,1.)) REPRESENTATION_ITEM(
  '') );
#10105 = CARTESIAN_POINT('',(-11.,-19.73));
#10106 = CARTESIAN_POINT('',(-11.,-23.19410161513));
#10107 = CARTESIAN_POINT('',(-14.,-21.46205080756));
#10108 = CARTESIAN_POINT('',(-17.,-19.73));
#10109 = CARTESIAN_POINT('',(-14.,-17.99794919243));
#10110 = CARTESIAN_POINT('',(-11.,-16.26589838486));
#10111 = CARTESIAN_POINT('',(-11.,-19.73));
#10112 = ( GEOMETRIC_REPRESENTATION_CONTEXT(2) 
PARAMETRIC_REPRESENTATION_CONTEXT() REPRESENTATION_CONTEXT('2D SPACE',''
  ) );
#10113 = PCURVE('',#4813,#10114);
#10114 = DEFINITIONAL_REPRESENTATION('',(#10115),#10119);
#10115 = LINE('',#10116,#10117);
#10116 = CARTESIAN_POINT('',(7.853981633975,0.8));
#10117 = VECTOR('',#10118,1.);
#10118 = DIRECTION('',(-1.,0.));
#10119 = ( GEOMETRIC_REPRESENTATION_CONTEXT(2) 
PARAMETRIC_REPRESENTATION_CONTEXT() REPRESENTATION_CONTEXT('2D SPACE',''
  ) );
#10120 = ORIENTED_EDGE('',*,*,#4769,.T.);
#10121 = ORIENTED_EDGE('',*,*,#5224,.F.);
#10122 = ADVANCED_FACE('',(#10123),#2430,.T.);
#10123 = FACE_BOUND('',#10124,.T.);
#10124 = EDGE_LOOP('',(#10125,#10126,#10127,#10128));
#10125 = ORIENTED_EDGE('',*,*,#9411,.F.);
#10126 = ORIENTED_EDGE('',*,*,#6937,.F.);
#10127 = ORIENTED_EDGE('',*,*,#2409,.F.);
#10128 = ORIENTED_EDGE('',*,*,#10129,.F.);
#10129 = EDGE_CURVE('',#9317,#2382,#10130,.T.);
#10130 = SURFACE_CURVE('',#10131,(#10135,#10142),.PCURVE_S1.);
#10131 = LINE('',#10132,#10133);
#10132 = CARTESIAN_POINT('',(27.675140453871,-1.7,-2.05));
#10133 = VECTOR('',#10134,1.);
#10134 = DIRECTION('',(0.,0.,1.));
#10135 = PCURVE('',#2430,#10136);
#10136 = DEFINITIONAL_REPRESENTATION('',(#10137),#10141);
#10137 = LINE('',#10138,#10139);
#10138 = CARTESIAN_POINT('',(4.270267846298,0.));
#10139 = VECTOR('',#10140,1.);
#10140 = DIRECTION('',(0.,1.));
#10141 = ( GEOMETRIC_REPRESENTATION_CONTEXT(2) 
PARAMETRIC_REPRESENTATION_CONTEXT() REPRESENTATION_CONTEXT('2D SPACE',''
  ) );
#10142 = PCURVE('',#2397,#10143);
#10143 = DEFINITIONAL_REPRESENTATION('',(#10144),#10148);
#10144 = LINE('',#10145,#10146);
#10145 = CARTESIAN_POINT('',(2.124859546129,0.));
#10146 = VECTOR('',#10147,1.);
#10147 = DIRECTION('',(0.,-1.));
#10148 = ( GEOMETRIC_REPRESENTATION_CONTEXT(2) 
PARAMETRIC_REPRESENTATION_CONTEXT() REPRESENTATION_CONTEXT('2D SPACE',''
  ) );
#10149 = ADVANCED_FACE('',(#10150),#2369,.T.);
#10150 = FACE_BOUND('',#10151,.T.);
#10151 = EDGE_LOOP('',(#10152,#10153,#10174,#10175));
#10152 = ORIENTED_EDGE('',*,*,#9209,.F.);
#10153 = ORIENTED_EDGE('',*,*,#10154,.F.);
#10154 = EDGE_CURVE('',#2349,#9210,#10155,.T.);
#10155 = SURFACE_CURVE('',#10156,(#10160,#10167),.PCURVE_S1.);
#10156 = LINE('',#10157,#10158);
#10157 = CARTESIAN_POINT('',(6.124859546129,-1.7,-2.05));
#10158 = VECTOR('',#10159,1.);
#10159 = DIRECTION('',(0.,0.,-1.));
#10160 = PCURVE('',#2369,#10161);
#10161 = DEFINITIONAL_REPRESENTATION('',(#10162),#10166);
#10162 = LINE('',#10163,#10164);
#10163 = CARTESIAN_POINT('',(5.154510114472,0.));
#10164 = VECTOR('',#10165,1.);
#10165 = DIRECTION('',(0.,-1.));
#10166 = ( GEOMETRIC_REPRESENTATION_CONTEXT(2) 
PARAMETRIC_REPRESENTATION_CONTEXT() REPRESENTATION_CONTEXT('2D SPACE',''
  ) );
#10167 = PCURVE('',#2397,#10168);
#10168 = DEFINITIONAL_REPRESENTATION('',(#10169),#10173);
#10169 = LINE('',#10170,#10171);
#10170 = CARTESIAN_POINT('',(23.675140453871,0.));
#10171 = VECTOR('',#10172,1.);
#10172 = DIRECTION('',(0.,1.));
#10173 = ( GEOMETRIC_REPRESENTATION_CONTEXT(2) 
PARAMETRIC_REPRESENTATION_CONTEXT() REPRESENTATION_CONTEXT('2D SPACE',''
  ) );
#10174 = ORIENTED_EDGE('',*,*,#2348,.F.);
#10175 = ORIENTED_EDGE('',*,*,#7110,.F.);
#10176 = ADVANCED_FACE('',(#10177),#5089,.F.);
#10177 = FACE_BOUND('',#10178,.F.);
#10178 = EDGE_LOOP('',(#10179,#10180,#10181,#10182));
#10179 = ORIENTED_EDGE('',*,*,#5129,.T.);
#10180 = ORIENTED_EDGE('',*,*,#10004,.T.);
#10181 = ORIENTED_EDGE('',*,*,#5073,.F.);
#10182 = ORIENTED_EDGE('',*,*,#10183,.T.);
#10183 = EDGE_CURVE('',#5074,#5102,#10184,.T.);
#10184 = SURFACE_CURVE('',#10185,(#10190,#10197),.PCURVE_S1.);
#10185 = CIRCLE('',#10186,2.);
#10186 = AXIS2_PLACEMENT_3D('',#10187,#10188,#10189);
#10187 = CARTESIAN_POINT('',(29.9,42.96,-2.05));
#10188 = DIRECTION('',(0.,0.,-1.));
#10189 = DIRECTION('',(1.,0.,0.));
#10190 = PCURVE('',#5089,#10191);
#10191 = DEFINITIONAL_REPRESENTATION('',(#10192),#10196);
#10192 = LINE('',#10193,#10194);
#10193 = CARTESIAN_POINT('',(-4.712388980385,0.));
#10194 = VECTOR('',#10195,1.);
#10195 = DIRECTION('',(1.,0.));
#10196 = ( GEOMETRIC_REPRESENTATION_CONTEXT(2) 
PARAMETRIC_REPRESENTATION_CONTEXT() REPRESENTATION_CONTEXT('2D SPACE',''
  ) );
#10197 = PCURVE('',#5117,#10198);
#10198 = DEFINITIONAL_REPRESENTATION('',(#10199),#10207);
#10199 = ( BOUNDED_CURVE() B_SPLINE_CURVE(2,(#10200,#10201,#10202,#10203
    ,#10204,#10205,#10206),.UNSPECIFIED.,.T.,.F.) 
B_SPLINE_CURVE_WITH_KNOTS((1,2,2,2,2,1),(-2.094395102393,0.,
    2.094395102393,4.188790204786,6.28318530718,8.377580409573),
.UNSPECIFIED.) CURVE() GEOMETRIC_REPRESENTATION_ITEM() 
RATIONAL_B_SPLINE_CURVE((1.,0.5,1.,0.5,1.,0.5,1.)) REPRESENTATION_ITEM(
  '') );
#10200 = CARTESIAN_POINT('',(-15.,-19.98));
#10201 = CARTESIAN_POINT('',(-15.,-16.51589838486));
#10202 = CARTESIAN_POINT('',(-12.,-18.24794919243));
#10203 = CARTESIAN_POINT('',(-9.,-19.98));
#10204 = CARTESIAN_POINT('',(-12.,-21.71205080756));
#10205 = CARTESIAN_POINT('',(-15.,-23.44410161513));
#10206 = CARTESIAN_POINT('',(-15.,-19.98));
#10207 = ( GEOMETRIC_REPRESENTATION_CONTEXT(2) 
PARAMETRIC_REPRESENTATION_CONTEXT() REPRESENTATION_CONTEXT('2D SPACE',''
  ) );
#10208 = ADVANCED_FACE('',(#10209),#9935,.F.);
#10209 = FACE_BOUND('',#10210,.F.);
#10210 = EDGE_LOOP('',(#10211,#10234,#10265,#10266));
#10211 = ORIENTED_EDGE('',*,*,#10212,.T.);
#10212 = EDGE_CURVE('',#9915,#10213,#10215,.T.);
#10213 = VERTEX_POINT('',#10214);
#10214 = CARTESIAN_POINT('',(1.9,3.,-2.05));
#10215 = SEAM_CURVE('',#10216,(#10220,#10227),.PCURVE_S1.);
#10216 = LINE('',#10217,#10218);
#10217 = CARTESIAN_POINT('',(1.9,3.,-2.05));
#10218 = VECTOR('',#10219,1.);
#10219 = DIRECTION('',(0.,0.,1.));
#10220 = PCURVE('',#9935,#10221);
#10221 = DEFINITIONAL_REPRESENTATION('',(#10222),#10226);
#10222 = LINE('',#10223,#10224);
#10223 = CARTESIAN_POINT('',(-3.14159265359,0.));
#10224 = VECTOR('',#10225,1.);
#10225 = DIRECTION('',(0.,-1.));
#10226 = ( GEOMETRIC_REPRESENTATION_CONTEXT(2) 
PARAMETRIC_REPRESENTATION_CONTEXT() REPRESENTATION_CONTEXT('2D SPACE',''
  ) );
#10227 = PCURVE('',#9935,#10228);
#10228 = DEFINITIONAL_REPRESENTATION('',(#10229),#10233);
#10229 = LINE('',#10230,#10231);
#10230 = CARTESIAN_POINT('',(3.14159265359,0.));
#10231 = VECTOR('',#10232,1.);
#10232 = DIRECTION('',(0.,-1.));
#10233 = ( GEOMETRIC_REPRESENTATION_CONTEXT(2) 
PARAMETRIC_REPRESENTATION_CONTEXT() REPRESENTATION_CONTEXT('2D SPACE',''
  ) );
#10234 = ORIENTED_EDGE('',*,*,#10235,.T.);
#10235 = EDGE_CURVE('',#10213,#10213,#10236,.T.);
#10236 = SURFACE_CURVE('',#10237,(#10242,#10249),.PCURVE_S1.);
#10237 = CIRCLE('',#10238,2.);
#10238 = AXIS2_PLACEMENT_3D('',#10239,#10240,#10241);
#10239 = CARTESIAN_POINT('',(3.9,3.,-2.05));
#10240 = DIRECTION('',(0.,0.,-1.));
#10241 = DIRECTION('',(1.,0.,0.));
#10242 = PCURVE('',#9935,#10243);
#10243 = DEFINITIONAL_REPRESENTATION('',(#10244),#10248);
#10244 = LINE('',#10245,#10246);
#10245 = CARTESIAN_POINT('',(-6.28318530718,0.));
#10246 = VECTOR('',#10247,1.);
#10247 = DIRECTION('',(1.,0.));
#10248 = ( GEOMETRIC_REPRESENTATION_CONTEXT(2) 
PARAMETRIC_REPRESENTATION_CONTEXT() REPRESENTATION_CONTEXT('2D SPACE',''
  ) );
#10249 = PCURVE('',#10250,#10255);
#10250 = PLANE('',#10251);
#10251 = AXIS2_PLACEMENT_3D('',#10252,#10253,#10254);
#10252 = CARTESIAN_POINT('',(16.9,22.98,-2.05));
#10253 = DIRECTION('',(0.,0.,1.));
#10254 = DIRECTION('',(-1.,0.,0.));
#10255 = DEFINITIONAL_REPRESENTATION('',(#10256),#10264);
#10256 = ( BOUNDED_CURVE() B_SPLINE_CURVE(2,(#10257,#10258,#10259,#10260
    ,#10261,#10262,#10263),.UNSPECIFIED.,.T.,.F.) 
B_SPLINE_CURVE_WITH_KNOTS((1,2,2,2,2,1),(-2.094395102393,0.,
    2.094395102393,4.188790204786,6.28318530718,8.377580409573),
.UNSPECIFIED.) CURVE() GEOMETRIC_REPRESENTATION_ITEM() 
RATIONAL_B_SPLINE_CURVE((1.,0.5,1.,0.5,1.,0.5,1.)) REPRESENTATION_ITEM(
  '') );
#10257 = CARTESIAN_POINT('',(11.,19.98));
#10258 = CARTESIAN_POINT('',(11.,23.444101615138));
#10259 = CARTESIAN_POINT('',(14.,21.712050807569));
#10260 = CARTESIAN_POINT('',(17.,19.98));
#10261 = CARTESIAN_POINT('',(14.,18.247949192431));
#10262 = CARTESIAN_POINT('',(11.,16.515898384862));
#10263 = CARTESIAN_POINT('',(11.,19.98));
#10264 = ( GEOMETRIC_REPRESENTATION_CONTEXT(2) 
PARAMETRIC_REPRESENTATION_CONTEXT() REPRESENTATION_CONTEXT('2D SPACE',''
  ) );
#10265 = ORIENTED_EDGE('',*,*,#10212,.F.);
#10266 = ORIENTED_EDGE('',*,*,#9914,.T.);
#10267 = ADVANCED_FACE('',(#10268),#4813,.F.);
#10268 = FACE_BOUND('',#10269,.F.);
#10269 = EDGE_LOOP('',(#10270,#10271,#10272,#10273));
#10270 = ORIENTED_EDGE('',*,*,#4853,.T.);
#10271 = ORIENTED_EDGE('',*,*,#10095,.T.);
#10272 = ORIENTED_EDGE('',*,*,#4797,.F.);
#10273 = ORIENTED_EDGE('',*,*,#10274,.T.);
#10274 = EDGE_CURVE('',#4798,#4826,#10275,.T.);
#10275 = SURFACE_CURVE('',#10276,(#10281,#10288),.PCURVE_S1.);
#10276 = CIRCLE('',#10277,2.);
#10277 = AXIS2_PLACEMENT_3D('',#10278,#10279,#10280);
#10278 = CARTESIAN_POINT('',(3.9,42.96,-2.05));
#10279 = DIRECTION('',(0.,0.,-1.));
#10280 = DIRECTION('',(1.,0.,0.));
#10281 = PCURVE('',#4813,#10282);
#10282 = DEFINITIONAL_REPRESENTATION('',(#10283),#10287);
#10283 = LINE('',#10284,#10285);
#10284 = CARTESIAN_POINT('',(-4.712388980385,0.));
#10285 = VECTOR('',#10286,1.);
#10286 = DIRECTION('',(1.,0.));
#10287 = ( GEOMETRIC_REPRESENTATION_CONTEXT(2) 
PARAMETRIC_REPRESENTATION_CONTEXT() REPRESENTATION_CONTEXT('2D SPACE',''
  ) );
#10288 = PCURVE('',#4841,#10289);
#10289 = DEFINITIONAL_REPRESENTATION('',(#10290),#10298);
#10290 = ( BOUNDED_CURVE() B_SPLINE_CURVE(2,(#10291,#10292,#10293,#10294
    ,#10295,#10296,#10297),.UNSPECIFIED.,.T.,.F.) 
B_SPLINE_CURVE_WITH_KNOTS((1,2,2,2,2,1),(-2.094395102393,0.,
    2.094395102393,4.188790204786,6.28318530718,8.377580409573),
.UNSPECIFIED.) CURVE() GEOMETRIC_REPRESENTATION_ITEM() 
RATIONAL_B_SPLINE_CURVE((1.,0.5,1.,0.5,1.,0.5,1.)) REPRESENTATION_ITEM(
  '') );
#10291 = CARTESIAN_POINT('',(11.,-19.98));
#10292 = CARTESIAN_POINT('',(11.,-16.51589838486));
#10293 = CARTESIAN_POINT('',(14.,-18.24794919243));
#10294 = CARTESIAN_POINT('',(17.,-19.98));
#10295 = CARTESIAN_POINT('',(14.,-21.71205080756));
#10296 = CARTESIAN_POINT('',(11.,-23.44410161513));
#10297 = CARTESIAN_POINT('',(11.,-19.98));
#10298 = ( GEOMETRIC_REPRESENTATION_CONTEXT(2) 
PARAMETRIC_REPRESENTATION_CONTEXT() REPRESENTATION_CONTEXT('2D SPACE',''
  ) );
#10299 = ADVANCED_FACE('',(#10300),#9790,.F.);
#10300 = FACE_BOUND('',#10301,.F.);
#10301 = EDGE_LOOP('',(#10302,#10325,#10356,#10357));
#10302 = ORIENTED_EDGE('',*,*,#10303,.T.);
#10303 = EDGE_CURVE('',#9770,#10304,#10306,.T.);
#10304 = VERTEX_POINT('',#10305);
#10305 = CARTESIAN_POINT('',(27.9,3.,-2.05));
#10306 = SEAM_CURVE('',#10307,(#10311,#10318),.PCURVE_S1.);
#10307 = LINE('',#10308,#10309);
#10308 = CARTESIAN_POINT('',(27.9,3.,-2.05));
#10309 = VECTOR('',#10310,1.);
#10310 = DIRECTION('',(0.,0.,1.));
#10311 = PCURVE('',#9790,#10312);
#10312 = DEFINITIONAL_REPRESENTATION('',(#10313),#10317);
#10313 = LINE('',#10314,#10315);
#10314 = CARTESIAN_POINT('',(-3.14159265359,0.));
#10315 = VECTOR('',#10316,1.);
#10316 = DIRECTION('',(0.,-1.));
#10317 = ( GEOMETRIC_REPRESENTATION_CONTEXT(2) 
PARAMETRIC_REPRESENTATION_CONTEXT() REPRESENTATION_CONTEXT('2D SPACE',''
  ) );
#10318 = PCURVE('',#9790,#10319);
#10319 = DEFINITIONAL_REPRESENTATION('',(#10320),#10324);
#10320 = LINE('',#10321,#10322);
#10321 = CARTESIAN_POINT('',(3.14159265359,0.));
#10322 = VECTOR('',#10323,1.);
#10323 = DIRECTION('',(0.,-1.));
#10324 = ( GEOMETRIC_REPRESENTATION_CONTEXT(2) 
PARAMETRIC_REPRESENTATION_CONTEXT() REPRESENTATION_CONTEXT('2D SPACE',''
  ) );
#10325 = ORIENTED_EDGE('',*,*,#10326,.T.);
#10326 = EDGE_CURVE('',#10304,#10304,#10327,.T.);
#10327 = SURFACE_CURVE('',#10328,(#10333,#10340),.PCURVE_S1.);
#10328 = CIRCLE('',#10329,2.);
#10329 = AXIS2_PLACEMENT_3D('',#10330,#10331,#10332);
#10330 = CARTESIAN_POINT('',(29.9,3.,-2.05));
#10331 = DIRECTION('',(0.,0.,-1.));
#10332 = DIRECTION('',(1.,0.,0.));
#10333 = PCURVE('',#9790,#10334);
#10334 = DEFINITIONAL_REPRESENTATION('',(#10335),#10339);
#10335 = LINE('',#10336,#10337);
#10336 = CARTESIAN_POINT('',(-6.28318530718,0.));
#10337 = VECTOR('',#10338,1.);
#10338 = DIRECTION('',(1.,0.));
#10339 = ( GEOMETRIC_REPRESENTATION_CONTEXT(2) 
PARAMETRIC_REPRESENTATION_CONTEXT() REPRESENTATION_CONTEXT('2D SPACE',''
  ) );
#10340 = PCURVE('',#10341,#10346);
#10341 = PLANE('',#10342);
#10342 = AXIS2_PLACEMENT_3D('',#10343,#10344,#10345);
#10343 = CARTESIAN_POINT('',(16.9,22.98,-2.05));
#10344 = DIRECTION('',(0.,0.,1.));
#10345 = DIRECTION('',(-1.,0.,0.));
#10346 = DEFINITIONAL_REPRESENTATION('',(#10347),#10355);
#10347 = ( BOUNDED_CURVE() B_SPLINE_CURVE(2,(#10348,#10349,#10350,#10351
    ,#10352,#10353,#10354),.UNSPECIFIED.,.T.,.F.) 
B_SPLINE_CURVE_WITH_KNOTS((1,2,2,2,2,1),(-2.094395102393,0.,
    2.094395102393,4.188790204786,6.28318530718,8.377580409573),
.UNSPECIFIED.) CURVE() GEOMETRIC_REPRESENTATION_ITEM() 
RATIONAL_B_SPLINE_CURVE((1.,0.5,1.,0.5,1.,0.5,1.)) REPRESENTATION_ITEM(
  '') );
#10348 = CARTESIAN_POINT('',(-15.,19.98));
#10349 = CARTESIAN_POINT('',(-15.,23.444101615138));
#10350 = CARTESIAN_POINT('',(-12.,21.712050807569));
#10351 = CARTESIAN_POINT('',(-9.,19.98));
#10352 = CARTESIAN_POINT('',(-12.,18.247949192431));
#10353 = CARTESIAN_POINT('',(-15.,16.515898384862));
#10354 = CARTESIAN_POINT('',(-15.,19.98));
#10355 = ( GEOMETRIC_REPRESENTATION_CONTEXT(2) 
PARAMETRIC_REPRESENTATION_CONTEXT() REPRESENTATION_CONTEXT('2D SPACE',''
  ) );
#10356 = ORIENTED_EDGE('',*,*,#10303,.F.);
#10357 = ORIENTED_EDGE('',*,*,#9769,.T.);
#10358 = ADVANCED_FACE('',(#10359),#238,.F.);
#10359 = FACE_BOUND('',#10360,.T.);
#10360 = EDGE_LOOP('',(#10361,#10362,#10363,#10364,#10365,#10366,#10367,
    #10368,#10369,#10370,#10371,#10372,#10373,#10374,#10375,#10376,
    #10377,#10378,#10379,#10380));
#10361 = ORIENTED_EDGE('',*,*,#8569,.F.);
#10362 = ORIENTED_EDGE('',*,*,#9717,.T.);
#10363 = ORIENTED_EDGE('',*,*,#9740,.T.);
#10364 = ORIENTED_EDGE('',*,*,#9340,.F.);
#10365 = ORIENTED_EDGE('',*,*,#9862,.T.);
#10366 = ORIENTED_EDGE('',*,*,#9885,.T.);
#10367 = ORIENTED_EDGE('',*,*,#9062,.F.);
#10368 = ORIENTED_EDGE('',*,*,#222,.F.);
#10369 = ORIENTED_EDGE('',*,*,#8965,.F.);
#10370 = ORIENTED_EDGE('',*,*,#10062,.F.);
#10371 = ORIENTED_EDGE('',*,*,#5324,.F.);
#10372 = ORIENTED_EDGE('',*,*,#5354,.T.);
#10373 = ORIENTED_EDGE('',*,*,#4159,.F.);
#10374 = ORIENTED_EDGE('',*,*,#4297,.T.);
#10375 = ORIENTED_EDGE('',*,*,#4322,.F.);
#10376 = ORIENTED_EDGE('',*,*,#4455,.T.);
#10377 = ORIENTED_EDGE('',*,*,#4688,.F.);
#10378 = ORIENTED_EDGE('',*,*,#9975,.T.);
#10379 = ORIENTED_EDGE('',*,*,#9524,.F.);
#10380 = ORIENTED_EDGE('',*,*,#9468,.F.);
#10381 = ADVANCED_FACE('',(#10382,#10385),#10341,.F.);
#10382 = FACE_BOUND('',#10383,.T.);
#10383 = EDGE_LOOP('',(#10384));
#10384 = ORIENTED_EDGE('',*,*,#10326,.T.);
#10385 = FACE_BOUND('',#10386,.T.);
#10386 = EDGE_LOOP('',(#10387));
#10387 = ORIENTED_EDGE('',*,*,#10388,.T.);
#10388 = EDGE_CURVE('',#10389,#10389,#10391,.T.);
#10389 = VERTEX_POINT('',#10390);
#10390 = CARTESIAN_POINT('',(30.7115,3.,-2.05));
#10391 = SURFACE_CURVE('',#10392,(#10397,#10404),.PCURVE_S1.);
#10392 = CIRCLE('',#10393,0.8115);
#10393 = AXIS2_PLACEMENT_3D('',#10394,#10395,#10396);
#10394 = CARTESIAN_POINT('',(29.9,3.,-2.05));
#10395 = DIRECTION('',(0.,0.,1.));
#10396 = DIRECTION('',(-1.,0.,0.));
#10397 = PCURVE('',#10341,#10398);
#10398 = DEFINITIONAL_REPRESENTATION('',(#10399),#10403);
#10399 = CIRCLE('',#10400,0.8115);
#10400 = AXIS2_PLACEMENT_2D('',#10401,#10402);
#10401 = CARTESIAN_POINT('',(-13.,19.98));
#10402 = DIRECTION('',(1.,0.));
#10403 = ( GEOMETRIC_REPRESENTATION_CONTEXT(2) 
PARAMETRIC_REPRESENTATION_CONTEXT() REPRESENTATION_CONTEXT('2D SPACE',''
  ) );
#10404 = PCURVE('',#10405,#10410);
#10405 = CYLINDRICAL_SURFACE('',#10406,0.8115);
#10406 = AXIS2_PLACEMENT_3D('',#10407,#10408,#10409);
#10407 = CARTESIAN_POINT('',(29.9,3.,1.050000286102));
#10408 = DIRECTION('',(0.,0.,-1.));
#10409 = DIRECTION('',(-1.,0.,0.));
#10410 = DEFINITIONAL_REPRESENTATION('',(#10411),#10415);
#10411 = LINE('',#10412,#10413);
#10412 = CARTESIAN_POINT('',(6.28318530718,3.100000286102));
#10413 = VECTOR('',#10414,1.);
#10414 = DIRECTION('',(-1.,0.));
#10415 = ( GEOMETRIC_REPRESENTATION_CONTEXT(2) 
PARAMETRIC_REPRESENTATION_CONTEXT() REPRESENTATION_CONTEXT('2D SPACE',''
  ) );
#10416 = ADVANCED_FACE('',(#10417,#10421),#4841,.F.);
#10417 = FACE_BOUND('',#10418,.T.);
#10418 = EDGE_LOOP('',(#10419,#10420));
#10419 = ORIENTED_EDGE('',*,*,#10274,.T.);
#10420 = ORIENTED_EDGE('',*,*,#4825,.T.);
#10421 = FACE_BOUND('',#10422,.T.);
#10422 = EDGE_LOOP('',(#10423));
#10423 = ORIENTED_EDGE('',*,*,#10424,.T.);
#10424 = EDGE_CURVE('',#10425,#10425,#10427,.T.);
#10425 = VERTEX_POINT('',#10426);
#10426 = CARTESIAN_POINT('',(4.7115,42.96,-2.05));
#10427 = SURFACE_CURVE('',#10428,(#10433,#10440),.PCURVE_S1.);
#10428 = CIRCLE('',#10429,0.8115);
#10429 = AXIS2_PLACEMENT_3D('',#10430,#10431,#10432);
#10430 = CARTESIAN_POINT('',(3.9,42.96,-2.05));
#10431 = DIRECTION('',(0.,0.,1.));
#10432 = DIRECTION('',(-1.,6.972632448011E-16,0.));
#10433 = PCURVE('',#4841,#10434);
#10434 = DEFINITIONAL_REPRESENTATION('',(#10435),#10439);
#10435 = CIRCLE('',#10436,0.8115);
#10436 = AXIS2_PLACEMENT_2D('',#10437,#10438);
#10437 = CARTESIAN_POINT('',(13.,-19.98));
#10438 = DIRECTION('',(1.,-6.972632448011E-16));
#10439 = ( GEOMETRIC_REPRESENTATION_CONTEXT(2) 
PARAMETRIC_REPRESENTATION_CONTEXT() REPRESENTATION_CONTEXT('2D SPACE',''
  ) );
#10440 = PCURVE('',#10441,#10446);
#10441 = CYLINDRICAL_SURFACE('',#10442,0.8115);
#10442 = AXIS2_PLACEMENT_3D('',#10443,#10444,#10445);
#10443 = CARTESIAN_POINT('',(3.9,42.96,1.050000286102));
#10444 = DIRECTION('',(0.,0.,-1.));
#10445 = DIRECTION('',(-1.,6.972632448011E-16,0.));
#10446 = DEFINITIONAL_REPRESENTATION('',(#10447),#10451);
#10447 = LINE('',#10448,#10449);
#10448 = CARTESIAN_POINT('',(6.28318530718,3.100000286102));
#10449 = VECTOR('',#10450,1.);
#10450 = DIRECTION('',(-1.,0.));
#10451 = ( GEOMETRIC_REPRESENTATION_CONTEXT(2) 
PARAMETRIC_REPRESENTATION_CONTEXT() REPRESENTATION_CONTEXT('2D SPACE',''
  ) );
#10452 = ADVANCED_FACE('',(#10453,#10457),#5117,.F.);
#10453 = FACE_BOUND('',#10454,.T.);
#10454 = EDGE_LOOP('',(#10455,#10456));
#10455 = ORIENTED_EDGE('',*,*,#10183,.T.);
#10456 = ORIENTED_EDGE('',*,*,#5101,.T.);
#10457 = FACE_BOUND('',#10458,.T.);
#10458 = EDGE_LOOP('',(#10459));
#10459 = ORIENTED_EDGE('',*,*,#10460,.T.);
#10460 = EDGE_CURVE('',#10461,#10461,#10463,.T.);
#10461 = VERTEX_POINT('',#10462);
#10462 = CARTESIAN_POINT('',(30.7115,42.96,-2.05));
#10463 = SURFACE_CURVE('',#10464,(#10469,#10476),.PCURVE_S1.);
#10464 = CIRCLE('',#10465,0.8115);
#10465 = AXIS2_PLACEMENT_3D('',#10466,#10467,#10468);
#10466 = CARTESIAN_POINT('',(29.9,42.96,-2.05));
#10467 = DIRECTION('',(0.,0.,1.));
#10468 = DIRECTION('',(-1.,6.97263244801E-16,0.));
#10469 = PCURVE('',#5117,#10470);
#10470 = DEFINITIONAL_REPRESENTATION('',(#10471),#10475);
#10471 = CIRCLE('',#10472,0.8115);
#10472 = AXIS2_PLACEMENT_2D('',#10473,#10474);
#10473 = CARTESIAN_POINT('',(-13.,-19.98));
#10474 = DIRECTION('',(1.,-6.97263244801E-16));
#10475 = ( GEOMETRIC_REPRESENTATION_CONTEXT(2) 
PARAMETRIC_REPRESENTATION_CONTEXT() REPRESENTATION_CONTEXT('2D SPACE',''
  ) );
#10476 = PCURVE('',#10477,#10482);
#10477 = CYLINDRICAL_SURFACE('',#10478,0.8115);
#10478 = AXIS2_PLACEMENT_3D('',#10479,#10480,#10481);
#10479 = CARTESIAN_POINT('',(29.9,42.96,1.050000286102));
#10480 = DIRECTION('',(0.,0.,-1.));
#10481 = DIRECTION('',(-1.,6.97263244801E-16,0.));
#10482 = DEFINITIONAL_REPRESENTATION('',(#10483),#10487);
#10483 = LINE('',#10484,#10485);
#10484 = CARTESIAN_POINT('',(6.28318530718,3.100000286102));
#10485 = VECTOR('',#10486,1.);
#10486 = DIRECTION('',(-1.,0.));
#10487 = ( GEOMETRIC_REPRESENTATION_CONTEXT(2) 
PARAMETRIC_REPRESENTATION_CONTEXT() REPRESENTATION_CONTEXT('2D SPACE',''
  ) );
#10488 = ADVANCED_FACE('',(#10489,#10492),#10250,.F.);
#10489 = FACE_BOUND('',#10490,.T.);
#10490 = EDGE_LOOP('',(#10491));
#10491 = ORIENTED_EDGE('',*,*,#10235,.T.);
#10492 = FACE_BOUND('',#10493,.T.);
#10493 = EDGE_LOOP('',(#10494));
#10494 = ORIENTED_EDGE('',*,*,#10495,.T.);
#10495 = EDGE_CURVE('',#10496,#10496,#10498,.T.);
#10496 = VERTEX_POINT('',#10497);
#10497 = CARTESIAN_POINT('',(4.7115,3.,-2.05));
#10498 = SURFACE_CURVE('',#10499,(#10504,#10511),.PCURVE_S1.);
#10499 = CIRCLE('',#10500,0.8115);
#10500 = AXIS2_PLACEMENT_3D('',#10501,#10502,#10503);
#10501 = CARTESIAN_POINT('',(3.9,3.,-2.05));
#10502 = DIRECTION('',(0.,0.,1.));
#10503 = DIRECTION('',(-1.,0.,0.));
#10504 = PCURVE('',#10250,#10505);
#10505 = DEFINITIONAL_REPRESENTATION('',(#10506),#10510);
#10506 = CIRCLE('',#10507,0.8115);
#10507 = AXIS2_PLACEMENT_2D('',#10508,#10509);
#10508 = CARTESIAN_POINT('',(13.,19.98));
#10509 = DIRECTION('',(1.,0.));
#10510 = ( GEOMETRIC_REPRESENTATION_CONTEXT(2) 
PARAMETRIC_REPRESENTATION_CONTEXT() REPRESENTATION_CONTEXT('2D SPACE',''
  ) );
#10511 = PCURVE('',#10512,#10517);
#10512 = CYLINDRICAL_SURFACE('',#10513,0.8115);
#10513 = AXIS2_PLACEMENT_3D('',#10514,#10515,#10516);
#10514 = CARTESIAN_POINT('',(3.9,3.,1.050000286102));
#10515 = DIRECTION('',(0.,0.,-1.));
#10516 = DIRECTION('',(-1.,0.,0.));
#10517 = DEFINITIONAL_REPRESENTATION('',(#10518),#10522);
#10518 = LINE('',#10519,#10520);
#10519 = CARTESIAN_POINT('',(6.28318530718,3.100000286102));
#10520 = VECTOR('',#10521,1.);
#10521 = DIRECTION('',(-1.,0.));
#10522 = ( GEOMETRIC_REPRESENTATION_CONTEXT(2) 
PARAMETRIC_REPRESENTATION_CONTEXT() REPRESENTATION_CONTEXT('2D SPACE',''
  ) );
#10523 = ADVANCED_FACE('',(#10524),#10512,.F.);
#10524 = FACE_BOUND('',#10525,.F.);
#10525 = EDGE_LOOP('',(#10526,#10549,#10571,#10572));
#10526 = ORIENTED_EDGE('',*,*,#10527,.T.);
#10527 = EDGE_CURVE('',#10496,#10528,#10530,.T.);
#10528 = VERTEX_POINT('',#10529);
#10529 = CARTESIAN_POINT('',(4.7115,3.,-0.449999713898));
#10530 = SEAM_CURVE('',#10531,(#10535,#10542),.PCURVE_S1.);
#10531 = LINE('',#10532,#10533);
#10532 = CARTESIAN_POINT('',(4.7115,3.,1.050000286102));
#10533 = VECTOR('',#10534,1.);
#10534 = DIRECTION('',(0.,0.,1.));
#10535 = PCURVE('',#10512,#10536);
#10536 = DEFINITIONAL_REPRESENTATION('',(#10537),#10541);
#10537 = LINE('',#10538,#10539);
#10538 = CARTESIAN_POINT('',(-3.14159265359,0.));
#10539 = VECTOR('',#10540,1.);
#10540 = DIRECTION('',(0.,-1.));
#10541 = ( GEOMETRIC_REPRESENTATION_CONTEXT(2) 
PARAMETRIC_REPRESENTATION_CONTEXT() REPRESENTATION_CONTEXT('2D SPACE',''
  ) );
#10542 = PCURVE('',#10512,#10543);
#10543 = DEFINITIONAL_REPRESENTATION('',(#10544),#10548);
#10544 = LINE('',#10545,#10546);
#10545 = CARTESIAN_POINT('',(3.14159265359,0.));
#10546 = VECTOR('',#10547,1.);
#10547 = DIRECTION('',(0.,-1.));
#10548 = ( GEOMETRIC_REPRESENTATION_CONTEXT(2) 
PARAMETRIC_REPRESENTATION_CONTEXT() REPRESENTATION_CONTEXT('2D SPACE',''
  ) );
#10549 = ORIENTED_EDGE('',*,*,#10550,.F.);
#10550 = EDGE_CURVE('',#10528,#10528,#10551,.T.);
#10551 = SURFACE_CURVE('',#10552,(#10557,#10564),.PCURVE_S1.);
#10552 = CIRCLE('',#10553,0.8115);
#10553 = AXIS2_PLACEMENT_3D('',#10554,#10555,#10556);
#10554 = CARTESIAN_POINT('',(3.9,3.,-0.449999713898));
#10555 = DIRECTION('',(0.,0.,1.));
#10556 = DIRECTION('',(-1.,0.,0.));
#10557 = PCURVE('',#10512,#10558);
#10558 = DEFINITIONAL_REPRESENTATION('',(#10559),#10563);
#10559 = LINE('',#10560,#10561);
#10560 = CARTESIAN_POINT('',(6.28318530718,1.5));
#10561 = VECTOR('',#10562,1.);
#10562 = DIRECTION('',(-1.,0.));
#10563 = ( GEOMETRIC_REPRESENTATION_CONTEXT(2) 
PARAMETRIC_REPRESENTATION_CONTEXT() REPRESENTATION_CONTEXT('2D SPACE',''
  ) );
#10564 = PCURVE('',#4230,#10565);
#10565 = DEFINITIONAL_REPRESENTATION('',(#10566),#10570);
#10566 = CIRCLE('',#10567,0.8115);
#10567 = AXIS2_PLACEMENT_2D('',#10568,#10569);
#10568 = CARTESIAN_POINT('',(13.,19.98));
#10569 = DIRECTION('',(1.,0.));
#10570 = ( GEOMETRIC_REPRESENTATION_CONTEXT(2) 
PARAMETRIC_REPRESENTATION_CONTEXT() REPRESENTATION_CONTEXT('2D SPACE',''
  ) );
#10571 = ORIENTED_EDGE('',*,*,#10527,.F.);
#10572 = ORIENTED_EDGE('',*,*,#10495,.T.);
#10573 = ADVANCED_FACE('',(#10574),#10405,.F.);
#10574 = FACE_BOUND('',#10575,.F.);
#10575 = EDGE_LOOP('',(#10576,#10599,#10621,#10622));
#10576 = ORIENTED_EDGE('',*,*,#10577,.T.);
#10577 = EDGE_CURVE('',#10389,#10578,#10580,.T.);
#10578 = VERTEX_POINT('',#10579);
#10579 = CARTESIAN_POINT('',(30.7115,3.,-0.449999713898));
#10580 = SEAM_CURVE('',#10581,(#10585,#10592),.PCURVE_S1.);
#10581 = LINE('',#10582,#10583);
#10582 = CARTESIAN_POINT('',(30.7115,3.,1.050000286102));
#10583 = VECTOR('',#10584,1.);
#10584 = DIRECTION('',(0.,0.,1.));
#10585 = PCURVE('',#10405,#10586);
#10586 = DEFINITIONAL_REPRESENTATION('',(#10587),#10591);
#10587 = LINE('',#10588,#10589);
#10588 = CARTESIAN_POINT('',(-3.14159265359,0.));
#10589 = VECTOR('',#10590,1.);
#10590 = DIRECTION('',(0.,-1.));
#10591 = ( GEOMETRIC_REPRESENTATION_CONTEXT(2) 
PARAMETRIC_REPRESENTATION_CONTEXT() REPRESENTATION_CONTEXT('2D SPACE',''
  ) );
#10592 = PCURVE('',#10405,#10593);
#10593 = DEFINITIONAL_REPRESENTATION('',(#10594),#10598);
#10594 = LINE('',#10595,#10596);
#10595 = CARTESIAN_POINT('',(3.14159265359,0.));
#10596 = VECTOR('',#10597,1.);
#10597 = DIRECTION('',(0.,-1.));
#10598 = ( GEOMETRIC_REPRESENTATION_CONTEXT(2) 
PARAMETRIC_REPRESENTATION_CONTEXT() REPRESENTATION_CONTEXT('2D SPACE',''
  ) );
#10599 = ORIENTED_EDGE('',*,*,#10600,.F.);
#10600 = EDGE_CURVE('',#10578,#10578,#10601,.T.);
#10601 = SURFACE_CURVE('',#10602,(#10607,#10614),.PCURVE_S1.);
#10602 = CIRCLE('',#10603,0.8115);
#10603 = AXIS2_PLACEMENT_3D('',#10604,#10605,#10606);
#10604 = CARTESIAN_POINT('',(29.9,3.,-0.449999713898));
#10605 = DIRECTION('',(0.,0.,1.));
#10606 = DIRECTION('',(-1.,0.,0.));
#10607 = PCURVE('',#10405,#10608);
#10608 = DEFINITIONAL_REPRESENTATION('',(#10609),#10613);
#10609 = LINE('',#10610,#10611);
#10610 = CARTESIAN_POINT('',(6.28318530718,1.5));
#10611 = VECTOR('',#10612,1.);
#10612 = DIRECTION('',(-1.,0.));
#10613 = ( GEOMETRIC_REPRESENTATION_CONTEXT(2) 
PARAMETRIC_REPRESENTATION_CONTEXT() REPRESENTATION_CONTEXT('2D SPACE',''
  ) );
#10614 = PCURVE('',#4230,#10615);
#10615 = DEFINITIONAL_REPRESENTATION('',(#10616),#10620);
#10616 = CIRCLE('',#10617,0.8115);
#10617 = AXIS2_PLACEMENT_2D('',#10618,#10619);
#10618 = CARTESIAN_POINT('',(-13.,19.98));
#10619 = DIRECTION('',(1.,0.));
#10620 = ( GEOMETRIC_REPRESENTATION_CONTEXT(2) 
PARAMETRIC_REPRESENTATION_CONTEXT() REPRESENTATION_CONTEXT('2D SPACE',''
  ) );
#10621 = ORIENTED_EDGE('',*,*,#10577,.F.);
#10622 = ORIENTED_EDGE('',*,*,#10388,.T.);
#10623 = ADVANCED_FACE('',(#10624),#2010,.T.);
#10624 = FACE_BOUND('',#10625,.T.);
#10625 = EDGE_LOOP('',(#10626,#10651,#10679,#10700,#10701));
#10626 = ORIENTED_EDGE('',*,*,#10627,.T.);
#10627 = EDGE_CURVE('',#10628,#10630,#10632,.T.);
#10628 = VERTEX_POINT('',#10629);
#10629 = CARTESIAN_POINT('',(29.8,-0.1,-0.449999713898));
#10630 = VERTEX_POINT('',#10631);
#10631 = CARTESIAN_POINT('',(4.,-1.E-01,-0.449999713898));
#10632 = SURFACE_CURVE('',#10633,(#10637,#10644),.PCURVE_S1.);
#10633 = LINE('',#10634,#10635);
#10634 = CARTESIAN_POINT('',(10.45,-1.E-01,-0.449999713898));
#10635 = VECTOR('',#10636,1.);
#10636 = DIRECTION('',(-1.,1.882645632843E-17,0.));
#10637 = PCURVE('',#2010,#10638);
#10638 = DEFINITIONAL_REPRESENTATION('',(#10639),#10643);
#10639 = LINE('',#10640,#10641);
#10640 = CARTESIAN_POINT('',(6.45,-2.861022950218E-07));
#10641 = VECTOR('',#10642,1.);
#10642 = DIRECTION('',(-1.,0.));
#10643 = ( GEOMETRIC_REPRESENTATION_CONTEXT(2) 
PARAMETRIC_REPRESENTATION_CONTEXT() REPRESENTATION_CONTEXT('2D SPACE',''
  ) );
#10644 = PCURVE('',#4230,#10645);
#10645 = DEFINITIONAL_REPRESENTATION('',(#10646),#10650);
#10646 = LINE('',#10647,#10648);
#10647 = CARTESIAN_POINT('',(6.45,23.08));
#10648 = VECTOR('',#10649,1.);
#10649 = DIRECTION('',(1.,-1.882645632843E-17));
#10650 = ( GEOMETRIC_REPRESENTATION_CONTEXT(2) 
PARAMETRIC_REPRESENTATION_CONTEXT() REPRESENTATION_CONTEXT('2D SPACE',''
  ) );
#10651 = ORIENTED_EDGE('',*,*,#10652,.F.);
#10652 = EDGE_CURVE('',#10653,#10630,#10655,.T.);
#10653 = VERTEX_POINT('',#10654);
#10654 = CARTESIAN_POINT('',(4.,-1.E-01,1.6));
#10655 = SURFACE_CURVE('',#10656,(#10660,#10667),.PCURVE_S1.);
#10656 = LINE('',#10657,#10658);
#10657 = CARTESIAN_POINT('',(4.,-1.E-01,1.6));
#10658 = VECTOR('',#10659,1.);
#10659 = DIRECTION('',(0.,0.,-1.));
#10660 = PCURVE('',#2010,#10661);
#10661 = DEFINITIONAL_REPRESENTATION('',(#10662),#10666);
#10662 = LINE('',#10663,#10664);
#10663 = CARTESIAN_POINT('',(0.,-2.05));
#10664 = VECTOR('',#10665,1.);
#10665 = DIRECTION('',(0.,1.));
#10666 = ( GEOMETRIC_REPRESENTATION_CONTEXT(2) 
PARAMETRIC_REPRESENTATION_CONTEXT() REPRESENTATION_CONTEXT('2D SPACE',''
  ) );
#10667 = PCURVE('',#10668,#10673);
#10668 = CYLINDRICAL_SURFACE('',#10669,4.1);
#10669 = AXIS2_PLACEMENT_3D('',#10670,#10671,#10672);
#10670 = CARTESIAN_POINT('',(4.,4.,-0.45));
#10671 = DIRECTION('',(0.,0.,-1.));
#10672 = DIRECTION('',(-1.,-2.707861035671E-16,-0.));
#10673 = DEFINITIONAL_REPRESENTATION('',(#10674),#10678);
#10674 = LINE('',#10675,#10676);
#10675 = CARTESIAN_POINT('',(4.712388980385,-2.05));
#10676 = VECTOR('',#10677,1.);
#10677 = DIRECTION('',(0.,1.));
#10678 = ( GEOMETRIC_REPRESENTATION_CONTEXT(2) 
PARAMETRIC_REPRESENTATION_CONTEXT() REPRESENTATION_CONTEXT('2D SPACE',''
  ) );
#10679 = ORIENTED_EDGE('',*,*,#10680,.F.);
#10680 = EDGE_CURVE('',#1995,#10653,#10681,.T.);
#10681 = SURFACE_CURVE('',#10682,(#10686,#10693),.PCURVE_S1.);
#10682 = LINE('',#10683,#10684);
#10683 = CARTESIAN_POINT('',(4.000000207424,-1.E-01,1.9925));
#10684 = VECTOR('',#10685,1.);
#10685 = DIRECTION('',(1.387778780781E-17,-2.61269566099E-34,-1.));
#10686 = PCURVE('',#2010,#10687);
#10687 = DEFINITIONAL_REPRESENTATION('',(#10688),#10692);
#10688 = LINE('',#10689,#10690);
#10689 = CARTESIAN_POINT('',(2.074242999583E-07,-2.4425));
#10690 = VECTOR('',#10691,1.);
#10691 = DIRECTION('',(1.387778780781E-17,1.));
#10692 = ( GEOMETRIC_REPRESENTATION_CONTEXT(2) 
PARAMETRIC_REPRESENTATION_CONTEXT() REPRESENTATION_CONTEXT('2D SPACE',''
  ) );
#10693 = PCURVE('',#2043,#10694);
#10694 = DEFINITIONAL_REPRESENTATION('',(#10695),#10699);
#10695 = LINE('',#10696,#10697);
#10696 = CARTESIAN_POINT('',(5.497787143782,0.));
#10697 = VECTOR('',#10698,1.);
#10698 = DIRECTION('',(0.,1.));
#10699 = ( GEOMETRIC_REPRESENTATION_CONTEXT(2) 
PARAMETRIC_REPRESENTATION_CONTEXT() REPRESENTATION_CONTEXT('2D SPACE',''
  ) );
#10700 = ORIENTED_EDGE('',*,*,#1994,.T.);
#10701 = ORIENTED_EDGE('',*,*,#10702,.T.);
#10702 = EDGE_CURVE('',#1962,#10628,#10703,.T.);
#10703 = SURFACE_CURVE('',#10704,(#10708,#10715),.PCURVE_S1.);
#10704 = LINE('',#10705,#10706);
#10705 = CARTESIAN_POINT('',(29.8,-0.1,-0.45));
#10706 = VECTOR('',#10707,1.);
#10707 = DIRECTION('',(0.,0.,-1.));
#10708 = PCURVE('',#2010,#10709);
#10709 = DEFINITIONAL_REPRESENTATION('',(#10710),#10714);
#10710 = LINE('',#10711,#10712);
#10711 = CARTESIAN_POINT('',(25.8,0.));
#10712 = VECTOR('',#10713,1.);
#10713 = DIRECTION('',(0.,1.));
#10714 = ( GEOMETRIC_REPRESENTATION_CONTEXT(2) 
PARAMETRIC_REPRESENTATION_CONTEXT() REPRESENTATION_CONTEXT('2D SPACE',''
  ) );
#10715 = PCURVE('',#1982,#10716);
#10716 = DEFINITIONAL_REPRESENTATION('',(#10717),#10721);
#10717 = LINE('',#10718,#10719);
#10718 = CARTESIAN_POINT('',(6.28318530718,0.));
#10719 = VECTOR('',#10720,1.);
#10720 = DIRECTION('',(0.,1.));
#10721 = ( GEOMETRIC_REPRESENTATION_CONTEXT(2) 
PARAMETRIC_REPRESENTATION_CONTEXT() REPRESENTATION_CONTEXT('2D SPACE',''
  ) );
#10722 = ADVANCED_FACE('',(#10723),#10441,.F.);
#10723 = FACE_BOUND('',#10724,.F.);
#10724 = EDGE_LOOP('',(#10725,#10748,#10770,#10771));
#10725 = ORIENTED_EDGE('',*,*,#10726,.T.);
#10726 = EDGE_CURVE('',#10425,#10727,#10729,.T.);
#10727 = VERTEX_POINT('',#10728);
#10728 = CARTESIAN_POINT('',(4.7115,42.96,-0.449999713898));
#10729 = SEAM_CURVE('',#10730,(#10734,#10741),.PCURVE_S1.);
#10730 = LINE('',#10731,#10732);
#10731 = CARTESIAN_POINT('',(4.7115,42.96,1.050000286102));
#10732 = VECTOR('',#10733,1.);
#10733 = DIRECTION('',(0.,0.,1.));
#10734 = PCURVE('',#10441,#10735);
#10735 = DEFINITIONAL_REPRESENTATION('',(#10736),#10740);
#10736 = LINE('',#10737,#10738);
#10737 = CARTESIAN_POINT('',(-3.14159265359,0.));
#10738 = VECTOR('',#10739,1.);
#10739 = DIRECTION('',(0.,-1.));
#10740 = ( GEOMETRIC_REPRESENTATION_CONTEXT(2) 
PARAMETRIC_REPRESENTATION_CONTEXT() REPRESENTATION_CONTEXT('2D SPACE',''
  ) );
#10741 = PCURVE('',#10441,#10742);
#10742 = DEFINITIONAL_REPRESENTATION('',(#10743),#10747);
#10743 = LINE('',#10744,#10745);
#10744 = CARTESIAN_POINT('',(3.14159265359,0.));
#10745 = VECTOR('',#10746,1.);
#10746 = DIRECTION('',(0.,-1.));
#10747 = ( GEOMETRIC_REPRESENTATION_CONTEXT(2) 
PARAMETRIC_REPRESENTATION_CONTEXT() REPRESENTATION_CONTEXT('2D SPACE',''
  ) );
#10748 = ORIENTED_EDGE('',*,*,#10749,.F.);
#10749 = EDGE_CURVE('',#10727,#10727,#10750,.T.);
#10750 = SURFACE_CURVE('',#10751,(#10756,#10763),.PCURVE_S1.);
#10751 = CIRCLE('',#10752,0.8115);
#10752 = AXIS2_PLACEMENT_3D('',#10753,#10754,#10755);
#10753 = CARTESIAN_POINT('',(3.9,42.96,-0.449999713898));
#10754 = DIRECTION('',(0.,0.,1.));
#10755 = DIRECTION('',(-1.,6.972632448011E-16,0.));
#10756 = PCURVE('',#10441,#10757);
#10757 = DEFINITIONAL_REPRESENTATION('',(#10758),#10762);
#10758 = LINE('',#10759,#10760);
#10759 = CARTESIAN_POINT('',(6.28318530718,1.5));
#10760 = VECTOR('',#10761,1.);
#10761 = DIRECTION('',(-1.,0.));
#10762 = ( GEOMETRIC_REPRESENTATION_CONTEXT(2) 
PARAMETRIC_REPRESENTATION_CONTEXT() REPRESENTATION_CONTEXT('2D SPACE',''
  ) );
#10763 = PCURVE('',#4230,#10764);
#10764 = DEFINITIONAL_REPRESENTATION('',(#10765),#10769);
#10765 = CIRCLE('',#10766,0.8115);
#10766 = AXIS2_PLACEMENT_2D('',#10767,#10768);
#10767 = CARTESIAN_POINT('',(13.,-19.98));
#10768 = DIRECTION('',(1.,-6.972632448011E-16));
#10769 = ( GEOMETRIC_REPRESENTATION_CONTEXT(2) 
PARAMETRIC_REPRESENTATION_CONTEXT() REPRESENTATION_CONTEXT('2D SPACE',''
  ) );
#10770 = ORIENTED_EDGE('',*,*,#10726,.F.);
#10771 = ORIENTED_EDGE('',*,*,#10424,.T.);
#10772 = ADVANCED_FACE('',(#10773),#10477,.F.);
#10773 = FACE_BOUND('',#10774,.F.);
#10774 = EDGE_LOOP('',(#10775,#10798,#10820,#10821));
#10775 = ORIENTED_EDGE('',*,*,#10776,.T.);
#10776 = EDGE_CURVE('',#10461,#10777,#10779,.T.);
#10777 = VERTEX_POINT('',#10778);
#10778 = CARTESIAN_POINT('',(30.7115,42.96,-0.449999713898));
#10779 = SEAM_CURVE('',#10780,(#10784,#10791),.PCURVE_S1.);
#10780 = LINE('',#10781,#10782);
#10781 = CARTESIAN_POINT('',(30.7115,42.96,1.050000286102));
#10782 = VECTOR('',#10783,1.);
#10783 = DIRECTION('',(0.,0.,1.));
#10784 = PCURVE('',#10477,#10785);
#10785 = DEFINITIONAL_REPRESENTATION('',(#10786),#10790);
#10786 = LINE('',#10787,#10788);
#10787 = CARTESIAN_POINT('',(-3.14159265359,0.));
#10788 = VECTOR('',#10789,1.);
#10789 = DIRECTION('',(0.,-1.));
#10790 = ( GEOMETRIC_REPRESENTATION_CONTEXT(2) 
PARAMETRIC_REPRESENTATION_CONTEXT() REPRESENTATION_CONTEXT('2D SPACE',''
  ) );
#10791 = PCURVE('',#10477,#10792);
#10792 = DEFINITIONAL_REPRESENTATION('',(#10793),#10797);
#10793 = LINE('',#10794,#10795);
#10794 = CARTESIAN_POINT('',(3.14159265359,0.));
#10795 = VECTOR('',#10796,1.);
#10796 = DIRECTION('',(0.,-1.));
#10797 = ( GEOMETRIC_REPRESENTATION_CONTEXT(2) 
PARAMETRIC_REPRESENTATION_CONTEXT() REPRESENTATION_CONTEXT('2D SPACE',''
  ) );
#10798 = ORIENTED_EDGE('',*,*,#10799,.F.);
#10799 = EDGE_CURVE('',#10777,#10777,#10800,.T.);
#10800 = SURFACE_CURVE('',#10801,(#10806,#10813),.PCURVE_S1.);
#10801 = CIRCLE('',#10802,0.8115);
#10802 = AXIS2_PLACEMENT_3D('',#10803,#10804,#10805);
#10803 = CARTESIAN_POINT('',(29.9,42.96,-0.449999713898));
#10804 = DIRECTION('',(0.,0.,1.));
#10805 = DIRECTION('',(-1.,6.97263244801E-16,0.));
#10806 = PCURVE('',#10477,#10807);
#10807 = DEFINITIONAL_REPRESENTATION('',(#10808),#10812);
#10808 = LINE('',#10809,#10810);
#10809 = CARTESIAN_POINT('',(6.28318530718,1.5));
#10810 = VECTOR('',#10811,1.);
#10811 = DIRECTION('',(-1.,0.));
#10812 = ( GEOMETRIC_REPRESENTATION_CONTEXT(2) 
PARAMETRIC_REPRESENTATION_CONTEXT() REPRESENTATION_CONTEXT('2D SPACE',''
  ) );
#10813 = PCURVE('',#4230,#10814);
#10814 = DEFINITIONAL_REPRESENTATION('',(#10815),#10819);
#10815 = CIRCLE('',#10816,0.8115);
#10816 = AXIS2_PLACEMENT_2D('',#10817,#10818);
#10817 = CARTESIAN_POINT('',(-13.,-19.98));
#10818 = DIRECTION('',(1.,-6.97263244801E-16));
#10819 = ( GEOMETRIC_REPRESENTATION_CONTEXT(2) 
PARAMETRIC_REPRESENTATION_CONTEXT() REPRESENTATION_CONTEXT('2D SPACE',''
  ) );
#10820 = ORIENTED_EDGE('',*,*,#10776,.F.);
#10821 = ORIENTED_EDGE('',*,*,#10460,.T.);
#10822 = ADVANCED_FACE('',(#10823),#2397,.T.);
#10823 = FACE_BOUND('',#10824,.T.);
#10824 = EDGE_LOOP('',(#10825,#10826,#10827,#10828));
#10825 = ORIENTED_EDGE('',*,*,#9316,.F.);
#10826 = ORIENTED_EDGE('',*,*,#10129,.T.);
#10827 = ORIENTED_EDGE('',*,*,#2381,.T.);
#10828 = ORIENTED_EDGE('',*,*,#10154,.T.);
#10829 = ADVANCED_FACE('',(#10830),#10668,.F.);
#10830 = FACE_BOUND('',#10831,.F.);
#10831 = EDGE_LOOP('',(#10832,#10833,#10856,#10880,#10903));
#10832 = ORIENTED_EDGE('',*,*,#10652,.F.);
#10833 = ORIENTED_EDGE('',*,*,#10834,.T.);
#10834 = EDGE_CURVE('',#10653,#10835,#10837,.T.);
#10835 = VERTEX_POINT('',#10836);
#10836 = CARTESIAN_POINT('',(-9.991208607015E-02,3.961985570008,1.6));
#10837 = SURFACE_CURVE('',#10838,(#10843,#10850),.PCURVE_S1.);
#10838 = CIRCLE('',#10839,4.1);
#10839 = AXIS2_PLACEMENT_3D('',#10840,#10841,#10842);
#10840 = CARTESIAN_POINT('',(4.,4.,1.6));
#10841 = DIRECTION('',(0.,0.,-1.));
#10842 = DIRECTION('',(-1.,-2.707861035671E-16,-0.));
#10843 = PCURVE('',#10668,#10844);
#10844 = DEFINITIONAL_REPRESENTATION('',(#10845),#10849);
#10845 = LINE('',#10846,#10847);
#10846 = CARTESIAN_POINT('',(0.,-2.05));
#10847 = VECTOR('',#10848,1.);
#10848 = DIRECTION('',(1.,0.));
#10849 = ( GEOMETRIC_REPRESENTATION_CONTEXT(2) 
PARAMETRIC_REPRESENTATION_CONTEXT() REPRESENTATION_CONTEXT('2D SPACE',''
  ) );
#10850 = PCURVE('',#2043,#10851);
#10851 = DEFINITIONAL_REPRESENTATION('',(#10852),#10855);
#10852 = B_SPLINE_CURVE_WITH_KNOTS('',1,(#10853,#10854),.UNSPECIFIED.,
  .F.,.F.,(2,2),(4.712388980385,6.273913561864),
  .PIECEWISE_BEZIER_KNOTS.);
#10853 = CARTESIAN_POINT('',(5.497787194373,0.3925));
#10854 = CARTESIAN_POINT('',(7.05931172573,0.3925));
#10855 = ( GEOMETRIC_REPRESENTATION_CONTEXT(2) 
PARAMETRIC_REPRESENTATION_CONTEXT() REPRESENTATION_CONTEXT('2D SPACE',''
  ) );
#10856 = ORIENTED_EDGE('',*,*,#10857,.F.);
#10857 = EDGE_CURVE('',#10858,#10835,#10860,.T.);
#10858 = VERTEX_POINT('',#10859);
#10859 = CARTESIAN_POINT('',(-0.100000103285,4.,1.497750014791));
#10860 = SURFACE_CURVE('',#10861,(#10866,#10872),.PCURVE_S1.);
#10861 = B_SPLINE_CURVE_WITH_KNOTS('',3,(#10862,#10863,#10864,#10865),
  .UNSPECIFIED.,.F.,.F.,(4,4),(0.693309408981,0.703465135648),
  .PIECEWISE_BEZIER_KNOTS.);
#10862 = CARTESIAN_POINT('',(-1.E-01,4.,1.497750014791));
#10863 = CARTESIAN_POINT('',(-1.E-01,3.986577068645,1.531486615216));
#10864 = CARTESIAN_POINT('',(-9.993417280767E-02,3.973892970093,
    1.565597637245));
#10865 = CARTESIAN_POINT('',(-9.982376488458E-02,3.961985570008,1.6));
#10866 = PCURVE('',#10668,#10867);
#10867 = DEFINITIONAL_REPRESENTATION('',(#10868),#10871);
#10868 = B_SPLINE_CURVE_WITH_KNOTS('',1,(#10869,#10870),.UNSPECIFIED.,
  .F.,.F.,(2,2),(0.693309408981,0.703465110741),
  .PIECEWISE_BEZIER_KNOTS.);
#10869 = CARTESIAN_POINT('',(6.28318530718,-1.947750014791));
#10870 = CARTESIAN_POINT('',(6.273913383507,-2.049999746877));
#10871 = ( GEOMETRIC_REPRESENTATION_CONTEXT(2) 
PARAMETRIC_REPRESENTATION_CONTEXT() REPRESENTATION_CONTEXT('2D SPACE',''
  ) );
#10872 = PCURVE('',#864,#10873);
#10873 = DEFINITIONAL_REPRESENTATION('',(#10874),#10879);
#10874 = B_SPLINE_CURVE_WITH_KNOTS('',3,(#10875,#10876,#10877,#10878),
  .UNSPECIFIED.,.F.,.F.,(4,4),(0.693309408981,0.703465135648),
  .PIECEWISE_BEZIER_KNOTS.);
#10875 = CARTESIAN_POINT('',(37.96,-1.947750014791));
#10876 = CARTESIAN_POINT('',(37.973422931355,-1.981486615216));
#10877 = CARTESIAN_POINT('',(37.986107029907,-2.015597637245));
#10878 = CARTESIAN_POINT('',(37.998014429992,-2.05));
#10879 = ( GEOMETRIC_REPRESENTATION_CONTEXT(2) 
PARAMETRIC_REPRESENTATION_CONTEXT() REPRESENTATION_CONTEXT('2D SPACE',''
  ) );
#10880 = ORIENTED_EDGE('',*,*,#10881,.T.);
#10881 = EDGE_CURVE('',#10858,#10882,#10884,.T.);
#10882 = VERTEX_POINT('',#10883);
#10883 = CARTESIAN_POINT('',(-1.E-01,4.,-0.449999713898));
#10884 = SURFACE_CURVE('',#10885,(#10889,#10896),.PCURVE_S1.);
#10885 = LINE('',#10886,#10887);
#10886 = CARTESIAN_POINT('',(-1.E-01,4.,-0.45));
#10887 = VECTOR('',#10888,1.);
#10888 = DIRECTION('',(0.,0.,-1.));
#10889 = PCURVE('',#10668,#10890);
#10890 = DEFINITIONAL_REPRESENTATION('',(#10891),#10895);
#10891 = LINE('',#10892,#10893);
#10892 = CARTESIAN_POINT('',(6.28318530718,0.));
#10893 = VECTOR('',#10894,1.);
#10894 = DIRECTION('',(0.,1.));
#10895 = ( GEOMETRIC_REPRESENTATION_CONTEXT(2) 
PARAMETRIC_REPRESENTATION_CONTEXT() REPRESENTATION_CONTEXT('2D SPACE',''
  ) );
#10896 = PCURVE('',#864,#10897);
#10897 = DEFINITIONAL_REPRESENTATION('',(#10898),#10902);
#10898 = LINE('',#10899,#10900);
#10899 = CARTESIAN_POINT('',(37.96,0.));
#10900 = VECTOR('',#10901,1.);
#10901 = DIRECTION('',(0.,1.));
#10902 = ( GEOMETRIC_REPRESENTATION_CONTEXT(2) 
PARAMETRIC_REPRESENTATION_CONTEXT() REPRESENTATION_CONTEXT('2D SPACE',''
  ) );
#10903 = ORIENTED_EDGE('',*,*,#10904,.F.);
#10904 = EDGE_CURVE('',#10630,#10882,#10905,.T.);
#10905 = SURFACE_CURVE('',#10906,(#10911,#10918),.PCURVE_S1.);
#10906 = CIRCLE('',#10907,4.1);
#10907 = AXIS2_PLACEMENT_3D('',#10908,#10909,#10910);
#10908 = CARTESIAN_POINT('',(4.,4.,-0.449999713898));
#10909 = DIRECTION('',(0.,0.,-1.));
#10910 = DIRECTION('',(-1.,-2.707861035671E-16,-0.));
#10911 = PCURVE('',#10668,#10912);
#10912 = DEFINITIONAL_REPRESENTATION('',(#10913),#10917);
#10913 = LINE('',#10914,#10915);
#10914 = CARTESIAN_POINT('',(0.,-2.861022950218E-07));
#10915 = VECTOR('',#10916,1.);
#10916 = DIRECTION('',(1.,0.));
#10917 = ( GEOMETRIC_REPRESENTATION_CONTEXT(2) 
PARAMETRIC_REPRESENTATION_CONTEXT() REPRESENTATION_CONTEXT('2D SPACE',''
  ) );
#10918 = PCURVE('',#4230,#10919);
#10919 = DEFINITIONAL_REPRESENTATION('',(#10920),#10928);
#10920 = ( BOUNDED_CURVE() B_SPLINE_CURVE(2,(#10921,#10922,#10923,#10924
    ,#10925,#10926,#10927),.UNSPECIFIED.,.T.,.F.) 
B_SPLINE_CURVE_WITH_KNOTS((1,2,2,2,2,1),(-2.094395102393,0.,
    2.094395102393,4.188790204786,6.28318530718,8.377580409573),
.UNSPECIFIED.) CURVE() GEOMETRIC_REPRESENTATION_ITEM() 
RATIONAL_B_SPLINE_CURVE((1.,0.5,1.,0.5,1.,0.5,1.)) REPRESENTATION_ITEM(
  '') );
#10921 = CARTESIAN_POINT('',(17.,18.98));
#10922 = CARTESIAN_POINT('',(17.,11.878591688968));
#10923 = CARTESIAN_POINT('',(10.85,15.429295844484));
#10924 = CARTESIAN_POINT('',(4.7,18.98));
#10925 = CARTESIAN_POINT('',(10.85,22.530704155516));
#10926 = CARTESIAN_POINT('',(17.,26.081408311032));
#10927 = CARTESIAN_POINT('',(17.,18.98));
#10928 = ( GEOMETRIC_REPRESENTATION_CONTEXT(2) 
PARAMETRIC_REPRESENTATION_CONTEXT() REPRESENTATION_CONTEXT('2D SPACE',''
  ) );
#10929 = ADVANCED_FACE('',(#10930),#2043,.F.);
#10930 = FACE_BOUND('',#10931,.F.);
#10931 = EDGE_LOOP('',(#10932,#10955,#10975,#10976,#10977));
#10932 = ORIENTED_EDGE('',*,*,#10933,.F.);
#10933 = EDGE_CURVE('',#10934,#2023,#10936,.T.);
#10934 = VERTEX_POINT('',#10935);
#10935 = CARTESIAN_POINT('',(-9.99997925757E-02,4.,1.6));
#10936 = SURFACE_CURVE('',#10937,(#10941,#10948),.PCURVE_S1.);
#10937 = LINE('',#10938,#10939);
#10938 = CARTESIAN_POINT('',(-9.99997925757E-02,4.,1.9925));
#10939 = VECTOR('',#10940,1.);
#10940 = DIRECTION('',(-1.387778780781E-17,2.61269566099E-34,1.));
#10941 = PCURVE('',#2043,#10942);
#10942 = DEFINITIONAL_REPRESENTATION('',(#10943),#10947);
#10943 = LINE('',#10944,#10945);
#10944 = CARTESIAN_POINT('',(7.068583470577,0.));
#10945 = VECTOR('',#10946,1.);
#10946 = DIRECTION('',(0.,-1.));
#10947 = ( GEOMETRIC_REPRESENTATION_CONTEXT(2) 
PARAMETRIC_REPRESENTATION_CONTEXT() REPRESENTATION_CONTEXT('2D SPACE',''
  ) );
#10948 = PCURVE('',#864,#10949);
#10949 = DEFINITIONAL_REPRESENTATION('',(#10950),#10954);
#10950 = LINE('',#10951,#10952);
#10951 = CARTESIAN_POINT('',(37.96,-2.4425));
#10952 = VECTOR('',#10953,1.);
#10953 = DIRECTION('',(-2.487931861695E-32,-1.));
#10954 = ( GEOMETRIC_REPRESENTATION_CONTEXT(2) 
PARAMETRIC_REPRESENTATION_CONTEXT() REPRESENTATION_CONTEXT('2D SPACE',''
  ) );
#10955 = ORIENTED_EDGE('',*,*,#10956,.F.);
#10956 = EDGE_CURVE('',#10835,#10934,#10957,.T.);
#10957 = SURFACE_CURVE('',#10958,(#10962,#10968),.PCURVE_S1.);
#10958 = LINE('',#10959,#10960);
#10959 = CARTESIAN_POINT('',(-0.100000207424,29.580000250709,1.6));
#10960 = VECTOR('',#10961,1.);
#10961 = DIRECTION('',(-1.773917384512E-15,1.,-3.385423730367E-35));
#10962 = PCURVE('',#2043,#10963);
#10963 = DEFINITIONAL_REPRESENTATION('',(#10964),#10967);
#10964 = B_SPLINE_CURVE_WITH_KNOTS('',1,(#10965,#10966),.UNSPECIFIED.,
  .F.,.F.,(2,2),(-25.6180146807,-25.5800002507),
  .PIECEWISE_BEZIER_KNOTS.);
#10965 = CARTESIAN_POINT('',(7.059311924997,0.3925));
#10966 = CARTESIAN_POINT('',(7.068583470577,0.3925));
#10967 = ( GEOMETRIC_REPRESENTATION_CONTEXT(2) 
PARAMETRIC_REPRESENTATION_CONTEXT() REPRESENTATION_CONTEXT('2D SPACE',''
  ) );
#10968 = PCURVE('',#864,#10969);
#10969 = DEFINITIONAL_REPRESENTATION('',(#10970),#10974);
#10970 = LINE('',#10971,#10972);
#10971 = CARTESIAN_POINT('',(12.379999749291,-2.05));
#10972 = VECTOR('',#10973,1.);
#10973 = DIRECTION('',(-1.,3.385423730367E-35));
#10974 = ( GEOMETRIC_REPRESENTATION_CONTEXT(2) 
PARAMETRIC_REPRESENTATION_CONTEXT() REPRESENTATION_CONTEXT('2D SPACE',''
  ) );
#10975 = ORIENTED_EDGE('',*,*,#10834,.F.);
#10976 = ORIENTED_EDGE('',*,*,#10680,.F.);
#10977 = ORIENTED_EDGE('',*,*,#2022,.F.);
#10978 = ADVANCED_FACE('',(#10979),#2094,.F.);
#10979 = FACE_BOUND('',#10980,.T.);
#10980 = EDGE_LOOP('',(#10981,#10982,#10983,#11004));
#10981 = ORIENTED_EDGE('',*,*,#5669,.F.);
#10982 = ORIENTED_EDGE('',*,*,#2078,.T.);
#10983 = ORIENTED_EDGE('',*,*,#10984,.F.);
#10984 = EDGE_CURVE('',#6359,#2056,#10985,.T.);
#10985 = SURFACE_CURVE('',#10986,(#10990,#10997),.PCURVE_S1.);
#10986 = LINE('',#10987,#10988);
#10987 = CARTESIAN_POINT('',(-0.100000207424,4.98,1.292500095367));
#10988 = VECTOR('',#10989,1.);
#10989 = DIRECTION('',(-2.775557561562E-17,-7.404956277786E-15,1.));
#10990 = PCURVE('',#2094,#10991);
#10991 = DEFINITIONAL_REPRESENTATION('',(#10992),#10996);
#10992 = LINE('',#10993,#10994);
#10993 = CARTESIAN_POINT('',(1.242499904633,1.599998438358));
#10994 = VECTOR('',#10995,1.);
#10995 = DIRECTION('',(-1.,-1.387778780781E-17));
#10996 = ( GEOMETRIC_REPRESENTATION_CONTEXT(2) 
PARAMETRIC_REPRESENTATION_CONTEXT() REPRESENTATION_CONTEXT('2D SPACE',''
  ) );
#10997 = PCURVE('',#864,#10998);
#10998 = DEFINITIONAL_REPRESENTATION('',(#10999),#11003);
#10999 = LINE('',#11000,#11001);
#11000 = CARTESIAN_POINT('',(36.98,-1.742500095367));
#11001 = VECTOR('',#11002,1.);
#11002 = DIRECTION('',(7.404956277786E-15,-1.));
#11003 = ( GEOMETRIC_REPRESENTATION_CONTEXT(2) 
PARAMETRIC_REPRESENTATION_CONTEXT() REPRESENTATION_CONTEXT('2D SPACE',''
  ) );
#11004 = ORIENTED_EDGE('',*,*,#6358,.T.);
#11005 = ADVANCED_FACE('',(#11006),#3597,.F.);
#11006 = FACE_BOUND('',#11007,.T.);
#11007 = EDGE_LOOP('',(#11008,#11009,#11010,#11031));
#11008 = ORIENTED_EDGE('',*,*,#6305,.F.);
#11009 = ORIENTED_EDGE('',*,*,#6404,.F.);
#11010 = ORIENTED_EDGE('',*,*,#11011,.F.);
#11011 = EDGE_CURVE('',#3582,#6382,#11012,.T.);
#11012 = SURFACE_CURVE('',#11013,(#11017,#11024),.PCURVE_S1.);
#11013 = LINE('',#11014,#11015);
#11014 = CARTESIAN_POINT('',(-0.100000207424,14.579999704361,
    3.542500095367));
#11015 = VECTOR('',#11016,1.);
#11016 = DIRECTION('',(2.775557561562E-17,7.404956277786E-15,-1.));
#11017 = PCURVE('',#3597,#11018);
#11018 = DEFINITIONAL_REPRESENTATION('',(#11019),#11023);
#11019 = LINE('',#11020,#11021);
#11020 = CARTESIAN_POINT('',(1.307500095367,1.599998438358));
#11021 = VECTOR('',#11022,1.);
#11022 = DIRECTION('',(-1.,1.387778780781E-17));
#11023 = ( GEOMETRIC_REPRESENTATION_CONTEXT(2) 
PARAMETRIC_REPRESENTATION_CONTEXT() REPRESENTATION_CONTEXT('2D SPACE',''
  ) );
#11024 = PCURVE('',#864,#11025);
#11025 = DEFINITIONAL_REPRESENTATION('',(#11026),#11030);
#11026 = LINE('',#11027,#11028);
#11027 = CARTESIAN_POINT('',(27.380000295639,-3.992500095367));
#11028 = VECTOR('',#11029,1.);
#11029 = DIRECTION('',(-7.404956277786E-15,1.));
#11030 = ( GEOMETRIC_REPRESENTATION_CONTEXT(2) 
PARAMETRIC_REPRESENTATION_CONTEXT() REPRESENTATION_CONTEXT('2D SPACE',''
  ) );
#11031 = ORIENTED_EDGE('',*,*,#3581,.T.);
#11032 = ADVANCED_FACE('',(#11033),#11047,.F.);
#11033 = FACE_BOUND('',#11034,.F.);
#11034 = EDGE_LOOP('',(#11035,#11065,#11092,#11115,#11138));
#11035 = ORIENTED_EDGE('',*,*,#11036,.F.);
#11036 = EDGE_CURVE('',#11037,#11039,#11041,.T.);
#11037 = VERTEX_POINT('',#11038);
#11038 = CARTESIAN_POINT('',(-0.1,41.96,1.514186776276));
#11039 = VERTEX_POINT('',#11040);
#11040 = CARTESIAN_POINT('',(-0.1,41.96,-0.449999713898));
#11041 = SURFACE_CURVE('',#11042,(#11046,#11058),.PCURVE_S1.);
#11042 = LINE('',#11043,#11044);
#11043 = CARTESIAN_POINT('',(-0.1,41.96,-0.45));
#11044 = VECTOR('',#11045,1.);
#11045 = DIRECTION('',(0.,0.,-1.));
#11046 = PCURVE('',#11047,#11052);
#11047 = CYLINDRICAL_SURFACE('',#11048,4.1);
#11048 = AXIS2_PLACEMENT_3D('',#11049,#11050,#11051);
#11049 = CARTESIAN_POINT('',(4.,41.96,-0.45));
#11050 = DIRECTION('',(0.,0.,-1.));
#11051 = DIRECTION('',(-2.707861035671E-16,1.,0.));
#11052 = DEFINITIONAL_REPRESENTATION('',(#11053),#11057);
#11053 = LINE('',#11054,#11055);
#11054 = CARTESIAN_POINT('',(4.712388980385,0.));
#11055 = VECTOR('',#11056,1.);
#11056 = DIRECTION('',(0.,1.));
#11057 = ( GEOMETRIC_REPRESENTATION_CONTEXT(2) 
PARAMETRIC_REPRESENTATION_CONTEXT() REPRESENTATION_CONTEXT('2D SPACE',''
  ) );
#11058 = PCURVE('',#864,#11059);
#11059 = DEFINITIONAL_REPRESENTATION('',(#11060),#11064);
#11060 = LINE('',#11061,#11062);
#11061 = CARTESIAN_POINT('',(0.,0.));
#11062 = VECTOR('',#11063,1.);
#11063 = DIRECTION('',(0.,1.));
#11064 = ( GEOMETRIC_REPRESENTATION_CONTEXT(2) 
PARAMETRIC_REPRESENTATION_CONTEXT() REPRESENTATION_CONTEXT('2D SPACE',''
  ) );
#11065 = ORIENTED_EDGE('',*,*,#11066,.F.);
#11066 = EDGE_CURVE('',#11067,#11037,#11069,.T.);
#11067 = VERTEX_POINT('',#11068);
#11068 = CARTESIAN_POINT('',(-9.993921901091E-02,41.991544621826,1.6));
#11069 = SURFACE_CURVE('',#11070,(#11075,#11081),.PCURVE_S1.);
#11070 = CIRCLE('',#11071,2.4);
#11071 = AXIS2_PLACEMENT_3D('',#11072,#11073,#11074);
#11072 = CARTESIAN_POINT('',(-0.100000207424,39.723555426712,2.385));
#11073 = DIRECTION('',(-1.,-1.773917384512E-15,-2.775557561563E-17));
#11074 = DIRECTION('',(-1.761533083861E-15,0.994636954333,-0.10342789312
    ));
#11075 = PCURVE('',#11047,#11076);
#11076 = DEFINITIONAL_REPRESENTATION('',(#11077),#11080);
#11077 = B_SPLINE_CURVE_WITH_KNOTS('',1,(#11078,#11079),.UNSPECIFIED.,
  .F.,.F.,(2,2),(0.229602298912,0.267699359761),
  .PIECEWISE_BEZIER_KNOTS.);
#11078 = CARTESIAN_POINT('',(4.720082638912,-2.049999999261));
#11079 = CARTESIAN_POINT('',(4.712388980385,-1.964186776276));
#11080 = ( GEOMETRIC_REPRESENTATION_CONTEXT(2) 
PARAMETRIC_REPRESENTATION_CONTEXT() REPRESENTATION_CONTEXT('2D SPACE',''
  ) );
#11081 = PCURVE('',#864,#11082);
#11082 = DEFINITIONAL_REPRESENTATION('',(#11083),#11091);
#11083 = ( BOUNDED_CURVE() B_SPLINE_CURVE(2,(#11084,#11085,#11086,#11087
    ,#11088,#11089,#11090),.UNSPECIFIED.,.T.,.F.) 
B_SPLINE_CURVE_WITH_KNOTS((1,2,2,2,2,1),(-2.094395102393,0.,
    2.094395102393,4.188790204786,6.28318530718,8.377580409573),
.UNSPECIFIED.) CURVE() GEOMETRIC_REPRESENTATION_ITEM() 
RATIONAL_B_SPLINE_CURVE((1.,0.5,1.,0.5,1.,0.5,1.)) REPRESENTATION_ITEM(
  '') );
#11084 = CARTESIAN_POINT('',(-0.150684117111,-2.586773056511));
#11085 = CARTESIAN_POINT('',(0.279257560819,1.547855119466));
#11086 = CARTESIAN_POINT('',(3.644979757452,-0.891799383756));
#11087 = CARTESIAN_POINT('',(7.010701954086,-3.331453886978));
#11088 = CARTESIAN_POINT('',(3.215038079522,-5.026427559733));
#11089 = CARTESIAN_POINT('',(-0.580625795042,-6.721401232487));
#11090 = CARTESIAN_POINT('',(-0.150684117111,-2.586773056511));
#11091 = ( GEOMETRIC_REPRESENTATION_CONTEXT(2) 
PARAMETRIC_REPRESENTATION_CONTEXT() REPRESENTATION_CONTEXT('2D SPACE',''
  ) );
#11092 = ORIENTED_EDGE('',*,*,#11093,.T.);
#11093 = EDGE_CURVE('',#11067,#11094,#11096,.T.);
#11094 = VERTEX_POINT('',#11095);
#11095 = CARTESIAN_POINT('',(4.,46.06,1.6));
#11096 = SURFACE_CURVE('',#11097,(#11102,#11109),.PCURVE_S1.);
#11097 = CIRCLE('',#11098,4.1);
#11098 = AXIS2_PLACEMENT_3D('',#11099,#11100,#11101);
#11099 = CARTESIAN_POINT('',(4.,41.96,1.6));
#11100 = DIRECTION('',(0.,0.,-1.));
#11101 = DIRECTION('',(-2.707861035671E-16,1.,0.));
#11102 = PCURVE('',#11047,#11103);
#11103 = DEFINITIONAL_REPRESENTATION('',(#11104),#11108);
#11104 = LINE('',#11105,#11106);
#11105 = CARTESIAN_POINT('',(-8.881784197001E-16,-2.05));
#11106 = VECTOR('',#11107,1.);
#11107 = DIRECTION('',(1.,0.));
#11108 = ( GEOMETRIC_REPRESENTATION_CONTEXT(2) 
PARAMETRIC_REPRESENTATION_CONTEXT() REPRESENTATION_CONTEXT('2D SPACE',''
  ) );
#11109 = PCURVE('',#897,#11110);
#11110 = DEFINITIONAL_REPRESENTATION('',(#11111),#11114);
#11111 = B_SPLINE_CURVE_WITH_KNOTS('',1,(#11112,#11113),.UNSPECIFIED.,
  .F.,.F.,(2,2),(4.720082752834,6.28318530718),
  .PIECEWISE_BEZIER_KNOTS.);
#11112 = CARTESIAN_POINT('',(7.060889698517,-0.3925));
#11113 = CARTESIAN_POINT('',(5.497787194373,-0.3925));
#11114 = ( GEOMETRIC_REPRESENTATION_CONTEXT(2) 
PARAMETRIC_REPRESENTATION_CONTEXT() REPRESENTATION_CONTEXT('2D SPACE',''
  ) );
#11115 = ORIENTED_EDGE('',*,*,#11116,.T.);
#11116 = EDGE_CURVE('',#11094,#11117,#11119,.T.);
#11117 = VERTEX_POINT('',#11118);
#11118 = CARTESIAN_POINT('',(4.,46.06,-0.449999713898));
#11119 = SURFACE_CURVE('',#11120,(#11124,#11131),.PCURVE_S1.);
#11120 = LINE('',#11121,#11122);
#11121 = CARTESIAN_POINT('',(4.,46.06,-0.45));
#11122 = VECTOR('',#11123,1.);
#11123 = DIRECTION('',(0.,0.,-1.));
#11124 = PCURVE('',#11047,#11125);
#11125 = DEFINITIONAL_REPRESENTATION('',(#11126),#11130);
#11126 = LINE('',#11127,#11128);
#11127 = CARTESIAN_POINT('',(6.28318530718,0.));
#11128 = VECTOR('',#11129,1.);
#11129 = DIRECTION('',(0.,1.));
#11130 = ( GEOMETRIC_REPRESENTATION_CONTEXT(2) 
PARAMETRIC_REPRESENTATION_CONTEXT() REPRESENTATION_CONTEXT('2D SPACE',''
  ) );
#11131 = PCURVE('',#925,#11132);
#11132 = DEFINITIONAL_REPRESENTATION('',(#11133),#11137);
#11133 = LINE('',#11134,#11135);
#11134 = CARTESIAN_POINT('',(25.8,0.));
#11135 = VECTOR('',#11136,1.);
#11136 = DIRECTION('',(0.,1.));
#11137 = ( GEOMETRIC_REPRESENTATION_CONTEXT(2) 
PARAMETRIC_REPRESENTATION_CONTEXT() REPRESENTATION_CONTEXT('2D SPACE',''
  ) );
#11138 = ORIENTED_EDGE('',*,*,#11139,.F.);
#11139 = EDGE_CURVE('',#11039,#11117,#11140,.T.);
#11140 = SURFACE_CURVE('',#11141,(#11146,#11153),.PCURVE_S1.);
#11141 = CIRCLE('',#11142,4.1);
#11142 = AXIS2_PLACEMENT_3D('',#11143,#11144,#11145);
#11143 = CARTESIAN_POINT('',(4.,41.96,-0.449999713898));
#11144 = DIRECTION('',(0.,0.,-1.));
#11145 = DIRECTION('',(-2.707861035671E-16,1.,0.));
#11146 = PCURVE('',#11047,#11147);
#11147 = DEFINITIONAL_REPRESENTATION('',(#11148),#11152);
#11148 = LINE('',#11149,#11150);
#11149 = CARTESIAN_POINT('',(0.,-2.861022950218E-07));
#11150 = VECTOR('',#11151,1.);
#11151 = DIRECTION('',(1.,0.));
#11152 = ( GEOMETRIC_REPRESENTATION_CONTEXT(2) 
PARAMETRIC_REPRESENTATION_CONTEXT() REPRESENTATION_CONTEXT('2D SPACE',''
  ) );
#11153 = PCURVE('',#4230,#11154);
#11154 = DEFINITIONAL_REPRESENTATION('',(#11155),#11163);
#11155 = ( BOUNDED_CURVE() B_SPLINE_CURVE(2,(#11156,#11157,#11158,#11159
    ,#11160,#11161,#11162),.UNSPECIFIED.,.T.,.F.) 
B_SPLINE_CURVE_WITH_KNOTS((1,2,2,2,2,1),(-2.094395102393,0.,
    2.094395102393,4.188790204786,6.28318530718,8.377580409573),
.UNSPECIFIED.) CURVE() GEOMETRIC_REPRESENTATION_ITEM() 
RATIONAL_B_SPLINE_CURVE((1.,0.5,1.,0.5,1.,0.5,1.)) REPRESENTATION_ITEM(
  '') );
#11156 = CARTESIAN_POINT('',(12.9,-23.08));
#11157 = CARTESIAN_POINT('',(5.798591688968,-23.08));
#11158 = CARTESIAN_POINT('',(9.349295844484,-16.93));
#11159 = CARTESIAN_POINT('',(12.9,-10.78));
#11160 = CARTESIAN_POINT('',(16.450704155516,-16.93));
#11161 = CARTESIAN_POINT('',(20.001408311032,-23.08));
#11162 = CARTESIAN_POINT('',(12.9,-23.08));
#11163 = ( GEOMETRIC_REPRESENTATION_CONTEXT(2) 
PARAMETRIC_REPRESENTATION_CONTEXT() REPRESENTATION_CONTEXT('2D SPACE',''
  ) );
#11164 = ADVANCED_FACE('',(#11165),#3648,.F.);
#11165 = FACE_BOUND('',#11166,.T.);
#11166 = EDGE_LOOP('',(#11167,#11168,#11169,#11190));
#11167 = ORIENTED_EDGE('',*,*,#5882,.F.);
#11168 = ORIENTED_EDGE('',*,*,#3632,.T.);
#11169 = ORIENTED_EDGE('',*,*,#11170,.F.);
#11170 = EDGE_CURVE('',#6486,#3610,#11171,.T.);
#11171 = SURFACE_CURVE('',#11172,(#11176,#11183),.PCURVE_S1.);
#11172 = LINE('',#11173,#11174);
#11173 = CARTESIAN_POINT('',(-0.100000207424,31.380000157356,
    1.292500095367));
#11174 = VECTOR('',#11175,1.);
#11175 = DIRECTION('',(-2.775557561562E-17,-7.404956277786E-15,1.));
#11176 = PCURVE('',#3648,#11177);
#11177 = DEFINITIONAL_REPRESENTATION('',(#11178),#11182);
#11178 = LINE('',#11179,#11180);
#11179 = CARTESIAN_POINT('',(1.242499904633,1.599998645782));
#11180 = VECTOR('',#11181,1.);
#11181 = DIRECTION('',(-1.,9.860761315263E-32));
#11182 = ( GEOMETRIC_REPRESENTATION_CONTEXT(2) 
PARAMETRIC_REPRESENTATION_CONTEXT() REPRESENTATION_CONTEXT('2D SPACE',''
  ) );
#11183 = PCURVE('',#864,#11184);
#11184 = DEFINITIONAL_REPRESENTATION('',(#11185),#11189);
#11185 = LINE('',#11186,#11187);
#11186 = CARTESIAN_POINT('',(10.579999842644,-1.742500095367));
#11187 = VECTOR('',#11188,1.);
#11188 = DIRECTION('',(7.404956277786E-15,-1.));
#11189 = ( GEOMETRIC_REPRESENTATION_CONTEXT(2) 
PARAMETRIC_REPRESENTATION_CONTEXT() REPRESENTATION_CONTEXT('2D SPACE',''
  ) );
#11190 = ORIENTED_EDGE('',*,*,#6485,.T.);
#11191 = ADVANCED_FACE('',(#11192),#3128,.F.);
#11192 = FACE_BOUND('',#11193,.T.);
#11193 = EDGE_LOOP('',(#11194,#11195,#11196,#11217));
#11194 = ORIENTED_EDGE('',*,*,#6559,.F.);
#11195 = ORIENTED_EDGE('',*,*,#6658,.F.);
#11196 = ORIENTED_EDGE('',*,*,#11197,.F.);
#11197 = EDGE_CURVE('',#3113,#6636,#11198,.T.);
#11198 = SURFACE_CURVE('',#11199,(#11203,#11210),.PCURVE_S1.);
#11199 = LINE('',#11200,#11201);
#11200 = CARTESIAN_POINT('',(33.9,31.380000157356,3.542500095367));
#11201 = VECTOR('',#11202,1.);
#11202 = DIRECTION('',(-7.370694391332E-31,-7.401486830834E-15,-1.));
#11203 = PCURVE('',#3128,#11204);
#11204 = DEFINITIONAL_REPRESENTATION('',(#11205),#11209);
#11205 = LINE('',#11206,#11207);
#11206 = CARTESIAN_POINT('',(1.307500095367,1.599998836517));
#11207 = VECTOR('',#11208,1.);
#11208 = DIRECTION('',(-1.,-8.466067047205E-32));
#11209 = ( GEOMETRIC_REPRESENTATION_CONTEXT(2) 
PARAMETRIC_REPRESENTATION_CONTEXT() REPRESENTATION_CONTEXT('2D SPACE',''
  ) );
#11210 = PCURVE('',#986,#11211);
#11211 = DEFINITIONAL_REPRESENTATION('',(#11212),#11216);
#11212 = LINE('',#11213,#11214);
#11213 = CARTESIAN_POINT('',(27.380000157356,-3.992500095367));
#11214 = VECTOR('',#11215,1.);
#11215 = DIRECTION('',(-7.401486830834E-15,1.));
#11216 = ( GEOMETRIC_REPRESENTATION_CONTEXT(2) 
PARAMETRIC_REPRESENTATION_CONTEXT() REPRESENTATION_CONTEXT('2D SPACE',''
  ) );
#11217 = ORIENTED_EDGE('',*,*,#3112,.T.);
#11218 = ADVANCED_FACE('',(#11219),#3179,.F.);
#11219 = FACE_BOUND('',#11220,.F.);
#11220 = EDGE_LOOP('',(#11221,#11222,#11245,#11271));
#11221 = ORIENTED_EDGE('',*,*,#7357,.T.);
#11222 = ORIENTED_EDGE('',*,*,#11223,.T.);
#11223 = EDGE_CURVE('',#7358,#11224,#11226,.T.);
#11224 = VERTEX_POINT('',#11225);
#11225 = CARTESIAN_POINT('',(33.9,26.357646266952,2.077963711575));
#11226 = SURFACE_CURVE('',#11227,(#11231,#11238),.PCURVE_S1.);
#11227 = LINE('',#11228,#11229);
#11228 = CARTESIAN_POINT('',(35.85,26.357646266952,2.077963711575));
#11229 = VECTOR('',#11230,1.);
#11230 = DIRECTION('',(-1.,0.,0.));
#11231 = PCURVE('',#3179,#11232);
#11232 = DEFINITIONAL_REPRESENTATION('',(#11233),#11237);
#11233 = LINE('',#11234,#11235);
#11234 = CARTESIAN_POINT('',(6.28318530718,0.));
#11235 = VECTOR('',#11236,1.);
#11236 = DIRECTION('',(0.,1.));
#11237 = ( GEOMETRIC_REPRESENTATION_CONTEXT(2) 
PARAMETRIC_REPRESENTATION_CONTEXT() REPRESENTATION_CONTEXT('2D SPACE',''
  ) );
#11238 = PCURVE('',#7401,#11239);
#11239 = DEFINITIONAL_REPRESENTATION('',(#11240),#11244);
#11240 = LINE('',#11241,#11242);
#11241 = CARTESIAN_POINT('',(0.,0.));
#11242 = VECTOR('',#11243,1.);
#11243 = DIRECTION('',(-0.,1.));
#11244 = ( GEOMETRIC_REPRESENTATION_CONTEXT(2) 
PARAMETRIC_REPRESENTATION_CONTEXT() REPRESENTATION_CONTEXT('2D SPACE',''
  ) );
#11245 = ORIENTED_EDGE('',*,*,#11246,.T.);
#11246 = EDGE_CURVE('',#11224,#3141,#11247,.T.);
#11247 = SURFACE_CURVE('',#11248,(#11253,#11260),.PCURVE_S1.);
#11248 = CIRCLE('',#11249,1.034000000001);
#11249 = AXIS2_PLACEMENT_3D('',#11250,#11251,#11252);
#11250 = CARTESIAN_POINT('',(33.9,25.626497855205,2.809112123322));
#11251 = DIRECTION('',(1.,2.33977455137E-16,0.));
#11252 = DIRECTION('',(-1.654470451722E-16,0.707106781187,
    -0.707106781187));
#11253 = PCURVE('',#3179,#11254);
#11254 = DEFINITIONAL_REPRESENTATION('',(#11255),#11259);
#11255 = LINE('',#11256,#11257);
#11256 = CARTESIAN_POINT('',(6.28318530718,1.95));
#11257 = VECTOR('',#11258,1.);
#11258 = DIRECTION('',(-1.,0.));
#11259 = ( GEOMETRIC_REPRESENTATION_CONTEXT(2) 
PARAMETRIC_REPRESENTATION_CONTEXT() REPRESENTATION_CONTEXT('2D SPACE',''
  ) );
#11260 = PCURVE('',#986,#11261);
#11261 = DEFINITIONAL_REPRESENTATION('',(#11262),#11270);
#11262 = ( BOUNDED_CURVE() B_SPLINE_CURVE(2,(#11263,#11264,#11265,#11266
    ,#11267,#11268,#11269),.UNSPECIFIED.,.T.,.F.) 
B_SPLINE_CURVE_WITH_KNOTS((1,2,2,2,2,1),(-2.094395102393,0.,
    2.094395102393,4.188790204786,6.28318530718,8.377580409573),
.UNSPECIFIED.) CURVE() GEOMETRIC_REPRESENTATION_ITEM() 
RATIONAL_B_SPLINE_CURVE((1.,0.5,1.,0.5,1.,0.5,1.)) REPRESENTATION_ITEM(
  '') );
#11263 = CARTESIAN_POINT('',(22.357646266952,-2.527963711575));
#11264 = CARTESIAN_POINT('',(23.624032463971,-3.794349908595));
#11265 = CARTESIAN_POINT('',(21.894116747841,-4.257879427706));
#11266 = CARTESIAN_POINT('',(20.16420103171,-4.721408946817));
#11267 = CARTESIAN_POINT('',(20.627730550821,-2.991493230686));
#11268 = CARTESIAN_POINT('',(21.091260069932,-1.261577514556));
#11269 = CARTESIAN_POINT('',(22.357646266952,-2.527963711575));
#11270 = ( GEOMETRIC_REPRESENTATION_CONTEXT(2) 
PARAMETRIC_REPRESENTATION_CONTEXT() REPRESENTATION_CONTEXT('2D SPACE',''
  ) );
#11271 = ORIENTED_EDGE('',*,*,#3163,.F.);
#11272 = ADVANCED_FACE('',(#11273),#7401,.F.);
#11273 = FACE_BOUND('',#11274,.T.);
#11274 = EDGE_LOOP('',(#11275,#11298,#11319,#11320));
#11275 = ORIENTED_EDGE('',*,*,#11276,.F.);
#11276 = EDGE_CURVE('',#11277,#11224,#11279,.T.);
#11277 = VERTEX_POINT('',#11278);
#11278 = CARTESIAN_POINT('',(33.9,25.745998901226,1.466316345849));
#11279 = SURFACE_CURVE('',#11280,(#11284,#11291),.PCURVE_S1.);
#11280 = LINE('',#11281,#11282);
#11281 = CARTESIAN_POINT('',(33.9,20.648743772328,-3.630938783057));
#11282 = VECTOR('',#11283,1.);
#11283 = DIRECTION('',(-1.65447045172E-16,0.707106781186,0.707106781187)
  );
#11284 = PCURVE('',#7401,#11285);
#11285 = DEFINITIONAL_REPRESENTATION('',(#11286),#11290);
#11286 = LINE('',#11287,#11288);
#11287 = CARTESIAN_POINT('',(8.073607334169,1.95));
#11288 = VECTOR('',#11289,1.);
#11289 = DIRECTION('',(-1.,1.65447045172E-16));
#11290 = ( GEOMETRIC_REPRESENTATION_CONTEXT(2) 
PARAMETRIC_REPRESENTATION_CONTEXT() REPRESENTATION_CONTEXT('2D SPACE',''
  ) );
#11291 = PCURVE('',#986,#11292);
#11292 = DEFINITIONAL_REPRESENTATION('',(#11293),#11297);
#11293 = LINE('',#11294,#11295);
#11294 = CARTESIAN_POINT('',(16.648743772328,3.180938783057));
#11295 = VECTOR('',#11296,1.);
#11296 = DIRECTION('',(0.707106781186,-0.707106781187));
#11297 = ( GEOMETRIC_REPRESENTATION_CONTEXT(2) 
PARAMETRIC_REPRESENTATION_CONTEXT() REPRESENTATION_CONTEXT('2D SPACE',''
  ) );
#11298 = ORIENTED_EDGE('',*,*,#11299,.F.);
#11299 = EDGE_CURVE('',#7386,#11277,#11300,.T.);
#11300 = SURFACE_CURVE('',#11301,(#11305,#11312),.PCURVE_S1.);
#11301 = LINE('',#11302,#11303);
#11302 = CARTESIAN_POINT('',(35.85,25.745998901226,1.466316345849));
#11303 = VECTOR('',#11304,1.);
#11304 = DIRECTION('',(-1.,0.,0.));
#11305 = PCURVE('',#7401,#11306);
#11306 = DEFINITIONAL_REPRESENTATION('',(#11307),#11311);
#11307 = LINE('',#11308,#11309);
#11308 = CARTESIAN_POINT('',(0.864999999999,0.));
#11309 = VECTOR('',#11310,1.);
#11310 = DIRECTION('',(-0.,1.));
#11311 = ( GEOMETRIC_REPRESENTATION_CONTEXT(2) 
PARAMETRIC_REPRESENTATION_CONTEXT() REPRESENTATION_CONTEXT('2D SPACE',''
  ) );
#11312 = PCURVE('',#7434,#11313);
#11313 = DEFINITIONAL_REPRESENTATION('',(#11314),#11318);
#11314 = LINE('',#11315,#11316);
#11315 = CARTESIAN_POINT('',(5.497787143781,0.));
#11316 = VECTOR('',#11317,1.);
#11317 = DIRECTION('',(0.,1.));
#11318 = ( GEOMETRIC_REPRESENTATION_CONTEXT(2) 
PARAMETRIC_REPRESENTATION_CONTEXT() REPRESENTATION_CONTEXT('2D SPACE',''
  ) );
#11319 = ORIENTED_EDGE('',*,*,#7385,.F.);
#11320 = ORIENTED_EDGE('',*,*,#11223,.T.);
#11321 = ADVANCED_FACE('',(#11322),#7434,.F.);
#11322 = FACE_BOUND('',#11323,.F.);
#11323 = EDGE_LOOP('',(#11324,#11325,#11326,#11349));
#11324 = ORIENTED_EDGE('',*,*,#11299,.F.);
#11325 = ORIENTED_EDGE('',*,*,#7413,.T.);
#11326 = ORIENTED_EDGE('',*,*,#11327,.T.);
#11327 = EDGE_CURVE('',#7414,#11328,#11330,.T.);
#11328 = VERTEX_POINT('',#11329);
#11329 = CARTESIAN_POINT('',(33.9,25.000001247074,1.157314));
#11330 = SURFACE_CURVE('',#11331,(#11335,#11342),.PCURVE_S1.);
#11331 = LINE('',#11332,#11333);
#11332 = CARTESIAN_POINT('',(35.85,25.000001247074,1.157314));
#11333 = VECTOR('',#11334,1.);
#11334 = DIRECTION('',(-1.,0.,0.));
#11335 = PCURVE('',#7434,#11336);
#11336 = DEFINITIONAL_REPRESENTATION('',(#11337),#11341);
#11337 = LINE('',#11338,#11339);
#11338 = CARTESIAN_POINT('',(6.28318530718,0.));
#11339 = VECTOR('',#11340,1.);
#11340 = DIRECTION('',(0.,1.));
#11341 = ( GEOMETRIC_REPRESENTATION_CONTEXT(2) 
PARAMETRIC_REPRESENTATION_CONTEXT() REPRESENTATION_CONTEXT('2D SPACE',''
  ) );
#11342 = PCURVE('',#7462,#11343);
#11343 = DEFINITIONAL_REPRESENTATION('',(#11344),#11348);
#11344 = LINE('',#11345,#11346);
#11345 = CARTESIAN_POINT('',(0.,0.));
#11346 = VECTOR('',#11347,1.);
#11347 = DIRECTION('',(0.,1.));
#11348 = ( GEOMETRIC_REPRESENTATION_CONTEXT(2) 
PARAMETRIC_REPRESENTATION_CONTEXT() REPRESENTATION_CONTEXT('2D SPACE',''
  ) );
#11349 = ORIENTED_EDGE('',*,*,#11350,.T.);
#11350 = EDGE_CURVE('',#11328,#11277,#11351,.T.);
#11351 = SURFACE_CURVE('',#11352,(#11357,#11364),.PCURVE_S1.);
#11352 = CIRCLE('',#11353,1.055);
#11353 = AXIS2_PLACEMENT_3D('',#11354,#11355,#11356);
#11354 = CARTESIAN_POINT('',(33.9,25.000001247074,2.212314));
#11355 = DIRECTION('',(1.,2.33977455137E-16,0.));
#11356 = DIRECTION('',(1.969798354019E-30,-8.418752793366E-15,-1.));
#11357 = PCURVE('',#7434,#11358);
#11358 = DEFINITIONAL_REPRESENTATION('',(#11359),#11363);
#11359 = LINE('',#11360,#11361);
#11360 = CARTESIAN_POINT('',(6.28318530718,1.95));
#11361 = VECTOR('',#11362,1.);
#11362 = DIRECTION('',(-1.,0.));
#11363 = ( GEOMETRIC_REPRESENTATION_CONTEXT(2) 
PARAMETRIC_REPRESENTATION_CONTEXT() REPRESENTATION_CONTEXT('2D SPACE',''
  ) );
#11364 = PCURVE('',#986,#11365);
#11365 = DEFINITIONAL_REPRESENTATION('',(#11366),#11374);
#11366 = ( BOUNDED_CURVE() B_SPLINE_CURVE(2,(#11367,#11368,#11369,#11370
    ,#11371,#11372,#11373),.UNSPECIFIED.,.T.,.F.) 
B_SPLINE_CURVE_WITH_KNOTS((1,2,2,2,2,1),(-2.094395102393,0.,
    2.094395102393,4.188790204786,6.28318530718,8.377580409573),
.UNSPECIFIED.) CURVE() GEOMETRIC_REPRESENTATION_ITEM() 
RATIONAL_B_SPLINE_CURVE((1.,0.5,1.,0.5,1.,0.5,1.)) REPRESENTATION_ITEM(
  '') );
#11367 = CARTESIAN_POINT('',(21.000001247074,-1.607314));
#11368 = CARTESIAN_POINT('',(22.827314849059,-1.607314));
#11369 = CARTESIAN_POINT('',(21.913658048067,-3.189814));
#11370 = CARTESIAN_POINT('',(21.000001247074,-4.772314));
#11371 = CARTESIAN_POINT('',(20.086344446081,-3.189814));
#11372 = CARTESIAN_POINT('',(19.172687645089,-1.607314));
#11373 = CARTESIAN_POINT('',(21.000001247074,-1.607314));
#11374 = ( GEOMETRIC_REPRESENTATION_CONTEXT(2) 
PARAMETRIC_REPRESENTATION_CONTEXT() REPRESENTATION_CONTEXT('2D SPACE',''
  ) );
#11375 = ADVANCED_FACE('',(#11376),#7462,.F.);
#11376 = FACE_BOUND('',#11377,.T.);
#11377 = EDGE_LOOP('',(#11378,#11401,#11422,#11423));
#11378 = ORIENTED_EDGE('',*,*,#11379,.F.);
#11379 = EDGE_CURVE('',#11380,#11328,#11382,.T.);
#11380 = VERTEX_POINT('',#11381);
#11381 = CARTESIAN_POINT('',(33.9,19.930001247074,1.157314));
#11382 = SURFACE_CURVE('',#11383,(#11387,#11394),.PCURVE_S1.);
#11383 = LINE('',#11384,#11385);
#11384 = CARTESIAN_POINT('',(33.9,14.500000623537,1.157314));
#11385 = VECTOR('',#11386,1.);
#11386 = DIRECTION('',(-2.33977455137E-16,1.,-9.963539964585E-15));
#11387 = PCURVE('',#7462,#11388);
#11388 = DEFINITIONAL_REPRESENTATION('',(#11389),#11393);
#11389 = LINE('',#11390,#11391);
#11390 = CARTESIAN_POINT('',(10.500000623537,1.95));
#11391 = VECTOR('',#11392,1.);
#11392 = DIRECTION('',(-1.,2.33977455137E-16));
#11393 = ( GEOMETRIC_REPRESENTATION_CONTEXT(2) 
PARAMETRIC_REPRESENTATION_CONTEXT() REPRESENTATION_CONTEXT('2D SPACE',''
  ) );
#11394 = PCURVE('',#986,#11395);
#11395 = DEFINITIONAL_REPRESENTATION('',(#11396),#11400);
#11396 = LINE('',#11397,#11398);
#11397 = CARTESIAN_POINT('',(10.500000623537,-1.607314));
#11398 = VECTOR('',#11399,1.);
#11399 = DIRECTION('',(1.,9.963539964585E-15));
#11400 = ( GEOMETRIC_REPRESENTATION_CONTEXT(2) 
PARAMETRIC_REPRESENTATION_CONTEXT() REPRESENTATION_CONTEXT('2D SPACE',''
  ) );
#11401 = ORIENTED_EDGE('',*,*,#11402,.F.);
#11402 = EDGE_CURVE('',#7447,#11380,#11403,.T.);
#11403 = SURFACE_CURVE('',#11404,(#11408,#11415),.PCURVE_S1.);
#11404 = LINE('',#11405,#11406);
#11405 = CARTESIAN_POINT('',(35.85,19.930001247074,1.157314));
#11406 = VECTOR('',#11407,1.);
#11407 = DIRECTION('',(-1.,0.,0.));
#11408 = PCURVE('',#7462,#11409);
#11409 = DEFINITIONAL_REPRESENTATION('',(#11410),#11414);
#11410 = LINE('',#11411,#11412);
#11411 = CARTESIAN_POINT('',(5.07,0.));
#11412 = VECTOR('',#11413,1.);
#11413 = DIRECTION('',(0.,1.));
#11414 = ( GEOMETRIC_REPRESENTATION_CONTEXT(2) 
PARAMETRIC_REPRESENTATION_CONTEXT() REPRESENTATION_CONTEXT('2D SPACE',''
  ) );
#11415 = PCURVE('',#7495,#11416);
#11416 = DEFINITIONAL_REPRESENTATION('',(#11417),#11421);
#11417 = LINE('',#11418,#11419);
#11418 = CARTESIAN_POINT('',(5.497787143781,0.));
#11419 = VECTOR('',#11420,1.);
#11420 = DIRECTION('',(0.,1.));
#11421 = ( GEOMETRIC_REPRESENTATION_CONTEXT(2) 
PARAMETRIC_REPRESENTATION_CONTEXT() REPRESENTATION_CONTEXT('2D SPACE',''
  ) );
#11422 = ORIENTED_EDGE('',*,*,#7446,.F.);
#11423 = ORIENTED_EDGE('',*,*,#11327,.T.);
#11424 = ADVANCED_FACE('',(#11425),#7495,.F.);
#11425 = FACE_BOUND('',#11426,.F.);
#11426 = EDGE_LOOP('',(#11427,#11428,#11429,#11452));
#11427 = ORIENTED_EDGE('',*,*,#11402,.F.);
#11428 = ORIENTED_EDGE('',*,*,#7474,.T.);
#11429 = ORIENTED_EDGE('',*,*,#11430,.T.);
#11430 = EDGE_CURVE('',#7475,#11431,#11433,.T.);
#11431 = VERTEX_POINT('',#11432);
#11432 = CARTESIAN_POINT('',(33.9,19.184003592921,1.466316345849));
#11433 = SURFACE_CURVE('',#11434,(#11438,#11445),.PCURVE_S1.);
#11434 = LINE('',#11435,#11436);
#11435 = CARTESIAN_POINT('',(35.85,19.184003592921,1.466316345849));
#11436 = VECTOR('',#11437,1.);
#11437 = DIRECTION('',(-1.,0.,0.));
#11438 = PCURVE('',#7495,#11439);
#11439 = DEFINITIONAL_REPRESENTATION('',(#11440),#11444);
#11440 = LINE('',#11441,#11442);
#11441 = CARTESIAN_POINT('',(6.28318530718,0.));
#11442 = VECTOR('',#11443,1.);
#11443 = DIRECTION('',(0.,1.));
#11444 = ( GEOMETRIC_REPRESENTATION_CONTEXT(2) 
PARAMETRIC_REPRESENTATION_CONTEXT() REPRESENTATION_CONTEXT('2D SPACE',''
  ) );
#11445 = PCURVE('',#7523,#11446);
#11446 = DEFINITIONAL_REPRESENTATION('',(#11447),#11451);
#11447 = LINE('',#11448,#11449);
#11448 = CARTESIAN_POINT('',(0.,0.));
#11449 = VECTOR('',#11450,1.);
#11450 = DIRECTION('',(0.,1.));
#11451 = ( GEOMETRIC_REPRESENTATION_CONTEXT(2) 
PARAMETRIC_REPRESENTATION_CONTEXT() REPRESENTATION_CONTEXT('2D SPACE',''
  ) );
#11452 = ORIENTED_EDGE('',*,*,#11453,.T.);
#11453 = EDGE_CURVE('',#11431,#11380,#11454,.T.);
#11454 = SURFACE_CURVE('',#11455,(#11460,#11467),.PCURVE_S1.);
#11455 = CIRCLE('',#11456,1.055);
#11456 = AXIS2_PLACEMENT_3D('',#11457,#11458,#11459);
#11457 = CARTESIAN_POINT('',(33.9,19.930001247074,2.212314));
#11458 = DIRECTION('',(1.,2.33977455137E-16,0.));
#11459 = DIRECTION('',(1.654470451724E-16,-0.707106781187,
    -0.707106781186));
#11460 = PCURVE('',#7495,#11461);
#11461 = DEFINITIONAL_REPRESENTATION('',(#11462),#11466);
#11462 = LINE('',#11463,#11464);
#11463 = CARTESIAN_POINT('',(6.28318530718,1.95));
#11464 = VECTOR('',#11465,1.);
#11465 = DIRECTION('',(-1.,0.));
#11466 = ( GEOMETRIC_REPRESENTATION_CONTEXT(2) 
PARAMETRIC_REPRESENTATION_CONTEXT() REPRESENTATION_CONTEXT('2D SPACE',''
  ) );
#11467 = PCURVE('',#986,#11468);
#11468 = DEFINITIONAL_REPRESENTATION('',(#11469),#11477);
#11469 = ( BOUNDED_CURVE() B_SPLINE_CURVE(2,(#11470,#11471,#11472,#11473
    ,#11474,#11475,#11476),.UNSPECIFIED.,.T.,.F.) 
B_SPLINE_CURVE_WITH_KNOTS((1,2,2,2,2,1),(-2.094395102393,0.,
    2.094395102393,4.188790204786,6.28318530718,8.377580409573),
.UNSPECIFIED.) CURVE() GEOMETRIC_REPRESENTATION_ITEM() 
RATIONAL_B_SPLINE_CURVE((1.,0.5,1.,0.5,1.,0.5,1.)) REPRESENTATION_ITEM(
  '') );
#11470 = CARTESIAN_POINT('',(15.184003592921,-1.916316345849));
#11471 = CARTESIAN_POINT('',(16.476109432238,-0.624210506529));
#11472 = CARTESIAN_POINT('',(16.949052993809,-2.389259907416));
#11473 = CARTESIAN_POINT('',(17.421996555379,-4.154309308302));
#11474 = CARTESIAN_POINT('',(15.656947154492,-3.681365746735));
#11475 = CARTESIAN_POINT('',(13.891897753605,-3.208422185169));
#11476 = CARTESIAN_POINT('',(15.184003592921,-1.916316345849));
#11477 = ( GEOMETRIC_REPRESENTATION_CONTEXT(2) 
PARAMETRIC_REPRESENTATION_CONTEXT() REPRESENTATION_CONTEXT('2D SPACE',''
  ) );
#11478 = ADVANCED_FACE('',(#11479),#7523,.F.);
#11479 = FACE_BOUND('',#11480,.T.);
#11480 = EDGE_LOOP('',(#11481,#11504,#11525,#11526));
#11481 = ORIENTED_EDGE('',*,*,#11482,.F.);
#11482 = EDGE_CURVE('',#11483,#11431,#11485,.T.);
#11483 = VERTEX_POINT('',#11484);
#11484 = CARTESIAN_POINT('',(33.9,18.572356227196,2.077963711575));
#11485 = SURFACE_CURVE('',#11486,(#11490,#11497),.PCURVE_S1.);
#11486 = LINE('',#11487,#11488);
#11487 = CARTESIAN_POINT('',(33.9,15.354581781158,5.295738157617));
#11488 = VECTOR('',#11489,1.);
#11489 = DIRECTION('',(-1.654470451721E-16,0.707106781186,
    -0.707106781187));
#11490 = PCURVE('',#7523,#11491);
#11491 = DEFINITIONAL_REPRESENTATION('',(#11492),#11496);
#11492 = LINE('',#11493,#11494);
#11493 = CARTESIAN_POINT('',(5.415620262246,1.95));
#11494 = VECTOR('',#11495,1.);
#11495 = DIRECTION('',(-1.,1.654470451721E-16));
#11496 = ( GEOMETRIC_REPRESENTATION_CONTEXT(2) 
PARAMETRIC_REPRESENTATION_CONTEXT() REPRESENTATION_CONTEXT('2D SPACE',''
  ) );
#11497 = PCURVE('',#986,#11498);
#11498 = DEFINITIONAL_REPRESENTATION('',(#11499),#11503);
#11499 = LINE('',#11500,#11501);
#11500 = CARTESIAN_POINT('',(11.354581781158,-5.745738157617));
#11501 = VECTOR('',#11502,1.);
#11502 = DIRECTION('',(0.707106781186,0.707106781187));
#11503 = ( GEOMETRIC_REPRESENTATION_CONTEXT(2) 
PARAMETRIC_REPRESENTATION_CONTEXT() REPRESENTATION_CONTEXT('2D SPACE',''
  ) );
#11504 = ORIENTED_EDGE('',*,*,#11505,.F.);
#11505 = EDGE_CURVE('',#7508,#11483,#11506,.T.);
#11506 = SURFACE_CURVE('',#11507,(#11511,#11518),.PCURVE_S1.);
#11507 = LINE('',#11508,#11509);
#11508 = CARTESIAN_POINT('',(35.85,18.572356227196,2.077963711575));
#11509 = VECTOR('',#11510,1.);
#11510 = DIRECTION('',(-1.,0.,0.));
#11511 = PCURVE('',#7523,#11512);
#11512 = DEFINITIONAL_REPRESENTATION('',(#11513),#11517);
#11513 = LINE('',#11514,#11515);
#11514 = CARTESIAN_POINT('',(0.864999999999,0.));
#11515 = VECTOR('',#11516,1.);
#11516 = DIRECTION('',(0.,1.));
#11517 = ( GEOMETRIC_REPRESENTATION_CONTEXT(2) 
PARAMETRIC_REPRESENTATION_CONTEXT() REPRESENTATION_CONTEXT('2D SPACE',''
  ) );
#11518 = PCURVE('',#7556,#11519);
#11519 = DEFINITIONAL_REPRESENTATION('',(#11520),#11524);
#11520 = LINE('',#11521,#11522);
#11521 = CARTESIAN_POINT('',(5.497787143782,0.));
#11522 = VECTOR('',#11523,1.);
#11523 = DIRECTION('',(0.,1.));
#11524 = ( GEOMETRIC_REPRESENTATION_CONTEXT(2) 
PARAMETRIC_REPRESENTATION_CONTEXT() REPRESENTATION_CONTEXT('2D SPACE',''
  ) );
#11525 = ORIENTED_EDGE('',*,*,#7507,.F.);
#11526 = ORIENTED_EDGE('',*,*,#11430,.T.);
#11527 = ADVANCED_FACE('',(#11528),#7556,.F.);
#11528 = FACE_BOUND('',#11529,.F.);
#11529 = EDGE_LOOP('',(#11530,#11558,#11559,#11560));
#11530 = ORIENTED_EDGE('',*,*,#11531,.T.);
#11531 = EDGE_CURVE('',#11532,#11483,#11534,.T.);
#11532 = VERTEX_POINT('',#11533);
#11533 = CARTESIAN_POINT('',(33.9,18.360485600508,2.385));
#11534 = SURFACE_CURVE('',#11535,(#11540,#11547),.PCURVE_S1.);
#11535 = CIRCLE('',#11536,1.034);
#11536 = AXIS2_PLACEMENT_3D('',#11537,#11538,#11539);
#11537 = CARTESIAN_POINT('',(33.9,19.303504638943,2.809112123322));
#11538 = DIRECTION('',(1.,2.33977455137E-16,0.));
#11539 = DIRECTION('',(2.33977455137E-16,-1.,8.052874936836E-15));
#11540 = PCURVE('',#7556,#11541);
#11541 = DEFINITIONAL_REPRESENTATION('',(#11542),#11546);
#11542 = LINE('',#11543,#11544);
#11543 = CARTESIAN_POINT('',(6.28318530718,1.95));
#11544 = VECTOR('',#11545,1.);
#11545 = DIRECTION('',(-1.,0.));
#11546 = ( GEOMETRIC_REPRESENTATION_CONTEXT(2) 
PARAMETRIC_REPRESENTATION_CONTEXT() REPRESENTATION_CONTEXT('2D SPACE',''
  ) );
#11547 = PCURVE('',#986,#11548);
#11548 = DEFINITIONAL_REPRESENTATION('',(#11549),#11557);
#11549 = ( BOUNDED_CURVE() B_SPLINE_CURVE(2,(#11550,#11551,#11552,#11553
    ,#11554,#11555,#11556),.UNSPECIFIED.,.T.,.F.) 
B_SPLINE_CURVE_WITH_KNOTS((1,2,2,2,2,1),(-2.094395102393,0.,
    2.094395102393,4.188790204786,6.28318530718,8.377580409573),
.UNSPECIFIED.) CURVE() GEOMETRIC_REPRESENTATION_ITEM() 
RATIONAL_B_SPLINE_CURVE((1.,0.5,1.,0.5,1.,0.5,1.)) REPRESENTATION_ITEM(
  '') );
#11550 = CARTESIAN_POINT('',(14.269504638943,-3.259112123322));
#11551 = CARTESIAN_POINT('',(14.269504638943,-1.468171588296));
#11552 = CARTESIAN_POINT('',(15.820504638943,-2.363641855809));
#11553 = CARTESIAN_POINT('',(17.371504638943,-3.259112123322));
#11554 = CARTESIAN_POINT('',(15.820504638943,-4.154582390835));
#11555 = CARTESIAN_POINT('',(14.269504638943,-5.050052658348));
#11556 = CARTESIAN_POINT('',(14.269504638943,-3.259112123322));
#11557 = ( GEOMETRIC_REPRESENTATION_CONTEXT(2) 
PARAMETRIC_REPRESENTATION_CONTEXT() REPRESENTATION_CONTEXT('2D SPACE',''
  ) );
#11558 = ORIENTED_EDGE('',*,*,#11505,.F.);
#11559 = ORIENTED_EDGE('',*,*,#7535,.T.);
#11560 = ORIENTED_EDGE('',*,*,#11561,.F.);
#11561 = EDGE_CURVE('',#11532,#7536,#11562,.T.);
#11562 = SURFACE_CURVE('',#11563,(#11567,#11574),.PCURVE_S1.);
#11563 = LINE('',#11564,#11565);
#11564 = CARTESIAN_POINT('',(35.85,18.360485600508,2.385));
#11565 = VECTOR('',#11566,1.);
#11566 = DIRECTION('',(1.,0.,0.));
#11567 = PCURVE('',#7556,#11568);
#11568 = DEFINITIONAL_REPRESENTATION('',(#11569),#11573);
#11569 = LINE('',#11570,#11571);
#11570 = CARTESIAN_POINT('',(5.860548728785,0.));
#11571 = VECTOR('',#11572,1.);
#11572 = DIRECTION('',(0.,-1.));
#11573 = ( GEOMETRIC_REPRESENTATION_CONTEXT(2) 
PARAMETRIC_REPRESENTATION_CONTEXT() REPRESENTATION_CONTEXT('2D SPACE',''
  ) );
#11574 = PCURVE('',#1386,#11575);
#11575 = DEFINITIONAL_REPRESENTATION('',(#11576),#11580);
#11576 = LINE('',#11577,#11578);
#11577 = CARTESIAN_POINT('',(-18.95,-4.619514399492));
#11578 = VECTOR('',#11579,1.);
#11579 = DIRECTION('',(-1.,0.));
#11580 = ( GEOMETRIC_REPRESENTATION_CONTEXT(2) 
PARAMETRIC_REPRESENTATION_CONTEXT() REPRESENTATION_CONTEXT('2D SPACE',''
  ) );
#11581 = ADVANCED_FACE('',(#11582),#5423,.F.);
#11582 = FACE_BOUND('',#11583,.T.);
#11583 = EDGE_LOOP('',(#11584,#11585,#11608,#11629));
#11584 = ORIENTED_EDGE('',*,*,#5400,.F.);
#11585 = ORIENTED_EDGE('',*,*,#11586,.T.);
#11586 = EDGE_CURVE('',#5401,#11587,#11589,.T.);
#11587 = VERTEX_POINT('',#11588);
#11588 = CARTESIAN_POINT('',(33.9,14.58,2.385));
#11589 = SURFACE_CURVE('',#11590,(#11594,#11601),.PCURVE_S1.);
#11590 = LINE('',#11591,#11592);
#11591 = CARTESIAN_POINT('',(26.199999418259,14.58,2.385));
#11592 = VECTOR('',#11593,1.);
#11593 = DIRECTION('',(-1.,0.,0.));
#11594 = PCURVE('',#5423,#11595);
#11595 = DEFINITIONAL_REPRESENTATION('',(#11596),#11600);
#11596 = LINE('',#11597,#11598);
#11597 = CARTESIAN_POINT('',(0.15,9.299999418259));
#11598 = VECTOR('',#11599,1.);
#11599 = DIRECTION('',(8.217301096052E-31,1.));
#11600 = ( GEOMETRIC_REPRESENTATION_CONTEXT(2) 
PARAMETRIC_REPRESENTATION_CONTEXT() REPRESENTATION_CONTEXT('2D SPACE',''
  ) );
#11601 = PCURVE('',#1386,#11602);
#11602 = DEFINITIONAL_REPRESENTATION('',(#11603),#11607);
#11603 = LINE('',#11604,#11605);
#11604 = CARTESIAN_POINT('',(-9.299999418259,-8.4));
#11605 = VECTOR('',#11606,1.);
#11606 = DIRECTION('',(1.,0.));
#11607 = ( GEOMETRIC_REPRESENTATION_CONTEXT(2) 
PARAMETRIC_REPRESENTATION_CONTEXT() REPRESENTATION_CONTEXT('2D SPACE',''
  ) );
#11608 = ORIENTED_EDGE('',*,*,#11609,.F.);
#11609 = EDGE_CURVE('',#6740,#11587,#11610,.T.);
#11610 = SURFACE_CURVE('',#11611,(#11615,#11622),.PCURVE_S1.);
#11611 = LINE('',#11612,#11613);
#11612 = CARTESIAN_POINT('',(33.9,14.58,1.292500095367));
#11613 = VECTOR('',#11614,1.);
#11614 = DIRECTION('',(7.370694391332E-31,7.401486830834E-15,1.));
#11615 = PCURVE('',#5423,#11616);
#11616 = DEFINITIONAL_REPRESENTATION('',(#11617),#11621);
#11617 = LINE('',#11618,#11619);
#11618 = CARTESIAN_POINT('',(1.242499904633,1.599998836517));
#11619 = VECTOR('',#11620,1.);
#11620 = DIRECTION('',(-1.,8.466067047205E-32));
#11621 = ( GEOMETRIC_REPRESENTATION_CONTEXT(2) 
PARAMETRIC_REPRESENTATION_CONTEXT() REPRESENTATION_CONTEXT('2D SPACE',''
  ) );
#11622 = PCURVE('',#986,#11623);
#11623 = DEFINITIONAL_REPRESENTATION('',(#11624),#11628);
#11624 = LINE('',#11625,#11626);
#11625 = CARTESIAN_POINT('',(10.58,-1.742500095367));
#11626 = VECTOR('',#11627,1.);
#11627 = DIRECTION('',(7.401486830834E-15,-1.));
#11628 = ( GEOMETRIC_REPRESENTATION_CONTEXT(2) 
PARAMETRIC_REPRESENTATION_CONTEXT() REPRESENTATION_CONTEXT('2D SPACE',''
  ) );
#11629 = ORIENTED_EDGE('',*,*,#6739,.T.);
#11630 = ADVANCED_FACE('',(#11631),#1926,.F.);
#11631 = FACE_BOUND('',#11632,.T.);
#11632 = EDGE_LOOP('',(#11633,#11634,#11635,#11656));
#11633 = ORIENTED_EDGE('',*,*,#6686,.F.);
#11634 = ORIENTED_EDGE('',*,*,#6785,.F.);
#11635 = ORIENTED_EDGE('',*,*,#11636,.F.);
#11636 = EDGE_CURVE('',#1911,#6763,#11637,.T.);
#11637 = SURFACE_CURVE('',#11638,(#11642,#11649),.PCURVE_S1.);
#11638 = LINE('',#11639,#11640);
#11639 = CARTESIAN_POINT('',(33.9,4.979999704361,3.542500095367));
#11640 = VECTOR('',#11641,1.);
#11641 = DIRECTION('',(-7.370694391332E-31,-7.401486830834E-15,-1.));
#11642 = PCURVE('',#1926,#11643);
#11643 = DEFINITIONAL_REPRESENTATION('',(#11644),#11648);
#11644 = LINE('',#11645,#11646);
#11645 = CARTESIAN_POINT('',(1.307500095367,1.599998836517));
#11646 = VECTOR('',#11647,1.);
#11647 = DIRECTION('',(-1.,-8.466067047205E-32));
#11648 = ( GEOMETRIC_REPRESENTATION_CONTEXT(2) 
PARAMETRIC_REPRESENTATION_CONTEXT() REPRESENTATION_CONTEXT('2D SPACE',''
  ) );
#11649 = PCURVE('',#986,#11650);
#11650 = DEFINITIONAL_REPRESENTATION('',(#11651),#11655);
#11651 = LINE('',#11652,#11653);
#11652 = CARTESIAN_POINT('',(0.979999704361,-3.992500095367));
#11653 = VECTOR('',#11654,1.);
#11654 = DIRECTION('',(-7.401486830834E-15,1.));
#11655 = ( GEOMETRIC_REPRESENTATION_CONTEXT(2) 
PARAMETRIC_REPRESENTATION_CONTEXT() REPRESENTATION_CONTEXT('2D SPACE',''
  ) );
#11656 = ORIENTED_EDGE('',*,*,#1910,.T.);
#11657 = ADVANCED_FACE('',(#11658),#1982,.F.);
#11658 = FACE_BOUND('',#11659,.F.);
#11659 = EDGE_LOOP('',(#11660,#11685,#11712,#11742,#11763,#11764,#11765)
  );
#11660 = ORIENTED_EDGE('',*,*,#11661,.F.);
#11661 = EDGE_CURVE('',#11662,#11664,#11666,.T.);
#11662 = VERTEX_POINT('',#11663);
#11663 = CARTESIAN_POINT('',(33.9,4.,1.514187180402));
#11664 = VERTEX_POINT('',#11665);
#11665 = CARTESIAN_POINT('',(33.9,4.,-0.449999713898));
#11666 = SURFACE_CURVE('',#11667,(#11671,#11678),.PCURVE_S1.);
#11667 = LINE('',#11668,#11669);
#11668 = CARTESIAN_POINT('',(33.9,4.,-0.45));
#11669 = VECTOR('',#11670,1.);
#11670 = DIRECTION('',(0.,0.,-1.));
#11671 = PCURVE('',#1982,#11672);
#11672 = DEFINITIONAL_REPRESENTATION('',(#11673),#11677);
#11673 = LINE('',#11674,#11675);
#11674 = CARTESIAN_POINT('',(4.712388980385,0.));
#11675 = VECTOR('',#11676,1.);
#11676 = DIRECTION('',(0.,1.));
#11677 = ( GEOMETRIC_REPRESENTATION_CONTEXT(2) 
PARAMETRIC_REPRESENTATION_CONTEXT() REPRESENTATION_CONTEXT('2D SPACE',''
  ) );
#11678 = PCURVE('',#986,#11679);
#11679 = DEFINITIONAL_REPRESENTATION('',(#11680),#11684);
#11680 = LINE('',#11681,#11682);
#11681 = CARTESIAN_POINT('',(0.,0.));
#11682 = VECTOR('',#11683,1.);
#11683 = DIRECTION('',(0.,1.));
#11684 = ( GEOMETRIC_REPRESENTATION_CONTEXT(2) 
PARAMETRIC_REPRESENTATION_CONTEXT() REPRESENTATION_CONTEXT('2D SPACE',''
  ) );
#11685 = ORIENTED_EDGE('',*,*,#11686,.F.);
#11686 = EDGE_CURVE('',#11687,#11662,#11689,.T.);
#11687 = VERTEX_POINT('',#11688);
#11688 = CARTESIAN_POINT('',(33.899939323319,3.968455533139,1.6));
#11689 = SURFACE_CURVE('',#11690,(#11695,#11701),.PCURVE_S1.);
#11690 = CIRCLE('',#11691,2.4);
#11691 = AXIS2_PLACEMENT_3D('',#11692,#11693,#11694);
#11692 = CARTESIAN_POINT('',(33.9,6.236444730644,2.385));
#11693 = DIRECTION('',(1.,-9.958396954279E-17,-1.54074395551E-33));
#11694 = DIRECTION('',(-9.904989616642E-17,-0.994636954333,
    -0.10342789312));
#11695 = PCURVE('',#1982,#11696);
#11696 = DEFINITIONAL_REPRESENTATION('',(#11697),#11700);
#11697 = B_SPLINE_CURVE_WITH_KNOTS('',1,(#11698,#11699),.UNSPECIFIED.,
  .F.,.F.,(2,2),(0.229602298586,0.267699179061),
  .PIECEWISE_BEZIER_KNOTS.);
#11698 = CARTESIAN_POINT('',(4.720082600987,-2.05));
#11699 = CARTESIAN_POINT('',(4.712388980385,-1.964187180403));
#11700 = ( GEOMETRIC_REPRESENTATION_CONTEXT(2) 
PARAMETRIC_REPRESENTATION_CONTEXT() REPRESENTATION_CONTEXT('2D SPACE',''
  ) );
#11701 = PCURVE('',#986,#11702);
#11702 = DEFINITIONAL_REPRESENTATION('',(#11703),#11711);
#11703 = ( BOUNDED_CURVE() B_SPLINE_CURVE(2,(#11704,#11705,#11706,#11707
    ,#11708,#11709,#11710),.UNSPECIFIED.,.T.,.F.) 
B_SPLINE_CURVE_WITH_KNOTS((1,2,2,2,2,1),(-2.094395102393,0.,
    2.094395102393,4.188790204786,6.28318530718,8.377580409573),
.UNSPECIFIED.) CURVE() GEOMETRIC_REPRESENTATION_ITEM() 
RATIONAL_B_SPLINE_CURVE((1.,0.5,1.,0.5,1.,0.5,1.)) REPRESENTATION_ITEM(
  '') );
#11704 = CARTESIAN_POINT('',(-0.150683959755,-2.586773056511));
#11705 = CARTESIAN_POINT('',(0.279257718176,1.547855119466));
#11706 = CARTESIAN_POINT('',(3.644979914809,-0.891799383756));
#11707 = CARTESIAN_POINT('',(7.010702111442,-3.331453886978));
#11708 = CARTESIAN_POINT('',(3.215038236878,-5.026427559733));
#11709 = CARTESIAN_POINT('',(-0.580625637686,-6.721401232487));
#11710 = CARTESIAN_POINT('',(-0.150683959755,-2.586773056511));
#11711 = ( GEOMETRIC_REPRESENTATION_CONTEXT(2) 
PARAMETRIC_REPRESENTATION_CONTEXT() REPRESENTATION_CONTEXT('2D SPACE',''
  ) );
#11712 = ORIENTED_EDGE('',*,*,#11713,.F.);
#11713 = EDGE_CURVE('',#11714,#11687,#11716,.T.);
#11714 = VERTEX_POINT('',#11715);
#11715 = CARTESIAN_POINT('',(33.9,4.,1.6));
#11716 = SURFACE_CURVE('',#11717,(#11722,#11729),.PCURVE_S1.);
#11717 = CIRCLE('',#11718,4.1);
#11718 = AXIS2_PLACEMENT_3D('',#11719,#11720,#11721);
#11719 = CARTESIAN_POINT('',(29.8,4.,1.6));
#11720 = DIRECTION('',(0.,0.,-1.));
#11721 = DIRECTION('',(0.707106781187,-0.707106781187,0.));
#11722 = PCURVE('',#1982,#11723);
#11723 = DEFINITIONAL_REPRESENTATION('',(#11724),#11728);
#11724 = LINE('',#11725,#11726);
#11725 = CARTESIAN_POINT('',(-0.785398163397,-2.05));
#11726 = VECTOR('',#11727,1.);
#11727 = DIRECTION('',(1.,0.));
#11728 = ( GEOMETRIC_REPRESENTATION_CONTEXT(2) 
PARAMETRIC_REPRESENTATION_CONTEXT() REPRESENTATION_CONTEXT('2D SPACE',''
  ) );
#11729 = PCURVE('',#986,#11730);
#11730 = DEFINITIONAL_REPRESENTATION('',(#11731),#11741);
#11731 = B_SPLINE_CURVE_WITH_KNOTS('',8,(#11732,#11733,#11734,#11735,
    #11736,#11737,#11738,#11739,#11740),.UNSPECIFIED.,.F.,.F.,(9,9),(
    5.497787143782,5.505480878241),.PIECEWISE_BEZIER_KNOTS.);
#11732 = CARTESIAN_POINT('',(0.,-2.05));
#11733 = CARTESIAN_POINT('',(-3.94303890993E-03,-2.05));
#11734 = CARTESIAN_POINT('',(-7.886077821695E-03,-2.049999999999));
#11735 = CARTESIAN_POINT('',(-1.182911117212E-02,-2.050000000005));
#11736 = CARTESIAN_POINT('',(-1.577213342171E-02,-2.04999999999));
#11737 = CARTESIAN_POINT('',(-1.971513898388E-02,-2.050000000007));
#11738 = CARTESIAN_POINT('',(-2.365812231892E-02,-2.049999999999));
#11739 = CARTESIAN_POINT('',(-2.760107786779E-02,-2.05));
#11740 = CARTESIAN_POINT('',(-3.154400007706E-02,-2.05));
#11741 = ( GEOMETRIC_REPRESENTATION_CONTEXT(2) 
PARAMETRIC_REPRESENTATION_CONTEXT() REPRESENTATION_CONTEXT('2D SPACE',''
  ) );
#11742 = ORIENTED_EDGE('',*,*,#11743,.F.);
#11743 = EDGE_CURVE('',#1939,#11714,#11744,.T.);
#11744 = SURFACE_CURVE('',#11745,(#11749,#11756),.PCURVE_S1.);
#11745 = LINE('',#11746,#11747);
#11746 = CARTESIAN_POINT('',(33.9,4.,1.9925));
#11747 = VECTOR('',#11748,1.);
#11748 = DIRECTION('',(0.,0.,-1.));
#11749 = PCURVE('',#1982,#11750);
#11750 = DEFINITIONAL_REPRESENTATION('',(#11751),#11755);
#11751 = LINE('',#11752,#11753);
#11752 = CARTESIAN_POINT('',(4.712388980385,-2.4425));
#11753 = VECTOR('',#11754,1.);
#11754 = DIRECTION('',(0.,1.));
#11755 = ( GEOMETRIC_REPRESENTATION_CONTEXT(2) 
PARAMETRIC_REPRESENTATION_CONTEXT() REPRESENTATION_CONTEXT('2D SPACE',''
  ) );
#11756 = PCURVE('',#986,#11757);
#11757 = DEFINITIONAL_REPRESENTATION('',(#11758),#11762);
#11758 = LINE('',#11759,#11760);
#11759 = CARTESIAN_POINT('',(0.,-2.4425));
#11760 = VECTOR('',#11761,1.);
#11761 = DIRECTION('',(0.,1.));
#11762 = ( GEOMETRIC_REPRESENTATION_CONTEXT(2) 
PARAMETRIC_REPRESENTATION_CONTEXT() REPRESENTATION_CONTEXT('2D SPACE',''
  ) );
#11763 = ORIENTED_EDGE('',*,*,#1961,.F.);
#11764 = ORIENTED_EDGE('',*,*,#10702,.T.);
#11765 = ORIENTED_EDGE('',*,*,#11766,.F.);
#11766 = EDGE_CURVE('',#11664,#10628,#11767,.T.);
#11767 = SURFACE_CURVE('',#11768,(#11773,#11780),.PCURVE_S1.);
#11768 = CIRCLE('',#11769,4.1);
#11769 = AXIS2_PLACEMENT_3D('',#11770,#11771,#11772);
#11770 = CARTESIAN_POINT('',(29.8,4.,-0.449999713898));
#11771 = DIRECTION('',(0.,0.,-1.));
#11772 = DIRECTION('',(0.,-1.,0.));
#11773 = PCURVE('',#1982,#11774);
#11774 = DEFINITIONAL_REPRESENTATION('',(#11775),#11779);
#11775 = LINE('',#11776,#11777);
#11776 = CARTESIAN_POINT('',(0.,-2.861022950218E-07));
#11777 = VECTOR('',#11778,1.);
#11778 = DIRECTION('',(1.,0.));
#11779 = ( GEOMETRIC_REPRESENTATION_CONTEXT(2) 
PARAMETRIC_REPRESENTATION_CONTEXT() REPRESENTATION_CONTEXT('2D SPACE',''
  ) );
#11780 = PCURVE('',#4230,#11781);
#11781 = DEFINITIONAL_REPRESENTATION('',(#11782),#11790);
#11782 = ( BOUNDED_CURVE() B_SPLINE_CURVE(2,(#11783,#11784,#11785,#11786
    ,#11787,#11788,#11789),.UNSPECIFIED.,.T.,.F.) 
B_SPLINE_CURVE_WITH_KNOTS((1,2,2,2,2,1),(-2.094395102393,0.,
    2.094395102393,4.188790204786,6.28318530718,8.377580409573),
.UNSPECIFIED.) CURVE() GEOMETRIC_REPRESENTATION_ITEM() 
RATIONAL_B_SPLINE_CURVE((1.,0.5,1.,0.5,1.,0.5,1.)) REPRESENTATION_ITEM(
  '') );
#11783 = CARTESIAN_POINT('',(-12.9,23.08));
#11784 = CARTESIAN_POINT('',(-5.798591688968,23.08));
#11785 = CARTESIAN_POINT('',(-9.349295844484,16.93));
#11786 = CARTESIAN_POINT('',(-12.9,10.78));
#11787 = CARTESIAN_POINT('',(-16.45070415551,16.93));
#11788 = CARTESIAN_POINT('',(-20.00140831103,23.08));
#11789 = CARTESIAN_POINT('',(-12.9,23.08));
#11790 = ( GEOMETRIC_REPRESENTATION_CONTEXT(2) 
PARAMETRIC_REPRESENTATION_CONTEXT() REPRESENTATION_CONTEXT('2D SPACE',''
  ) );
#11791 = ADVANCED_FACE('',(#11792,#11891,#11901,#11904,#11907,#11910),
  #4230,.T.);
#11792 = FACE_BOUND('',#11793,.T.);
#11793 = EDGE_LOOP('',(#11794,#11815,#11816,#11817,#11818,#11841,#11869,
    #11890));
#11794 = ORIENTED_EDGE('',*,*,#11795,.F.);
#11795 = EDGE_CURVE('',#10882,#11039,#11796,.T.);
#11796 = SURFACE_CURVE('',#11797,(#11801,#11808),.PCURVE_S1.);
#11797 = LINE('',#11798,#11799);
#11798 = CARTESIAN_POINT('',(-0.100000207424,32.47,-0.449999713898));
#11799 = VECTOR('',#11800,1.);
#11800 = DIRECTION('',(-1.773917384512E-15,1.,0.));
#11801 = PCURVE('',#4230,#11802);
#11802 = DEFINITIONAL_REPRESENTATION('',(#11803),#11807);
#11803 = LINE('',#11804,#11805);
#11804 = CARTESIAN_POINT('',(17.000000207424,-9.49));
#11805 = VECTOR('',#11806,1.);
#11806 = DIRECTION('',(1.773917384512E-15,-1.));
#11807 = ( GEOMETRIC_REPRESENTATION_CONTEXT(2) 
PARAMETRIC_REPRESENTATION_CONTEXT() REPRESENTATION_CONTEXT('2D SPACE',''
  ) );
#11808 = PCURVE('',#864,#11809);
#11809 = DEFINITIONAL_REPRESENTATION('',(#11810),#11814);
#11810 = LINE('',#11811,#11812);
#11811 = CARTESIAN_POINT('',(9.49,-2.861022950218E-07));
#11812 = VECTOR('',#11813,1.);
#11813 = DIRECTION('',(-1.,0.));
#11814 = ( GEOMETRIC_REPRESENTATION_CONTEXT(2) 
PARAMETRIC_REPRESENTATION_CONTEXT() REPRESENTATION_CONTEXT('2D SPACE',''
  ) );
#11815 = ORIENTED_EDGE('',*,*,#10904,.F.);
#11816 = ORIENTED_EDGE('',*,*,#10627,.F.);
#11817 = ORIENTED_EDGE('',*,*,#11766,.F.);
#11818 = ORIENTED_EDGE('',*,*,#11819,.F.);
#11819 = EDGE_CURVE('',#11820,#11664,#11822,.T.);
#11820 = VERTEX_POINT('',#11821);
#11821 = CARTESIAN_POINT('',(33.9,41.96,-0.449999713898));
#11822 = SURFACE_CURVE('',#11823,(#11827,#11834),.PCURVE_S1.);
#11823 = LINE('',#11824,#11825);
#11824 = CARTESIAN_POINT('',(33.9,13.49,-0.449999713898));
#11825 = VECTOR('',#11826,1.);
#11826 = DIRECTION('',(-9.958396954279E-17,-1.,0.));
#11827 = PCURVE('',#4230,#11828);
#11828 = DEFINITIONAL_REPRESENTATION('',(#11829),#11833);
#11829 = LINE('',#11830,#11831);
#11830 = CARTESIAN_POINT('',(-17.,9.49));
#11831 = VECTOR('',#11832,1.);
#11832 = DIRECTION('',(9.958396954279E-17,1.));
#11833 = ( GEOMETRIC_REPRESENTATION_CONTEXT(2) 
PARAMETRIC_REPRESENTATION_CONTEXT() REPRESENTATION_CONTEXT('2D SPACE',''
  ) );
#11834 = PCURVE('',#986,#11835);
#11835 = DEFINITIONAL_REPRESENTATION('',(#11836),#11840);
#11836 = LINE('',#11837,#11838);
#11837 = CARTESIAN_POINT('',(9.49,-2.861022950218E-07));
#11838 = VECTOR('',#11839,1.);
#11839 = DIRECTION('',(-1.,-0.));
#11840 = ( GEOMETRIC_REPRESENTATION_CONTEXT(2) 
PARAMETRIC_REPRESENTATION_CONTEXT() REPRESENTATION_CONTEXT('2D SPACE',''
  ) );
#11841 = ORIENTED_EDGE('',*,*,#11842,.F.);
#11842 = EDGE_CURVE('',#11843,#11820,#11845,.T.);
#11843 = VERTEX_POINT('',#11844);
#11844 = CARTESIAN_POINT('',(29.8,46.06,-0.449999713898));
#11845 = SURFACE_CURVE('',#11846,(#11851,#11862),.PCURVE_S1.);
#11846 = CIRCLE('',#11847,4.1);
#11847 = AXIS2_PLACEMENT_3D('',#11848,#11849,#11850);
#11848 = CARTESIAN_POINT('',(29.8,41.96,-0.449999713898));
#11849 = DIRECTION('',(0.,0.,-1.));
#11850 = DIRECTION('',(1.,0.,0.));
#11851 = PCURVE('',#4230,#11852);
#11852 = DEFINITIONAL_REPRESENTATION('',(#11853),#11861);
#11853 = ( BOUNDED_CURVE() B_SPLINE_CURVE(2,(#11854,#11855,#11856,#11857
    ,#11858,#11859,#11860),.UNSPECIFIED.,.T.,.F.) 
B_SPLINE_CURVE_WITH_KNOTS((1,2,2,2,2,1),(-2.094395102393,0.,
    2.094395102393,4.188790204786,6.28318530718,8.377580409573),
.UNSPECIFIED.) CURVE() GEOMETRIC_REPRESENTATION_ITEM() 
RATIONAL_B_SPLINE_CURVE((1.,0.5,1.,0.5,1.,0.5,1.)) REPRESENTATION_ITEM(
  '') );
#11854 = CARTESIAN_POINT('',(-17.,-18.98));
#11855 = CARTESIAN_POINT('',(-17.,-11.87859168896));
#11856 = CARTESIAN_POINT('',(-10.85,-15.42929584448));
#11857 = CARTESIAN_POINT('',(-4.7,-18.98));
#11858 = CARTESIAN_POINT('',(-10.85,-22.53070415551));
#11859 = CARTESIAN_POINT('',(-17.,-26.08140831103));
#11860 = CARTESIAN_POINT('',(-17.,-18.98));
#11861 = ( GEOMETRIC_REPRESENTATION_CONTEXT(2) 
PARAMETRIC_REPRESENTATION_CONTEXT() REPRESENTATION_CONTEXT('2D SPACE',''
  ) );
#11862 = PCURVE('',#958,#11863);
#11863 = DEFINITIONAL_REPRESENTATION('',(#11864),#11868);
#11864 = LINE('',#11865,#11866);
#11865 = CARTESIAN_POINT('',(0.,-2.861022950218E-07));
#11866 = VECTOR('',#11867,1.);
#11867 = DIRECTION('',(1.,0.));
#11868 = ( GEOMETRIC_REPRESENTATION_CONTEXT(2) 
PARAMETRIC_REPRESENTATION_CONTEXT() REPRESENTATION_CONTEXT('2D SPACE',''
  ) );
#11869 = ORIENTED_EDGE('',*,*,#11870,.F.);
#11870 = EDGE_CURVE('',#11117,#11843,#11871,.T.);
#11871 = SURFACE_CURVE('',#11872,(#11876,#11883),.PCURVE_S1.);
#11872 = LINE('',#11873,#11874);
#11873 = CARTESIAN_POINT('',(23.35,46.06,-0.449999713898));
#11874 = VECTOR('',#11875,1.);
#11875 = DIRECTION('',(1.,-3.442552014342E-16,0.));
#11876 = PCURVE('',#4230,#11877);
#11877 = DEFINITIONAL_REPRESENTATION('',(#11878),#11882);
#11878 = LINE('',#11879,#11880);
#11879 = CARTESIAN_POINT('',(-6.45,-23.08));
#11880 = VECTOR('',#11881,1.);
#11881 = DIRECTION('',(-1.,3.442552014342E-16));
#11882 = ( GEOMETRIC_REPRESENTATION_CONTEXT(2) 
PARAMETRIC_REPRESENTATION_CONTEXT() REPRESENTATION_CONTEXT('2D SPACE',''
  ) );
#11883 = PCURVE('',#925,#11884);
#11884 = DEFINITIONAL_REPRESENTATION('',(#11885),#11889);
#11885 = LINE('',#11886,#11887);
#11886 = CARTESIAN_POINT('',(6.45,-2.861022950218E-07));
#11887 = VECTOR('',#11888,1.);
#11888 = DIRECTION('',(-1.,-0.));
#11889 = ( GEOMETRIC_REPRESENTATION_CONTEXT(2) 
PARAMETRIC_REPRESENTATION_CONTEXT() REPRESENTATION_CONTEXT('2D SPACE',''
  ) );
#11890 = ORIENTED_EDGE('',*,*,#11139,.F.);
#11891 = FACE_BOUND('',#11892,.T.);
#11892 = EDGE_LOOP('',(#11893,#11894,#11895,#11896,#11897,#11898,#11899,
    #11900));
#11893 = ORIENTED_EDGE('',*,*,#4404,.T.);
#11894 = ORIENTED_EDGE('',*,*,#4378,.F.);
#11895 = ORIENTED_EDGE('',*,*,#4246,.T.);
#11896 = ORIENTED_EDGE('',*,*,#4215,.F.);
#11897 = ORIENTED_EDGE('',*,*,#5376,.T.);
#11898 = ORIENTED_EDGE('',*,*,#5201,.F.);
#11899 = ORIENTED_EDGE('',*,*,#4718,.F.);
#11900 = ORIENTED_EDGE('',*,*,#4665,.F.);
#11901 = FACE_BOUND('',#11902,.T.);
#11902 = EDGE_LOOP('',(#11903));
#11903 = ORIENTED_EDGE('',*,*,#10749,.F.);
#11904 = FACE_BOUND('',#11905,.T.);
#11905 = EDGE_LOOP('',(#11906));
#11906 = ORIENTED_EDGE('',*,*,#10799,.F.);
#11907 = FACE_BOUND('',#11908,.T.);
#11908 = EDGE_LOOP('',(#11909));
#11909 = ORIENTED_EDGE('',*,*,#10600,.F.);
#11910 = FACE_BOUND('',#11911,.T.);
#11911 = EDGE_LOOP('',(#11912));
#11912 = ORIENTED_EDGE('',*,*,#10550,.F.);
#11913 = ADVANCED_FACE('',(#11914),#925,.T.);
#11914 = FACE_BOUND('',#11915,.T.);
#11915 = EDGE_LOOP('',(#11916,#11917,#11938,#11939,#11960));
#11916 = ORIENTED_EDGE('',*,*,#11870,.T.);
#11917 = ORIENTED_EDGE('',*,*,#11918,.F.);
#11918 = EDGE_CURVE('',#910,#11843,#11919,.T.);
#11919 = SURFACE_CURVE('',#11920,(#11924,#11931),.PCURVE_S1.);
#11920 = LINE('',#11921,#11922);
#11921 = CARTESIAN_POINT('',(29.8,46.06,-0.45));
#11922 = VECTOR('',#11923,1.);
#11923 = DIRECTION('',(0.,0.,-1.));
#11924 = PCURVE('',#925,#11925);
#11925 = DEFINITIONAL_REPRESENTATION('',(#11926),#11930);
#11926 = LINE('',#11927,#11928);
#11927 = CARTESIAN_POINT('',(0.,0.));
#11928 = VECTOR('',#11929,1.);
#11929 = DIRECTION('',(0.,1.));
#11930 = ( GEOMETRIC_REPRESENTATION_CONTEXT(2) 
PARAMETRIC_REPRESENTATION_CONTEXT() REPRESENTATION_CONTEXT('2D SPACE',''
  ) );
#11931 = PCURVE('',#958,#11932);
#11932 = DEFINITIONAL_REPRESENTATION('',(#11933),#11937);
#11933 = LINE('',#11934,#11935);
#11934 = CARTESIAN_POINT('',(4.712388980385,0.));
#11935 = VECTOR('',#11936,1.);
#11936 = DIRECTION('',(0.,1.));
#11937 = ( GEOMETRIC_REPRESENTATION_CONTEXT(2) 
PARAMETRIC_REPRESENTATION_CONTEXT() REPRESENTATION_CONTEXT('2D SPACE',''
  ) );
#11938 = ORIENTED_EDGE('',*,*,#909,.T.);
#11939 = ORIENTED_EDGE('',*,*,#11940,.F.);
#11940 = EDGE_CURVE('',#11094,#877,#11941,.T.);
#11941 = SURFACE_CURVE('',#11942,(#11946,#11953),.PCURVE_S1.);
#11942 = LINE('',#11943,#11944);
#11943 = CARTESIAN_POINT('',(4.000000207424,46.06,1.9925));
#11944 = VECTOR('',#11945,1.);
#11945 = DIRECTION('',(-1.387778780781E-17,4.77750063724E-33,1.));
#11946 = PCURVE('',#925,#11947);
#11947 = DEFINITIONAL_REPRESENTATION('',(#11948),#11952);
#11948 = LINE('',#11949,#11950);
#11949 = CARTESIAN_POINT('',(25.799999792576,-2.4425));
#11950 = VECTOR('',#11951,1.);
#11951 = DIRECTION('',(1.387778780781E-17,-1.));
#11952 = ( GEOMETRIC_REPRESENTATION_CONTEXT(2) 
PARAMETRIC_REPRESENTATION_CONTEXT() REPRESENTATION_CONTEXT('2D SPACE',''
  ) );
#11953 = PCURVE('',#897,#11954);
#11954 = DEFINITIONAL_REPRESENTATION('',(#11955),#11959);
#11955 = LINE('',#11956,#11957);
#11956 = CARTESIAN_POINT('',(5.497787143782,0.));
#11957 = VECTOR('',#11958,1.);
#11958 = DIRECTION('',(0.,1.));
#11959 = ( GEOMETRIC_REPRESENTATION_CONTEXT(2) 
PARAMETRIC_REPRESENTATION_CONTEXT() REPRESENTATION_CONTEXT('2D SPACE',''
  ) );
#11960 = ORIENTED_EDGE('',*,*,#11116,.T.);
#11961 = ADVANCED_FACE('',(#11962),#897,.F.);
#11962 = FACE_BOUND('',#11963,.F.);
#11963 = EDGE_LOOP('',(#11964,#11965,#11966,#11996,#12017));
#11964 = ORIENTED_EDGE('',*,*,#11940,.F.);
#11965 = ORIENTED_EDGE('',*,*,#11093,.F.);
#11966 = ORIENTED_EDGE('',*,*,#11967,.F.);
#11967 = EDGE_CURVE('',#11968,#11067,#11970,.T.);
#11968 = VERTEX_POINT('',#11969);
#11969 = CARTESIAN_POINT('',(-9.999999971551E-02,41.96,1.6));
#11970 = SURFACE_CURVE('',#11971,(#11976,#11983),.PCURVE_S1.);
#11971 = CIRCLE('',#11972,4.1);
#11972 = AXIS2_PLACEMENT_3D('',#11973,#11974,#11975);
#11973 = CARTESIAN_POINT('',(4.000000207424,41.96,1.6));
#11974 = DIRECTION('',(0.,0.,-1.));
#11975 = DIRECTION('',(-0.707106781187,0.707106781187,0.));
#11976 = PCURVE('',#897,#11977);
#11977 = DEFINITIONAL_REPRESENTATION('',(#11978),#11982);
#11978 = LINE('',#11979,#11980);
#11979 = CARTESIAN_POINT('',(12.566370614359,-0.3925));
#11980 = VECTOR('',#11981,1.);
#11981 = DIRECTION('',(-1.,0.));
#11982 = ( GEOMETRIC_REPRESENTATION_CONTEXT(2) 
PARAMETRIC_REPRESENTATION_CONTEXT() REPRESENTATION_CONTEXT('2D SPACE',''
  ) );
#11983 = PCURVE('',#864,#11984);
#11984 = DEFINITIONAL_REPRESENTATION('',(#11985),#11995);
#11985 = B_SPLINE_CURVE_WITH_KNOTS('',8,(#11986,#11987,#11988,#11989,
    #11990,#11991,#11992,#11993,#11994),.UNSPECIFIED.,.F.,.F.,(9,9),(
    5.497787143782,5.505480915842),.PIECEWISE_BEZIER_KNOTS.);
#11986 = CARTESIAN_POINT('',(0.,-2.05));
#11987 = CARTESIAN_POINT('',(-3.943058180553E-03,-2.05));
#11988 = CARTESIAN_POINT('',(-7.886116355657E-03,-2.049999999999));
#11989 = CARTESIAN_POINT('',(-1.182916900783E-02,-2.050000000005));
#11990 = CARTESIAN_POINT('',(-1.577221042593E-02,-2.04999999999));
#11991 = CARTESIAN_POINT('',(-1.97152353276E-02,-2.050000000007));
#11992 = CARTESIAN_POINT('',(-2.365823795029E-02,-2.049999999999));
#11993 = CARTESIAN_POINT('',(-2.760121275932E-02,-2.05));
#11994 = CARTESIAN_POINT('',(-3.154415423751E-02,-2.05));
#11995 = ( GEOMETRIC_REPRESENTATION_CONTEXT(2) 
PARAMETRIC_REPRESENTATION_CONTEXT() REPRESENTATION_CONTEXT('2D SPACE',''
  ) );
#11996 = ORIENTED_EDGE('',*,*,#11997,.F.);
#11997 = EDGE_CURVE('',#849,#11968,#11998,.T.);
#11998 = SURFACE_CURVE('',#11999,(#12003,#12010),.PCURVE_S1.);
#11999 = LINE('',#12000,#12001);
#12000 = CARTESIAN_POINT('',(-9.999979257577E-02,41.96,1.9925));
#12001 = VECTOR('',#12002,1.);
#12002 = DIRECTION('',(1.387778780781E-17,-4.77750063724E-33,-1.));
#12003 = PCURVE('',#897,#12004);
#12004 = DEFINITIONAL_REPRESENTATION('',(#12005),#12009);
#12005 = LINE('',#12006,#12007);
#12006 = CARTESIAN_POINT('',(7.068583470577,0.));
#12007 = VECTOR('',#12008,1.);
#12008 = DIRECTION('',(0.,-1.));
#12009 = ( GEOMETRIC_REPRESENTATION_CONTEXT(2) 
PARAMETRIC_REPRESENTATION_CONTEXT() REPRESENTATION_CONTEXT('2D SPACE',''
  ) );
#12010 = PCURVE('',#864,#12011);
#12011 = DEFINITIONAL_REPRESENTATION('',(#12012),#12016);
#12012 = LINE('',#12013,#12014);
#12013 = CARTESIAN_POINT('',(0.,-2.4425));
#12014 = VECTOR('',#12015,1.);
#12015 = DIRECTION('',(2.939554968809E-32,1.));
#12016 = ( GEOMETRIC_REPRESENTATION_CONTEXT(2) 
PARAMETRIC_REPRESENTATION_CONTEXT() REPRESENTATION_CONTEXT('2D SPACE',''
  ) );
#12017 = ORIENTED_EDGE('',*,*,#876,.F.);
#12018 = ADVANCED_FACE('',(#12019),#864,.T.);
#12019 = FACE_BOUND('',#12020,.T.);
#12020 = EDGE_LOOP('',(#12021,#12022,#12023,#12024,#12025,#12026,#12027,
    #12048,#12049,#12050,#12051,#12052,#12053,#12054,#12055,#12056,
    #12057,#12058));
#12021 = ORIENTED_EDGE('',*,*,#11795,.T.);
#12022 = ORIENTED_EDGE('',*,*,#11036,.F.);
#12023 = ORIENTED_EDGE('',*,*,#11066,.F.);
#12024 = ORIENTED_EDGE('',*,*,#11967,.F.);
#12025 = ORIENTED_EDGE('',*,*,#11997,.F.);
#12026 = ORIENTED_EDGE('',*,*,#848,.T.);
#12027 = ORIENTED_EDGE('',*,*,#12028,.T.);
#12028 = EDGE_CURVE('',#821,#6509,#12029,.T.);
#12029 = SURFACE_CURVE('',#12030,(#12034,#12041),.PCURVE_S1.);
#12030 = LINE('',#12031,#12032);
#12031 = CARTESIAN_POINT('',(-0.100000207424,40.980000157356,
    3.542500095367));
#12032 = VECTOR('',#12033,1.);
#12033 = DIRECTION('',(2.775557561562E-17,7.404956277786E-15,-1.));
#12034 = PCURVE('',#864,#12035);
#12035 = DEFINITIONAL_REPRESENTATION('',(#12036),#12040);
#12036 = LINE('',#12037,#12038);
#12037 = CARTESIAN_POINT('',(0.979999842644,-3.992500095367));
#12038 = VECTOR('',#12039,1.);
#12039 = DIRECTION('',(-7.404956277786E-15,1.));
#12040 = ( GEOMETRIC_REPRESENTATION_CONTEXT(2) 
PARAMETRIC_REPRESENTATION_CONTEXT() REPRESENTATION_CONTEXT('2D SPACE',''
  ) );
#12041 = PCURVE('',#836,#12042);
#12042 = DEFINITIONAL_REPRESENTATION('',(#12043),#12047);
#12043 = LINE('',#12044,#12045);
#12044 = CARTESIAN_POINT('',(1.307500095367,1.599998645782));
#12045 = VECTOR('',#12046,1.);
#12046 = DIRECTION('',(-1.,-9.860761315263E-32));
#12047 = ( GEOMETRIC_REPRESENTATION_CONTEXT(2) 
PARAMETRIC_REPRESENTATION_CONTEXT() REPRESENTATION_CONTEXT('2D SPACE',''
  ) );
#12048 = ORIENTED_EDGE('',*,*,#6508,.T.);
#12049 = ORIENTED_EDGE('',*,*,#11170,.T.);
#12050 = ORIENTED_EDGE('',*,*,#3609,.T.);
#12051 = ORIENTED_EDGE('',*,*,#11011,.T.);
#12052 = ORIENTED_EDGE('',*,*,#6381,.T.);
#12053 = ORIENTED_EDGE('',*,*,#10984,.T.);
#12054 = ORIENTED_EDGE('',*,*,#2055,.T.);
#12055 = ORIENTED_EDGE('',*,*,#10933,.F.);
#12056 = ORIENTED_EDGE('',*,*,#10956,.F.);
#12057 = ORIENTED_EDGE('',*,*,#10857,.F.);
#12058 = ORIENTED_EDGE('',*,*,#10881,.T.);
#12059 = ADVANCED_FACE('',(#12060),#836,.F.);
#12060 = FACE_BOUND('',#12061,.T.);
#12061 = EDGE_LOOP('',(#12062,#12063,#12064,#12065));
#12062 = ORIENTED_EDGE('',*,*,#6432,.F.);
#12063 = ORIENTED_EDGE('',*,*,#6531,.F.);
#12064 = ORIENTED_EDGE('',*,*,#12028,.F.);
#12065 = ORIENTED_EDGE('',*,*,#820,.T.);
#12066 = ADVANCED_FACE('',(#12067),#1014,.F.);
#12067 = FACE_BOUND('',#12068,.T.);
#12068 = EDGE_LOOP('',(#12069,#12070,#12071,#12092));
#12069 = ORIENTED_EDGE('',*,*,#6095,.F.);
#12070 = ORIENTED_EDGE('',*,*,#998,.T.);
#12071 = ORIENTED_EDGE('',*,*,#12072,.F.);
#12072 = EDGE_CURVE('',#6613,#971,#12073,.T.);
#12073 = SURFACE_CURVE('',#12074,(#12078,#12085),.PCURVE_S1.);
#12074 = LINE('',#12075,#12076);
#12075 = CARTESIAN_POINT('',(33.9,40.98000014782,1.292500095367));
#12076 = VECTOR('',#12077,1.);
#12077 = DIRECTION('',(7.370694391332E-31,7.401486830834E-15,1.));
#12078 = PCURVE('',#1014,#12079);
#12079 = DEFINITIONAL_REPRESENTATION('',(#12080),#12084);
#12080 = LINE('',#12081,#12082);
#12081 = CARTESIAN_POINT('',(1.242499904633,1.599998836517));
#12082 = VECTOR('',#12083,1.);
#12083 = DIRECTION('',(-1.,8.466067047205E-32));
#12084 = ( GEOMETRIC_REPRESENTATION_CONTEXT(2) 
PARAMETRIC_REPRESENTATION_CONTEXT() REPRESENTATION_CONTEXT('2D SPACE',''
  ) );
#12085 = PCURVE('',#986,#12086);
#12086 = DEFINITIONAL_REPRESENTATION('',(#12087),#12091);
#12087 = LINE('',#12088,#12089);
#12088 = CARTESIAN_POINT('',(36.98000014782,-1.742500095367));
#12089 = VECTOR('',#12090,1.);
#12090 = DIRECTION('',(7.401486830834E-15,-1.));
#12091 = ( GEOMETRIC_REPRESENTATION_CONTEXT(2) 
PARAMETRIC_REPRESENTATION_CONTEXT() REPRESENTATION_CONTEXT('2D SPACE',''
  ) );
#12092 = ORIENTED_EDGE('',*,*,#6612,.T.);
#12093 = ADVANCED_FACE('',(#12094),#986,.T.);
#12094 = FACE_BOUND('',#12095,.T.);
#12095 = EDGE_LOOP('',(#12096,#12097,#12098,#12099,#12100,#12101,#12102,
    #12103,#12104,#12105,#12126,#12127,#12128,#12129,#12130,#12131,
    #12132,#12133,#12134,#12135,#12136,#12137,#12138,#12161,#12183,
    #12207));
#12096 = ORIENTED_EDGE('',*,*,#11819,.T.);
#12097 = ORIENTED_EDGE('',*,*,#11661,.F.);
#12098 = ORIENTED_EDGE('',*,*,#11686,.F.);
#12099 = ORIENTED_EDGE('',*,*,#11713,.F.);
#12100 = ORIENTED_EDGE('',*,*,#11743,.F.);
#12101 = ORIENTED_EDGE('',*,*,#1938,.T.);
#12102 = ORIENTED_EDGE('',*,*,#11636,.T.);
#12103 = ORIENTED_EDGE('',*,*,#6762,.T.);
#12104 = ORIENTED_EDGE('',*,*,#11609,.T.);
#12105 = ORIENTED_EDGE('',*,*,#12106,.T.);
#12106 = EDGE_CURVE('',#11587,#11532,#12107,.T.);
#12107 = SURFACE_CURVE('',#12108,(#12112,#12119),.PCURVE_S1.);
#12108 = LINE('',#12109,#12110);
#12109 = CARTESIAN_POINT('',(33.9,16.37999982797,2.385));
#12110 = VECTOR('',#12111,1.);
#12111 = DIRECTION('',(9.958396954279E-17,1.,-1.067522139063E-16));
#12112 = PCURVE('',#986,#12113);
#12113 = DEFINITIONAL_REPRESENTATION('',(#12114),#12118);
#12114 = LINE('',#12115,#12116);
#12115 = CARTESIAN_POINT('',(12.37999982797,-2.835));
#12116 = VECTOR('',#12117,1.);
#12117 = DIRECTION('',(1.,1.067522139063E-16));
#12118 = ( GEOMETRIC_REPRESENTATION_CONTEXT(2) 
PARAMETRIC_REPRESENTATION_CONTEXT() REPRESENTATION_CONTEXT('2D SPACE',''
  ) );
#12119 = PCURVE('',#1386,#12120);
#12120 = DEFINITIONAL_REPRESENTATION('',(#12121),#12125);
#12121 = LINE('',#12122,#12123);
#12122 = CARTESIAN_POINT('',(-17.,-6.60000017203));
#12123 = VECTOR('',#12124,1.);
#12124 = DIRECTION('',(-9.958396954279E-17,1.));
#12125 = ( GEOMETRIC_REPRESENTATION_CONTEXT(2) 
PARAMETRIC_REPRESENTATION_CONTEXT() REPRESENTATION_CONTEXT('2D SPACE',''
  ) );
#12126 = ORIENTED_EDGE('',*,*,#11531,.T.);
#12127 = ORIENTED_EDGE('',*,*,#11482,.T.);
#12128 = ORIENTED_EDGE('',*,*,#11453,.T.);
#12129 = ORIENTED_EDGE('',*,*,#11379,.T.);
#12130 = ORIENTED_EDGE('',*,*,#11350,.T.);
#12131 = ORIENTED_EDGE('',*,*,#11276,.T.);
#12132 = ORIENTED_EDGE('',*,*,#11246,.T.);
#12133 = ORIENTED_EDGE('',*,*,#3140,.T.);
#12134 = ORIENTED_EDGE('',*,*,#11197,.T.);
#12135 = ORIENTED_EDGE('',*,*,#6635,.T.);
#12136 = ORIENTED_EDGE('',*,*,#12072,.T.);
#12137 = ORIENTED_EDGE('',*,*,#970,.T.);
#12138 = ORIENTED_EDGE('',*,*,#12139,.F.);
#12139 = EDGE_CURVE('',#12140,#938,#12142,.T.);
#12140 = VERTEX_POINT('',#12141);
#12141 = CARTESIAN_POINT('',(33.9,41.96,1.6));
#12142 = SURFACE_CURVE('',#12143,(#12147,#12154),.PCURVE_S1.);
#12143 = LINE('',#12144,#12145);
#12144 = CARTESIAN_POINT('',(33.9,41.96,1.9925));
#12145 = VECTOR('',#12146,1.);
#12146 = DIRECTION('',(0.,0.,1.));
#12147 = PCURVE('',#986,#12148);
#12148 = DEFINITIONAL_REPRESENTATION('',(#12149),#12153);
#12149 = LINE('',#12150,#12151);
#12150 = CARTESIAN_POINT('',(37.96,-2.4425));
#12151 = VECTOR('',#12152,1.);
#12152 = DIRECTION('',(0.,-1.));
#12153 = ( GEOMETRIC_REPRESENTATION_CONTEXT(2) 
PARAMETRIC_REPRESENTATION_CONTEXT() REPRESENTATION_CONTEXT('2D SPACE',''
  ) );
#12154 = PCURVE('',#958,#12155);
#12155 = DEFINITIONAL_REPRESENTATION('',(#12156),#12160);
#12156 = LINE('',#12157,#12158);
#12157 = CARTESIAN_POINT('',(6.28318530718,-2.4425));
#12158 = VECTOR('',#12159,1.);
#12159 = DIRECTION('',(0.,-1.));
#12160 = ( GEOMETRIC_REPRESENTATION_CONTEXT(2) 
PARAMETRIC_REPRESENTATION_CONTEXT() REPRESENTATION_CONTEXT('2D SPACE',''
  ) );
#12161 = ORIENTED_EDGE('',*,*,#12162,.F.);
#12162 = EDGE_CURVE('',#12163,#12140,#12165,.T.);
#12163 = VERTEX_POINT('',#12164);
#12164 = CARTESIAN_POINT('',(33.89991187934,41.998014282172,1.6));
#12165 = SURFACE_CURVE('',#12166,(#12170,#12177),.PCURVE_S1.);
#12166 = LINE('',#12167,#12168);
#12167 = CARTESIAN_POINT('',(33.9,29.579999901879,1.6));
#12168 = VECTOR('',#12169,1.);
#12169 = DIRECTION('',(-9.958396954279E-17,-1.,0.));
#12170 = PCURVE('',#986,#12171);
#12171 = DEFINITIONAL_REPRESENTATION('',(#12172),#12176);
#12172 = LINE('',#12173,#12174);
#12173 = CARTESIAN_POINT('',(25.579999901879,-2.05));
#12174 = VECTOR('',#12175,1.);
#12175 = DIRECTION('',(-1.,-0.));
#12176 = ( GEOMETRIC_REPRESENTATION_CONTEXT(2) 
PARAMETRIC_REPRESENTATION_CONTEXT() REPRESENTATION_CONTEXT('2D SPACE',''
  ) );
#12177 = PCURVE('',#958,#12178);
#12178 = DEFINITIONAL_REPRESENTATION('',(#12179),#12182);
#12179 = B_SPLINE_CURVE_WITH_KNOTS('',1,(#12180,#12181),.UNSPECIFIED.,
  .F.,.F.,(2,2),(-12.41801438029,-12.38000009812),
  .PIECEWISE_BEZIER_KNOTS.);
#12180 = CARTESIAN_POINT('',(6.273913796712,-2.05));
#12181 = CARTESIAN_POINT('',(6.28318530718,-2.05));
#12182 = ( GEOMETRIC_REPRESENTATION_CONTEXT(2) 
PARAMETRIC_REPRESENTATION_CONTEXT() REPRESENTATION_CONTEXT('2D SPACE',''
  ) );
#12183 = ORIENTED_EDGE('',*,*,#12184,.F.);
#12184 = EDGE_CURVE('',#12185,#12163,#12187,.T.);
#12185 = VERTEX_POINT('',#12186);
#12186 = CARTESIAN_POINT('',(33.9,41.96,1.497750386314));
#12187 = SURFACE_CURVE('',#12188,(#12193,#12201),.PCURVE_S1.);
#12188 = B_SPLINE_CURVE_WITH_KNOTS('',3,(#12189,#12190,#12191,#12192),
  .UNSPECIFIED.,.F.,.F.,(4,4),(0.693309426491,0.703465115872),
  .PIECEWISE_BEZIER_KNOTS.);
#12189 = CARTESIAN_POINT('',(33.9,41.96,1.497750386314));
#12190 = CARTESIAN_POINT('',(33.9,41.973422876653,1.531486865615));
#12191 = CARTESIAN_POINT('',(33.899934173344,41.98610692579,
    1.565597763508));
#12192 = CARTESIAN_POINT('',(33.899823766255,41.998014282172,1.6));
#12193 = PCURVE('',#986,#12194);
#12194 = DEFINITIONAL_REPRESENTATION('',(#12195),#12200);
#12195 = B_SPLINE_CURVE_WITH_KNOTS('',3,(#12196,#12197,#12198,#12199),
  .UNSPECIFIED.,.F.,.F.,(4,4),(0.693309426491,0.703465115872),
  .PIECEWISE_BEZIER_KNOTS.);
#12196 = CARTESIAN_POINT('',(37.96,-1.947750386314));
#12197 = CARTESIAN_POINT('',(37.973422876653,-1.981486865615));
#12198 = CARTESIAN_POINT('',(37.98610692579,-2.015597763508));
#12199 = CARTESIAN_POINT('',(37.998014282172,-2.05));
#12200 = ( GEOMETRIC_REPRESENTATION_CONTEXT(2) 
PARAMETRIC_REPRESENTATION_CONTEXT() REPRESENTATION_CONTEXT('2D SPACE',''
  ) );
#12201 = PCURVE('',#958,#12202);
#12202 = DEFINITIONAL_REPRESENTATION('',(#12203),#12206);
#12203 = B_SPLINE_CURVE_WITH_KNOTS('',1,(#12204,#12205),.UNSPECIFIED.,
  .F.,.F.,(2,2),(0.693309426491,0.703465091023),
  .PIECEWISE_BEZIER_KNOTS.);
#12204 = CARTESIAN_POINT('',(6.28318530718,-1.947750386314));
#12205 = CARTESIAN_POINT('',(6.273913419511,-2.049999747474));
#12206 = ( GEOMETRIC_REPRESENTATION_CONTEXT(2) 
PARAMETRIC_REPRESENTATION_CONTEXT() REPRESENTATION_CONTEXT('2D SPACE',''
  ) );
#12207 = ORIENTED_EDGE('',*,*,#12208,.T.);
#12208 = EDGE_CURVE('',#12185,#11820,#12209,.T.);
#12209 = SURFACE_CURVE('',#12210,(#12214,#12221),.PCURVE_S1.);
#12210 = LINE('',#12211,#12212);
#12211 = CARTESIAN_POINT('',(33.9,41.96,-0.45));
#12212 = VECTOR('',#12213,1.);
#12213 = DIRECTION('',(0.,0.,-1.));
#12214 = PCURVE('',#986,#12215);
#12215 = DEFINITIONAL_REPRESENTATION('',(#12216),#12220);
#12216 = LINE('',#12217,#12218);
#12217 = CARTESIAN_POINT('',(37.96,0.));
#12218 = VECTOR('',#12219,1.);
#12219 = DIRECTION('',(0.,1.));
#12220 = ( GEOMETRIC_REPRESENTATION_CONTEXT(2) 
PARAMETRIC_REPRESENTATION_CONTEXT() REPRESENTATION_CONTEXT('2D SPACE',''
  ) );
#12221 = PCURVE('',#958,#12222);
#12222 = DEFINITIONAL_REPRESENTATION('',(#12223),#12227);
#12223 = LINE('',#12224,#12225);
#12224 = CARTESIAN_POINT('',(6.28318530718,0.));
#12225 = VECTOR('',#12226,1.);
#12226 = DIRECTION('',(0.,1.));
#12227 = ( GEOMETRIC_REPRESENTATION_CONTEXT(2) 
PARAMETRIC_REPRESENTATION_CONTEXT() REPRESENTATION_CONTEXT('2D SPACE',''
  ) );
#12228 = ADVANCED_FACE('',(#12229),#958,.F.);
#12229 = FACE_BOUND('',#12230,.F.);
#12230 = EDGE_LOOP('',(#12231,#12232,#12233,#12234,#12235,#12236,#12237)
  );
#12231 = ORIENTED_EDGE('',*,*,#11918,.F.);
#12232 = ORIENTED_EDGE('',*,*,#937,.F.);
#12233 = ORIENTED_EDGE('',*,*,#12139,.F.);
#12234 = ORIENTED_EDGE('',*,*,#12162,.F.);
#12235 = ORIENTED_EDGE('',*,*,#12184,.F.);
#12236 = ORIENTED_EDGE('',*,*,#12208,.T.);
#12237 = ORIENTED_EDGE('',*,*,#11842,.F.);
#12238 = ADVANCED_FACE('',(#12239),#1386,.F.);
#12239 = FACE_BOUND('',#12240,.T.);
#12240 = EDGE_LOOP('',(#12241,#12242,#12243,#12244,#12245,#12246,#12247,
    #12248,#12249,#12250));
#12241 = ORIENTED_EDGE('',*,*,#7568,.F.);
#12242 = ORIENTED_EDGE('',*,*,#11561,.F.);
#12243 = ORIENTED_EDGE('',*,*,#12106,.F.);
#12244 = ORIENTED_EDGE('',*,*,#11586,.F.);
#12245 = ORIENTED_EDGE('',*,*,#5435,.F.);
#12246 = ORIENTED_EDGE('',*,*,#5645,.T.);
#12247 = ORIENTED_EDGE('',*,*,#7848,.F.);
#12248 = ORIENTED_EDGE('',*,*,#1715,.F.);
#12249 = ORIENTED_EDGE('',*,*,#1341,.F.);
#12250 = ORIENTED_EDGE('',*,*,#1606,.T.);
#12251 = ( GEOMETRIC_REPRESENTATION_CONTEXT(3) 
GLOBAL_UNCERTAINTY_ASSIGNED_CONTEXT((#12255)) 
GLOBAL_UNIT_ASSIGNED_CONTEXT((#12252,#12253,#12254)) 
REPRESENTATION_CONTEXT('Context #1',
  '3D Context with UNIT and UNCERTAINTY') );
#12252 = ( LENGTH_UNIT() NAMED_UNIT(*) SI_UNIT(.MILLI.,.METRE.) );
#12253 = ( NAMED_UNIT(*) PLANE_ANGLE_UNIT() SI_UNIT($,.RADIAN.) );
#12254 = ( NAMED_UNIT(*) SI_UNIT($,.STERADIAN.) SOLID_ANGLE_UNIT() );
#12255 = UNCERTAINTY_MEASURE_WITH_UNIT(LENGTH_MEASURE(2.E-04),#12252,
  'distance_accuracy_value','confusion accuracy');
#12256 = PRODUCT_RELATED_PRODUCT_CATEGORY('part',$,(#7));
ENDSEC;
END-ISO-10303-21;
